Unnamed: 0,property_type,sector,society,price,price_per_sqft,built_up_area,bedRoom,bathroom,balcony,floorNum,agePossession,study room,servant room,store room,pooja room,others,furnishing_type,luxury_score,coordinates,latitude,longitude
0,flat,sector 86,ansal heights 86,0.78,5735.29,1360.0,2,2,2,8.0,New Property,0,0,0,0,0,1,72,"28.3986° N, 76.9384° E",28.3986,76.9384
1,flat,sector 103,indiabulls centrum park,1.05,5859.38,1365.0,2,2,3,1.0,Relatively New,0,0,0,0,0,2,51,"28.4949° N, 76.9845° E",28.4949,76.9845
3,flat,sector 69,tulip violet,2.05,9951.46,1889.0,4,4,2,0.0,Relatively New,0,0,0,0,0,1,157,"28.3966° N, 77.0341° E",28.3966,77.0341
5,flat,sector 92,bestech park view sanskruti,1.83,7870.97,2104.0,4,3,3,8.0,New Property,0,1,0,0,0,1,128,"28.4079° N, 76.9153° E",28.4079,76.9153
6,flat,sector 56,the castle society,2.0,8695.65,2081.0,4,4,2,4.0,Under Construction,0,0,0,0,0,1,0,"28.4245° N, 77.0991° E",28.4245,77.0991
8,flat,sector 43,silverglades hightown residences,4.2,19764.71,2125.0,3,4,2,7.0,Under Construction,0,0,0,0,0,1,42,"28.4629° N, 77.0772° E",28.4629,77.0772
9,house,sector 9,independent,0.6,10752.69,558.0,3,3,1,2.0,Relatively New,0,0,0,0,0,1,0,"28.4603° N, 77.0000° E",28.4603,77.0
11,house,sector 23,independent,4.0,16006.4,2430.0,3,3,2,2.0,Moderately Old,0,1,0,0,0,2,115,"28.5121° N, 77.0478° E",28.5121,77.0478
12,flat,sector 69,tulip violet,1.37,8676.38,1568.0,3,3,1,12.0,Relatively New,0,0,0,1,0,1,95,"28.3966° N, 77.0341° E",28.3966,77.0341
13,flat,sector 33,godrej nature plus,1.65,8266.53,2218.0,3,3,3,2.0,Under Construction,0,1,0,0,0,1,37,"28.4420° N, 77.0207° E",28.442,77.0207
14,flat,sector 12,bhagwati sadan,1.15,5499.76,2000.0,3,4,2,2.0,Old Property,0,1,0,0,1,1,0,"28.4723° N, 77.0320° E",28.4723,77.032
15,flat,sector 92,sare crescent parc royal greens phase 1,1.25,5832.94,1939.0,4,4,3,20.0,Relatively New,0,1,0,0,0,1,60,"28.4079° N, 76.9153° E",28.4079,76.9153
16,flat,sector 89,tulip petals,1.1,7096.77,1550.0,3,2,3,4.0,New Property,0,0,0,0,0,1,0,"28.4253° N, 76.9439° E",28.4253,76.9439
17,flat,sector 93,signature global orchard avenue,0.36,6716.42,604.0,2,2,2,6.0,Relatively New,0,0,0,0,0,1,16,"28.4153° N, 76.9326° E",28.4153,76.9326
18,flat,sector 37d,signature global city 37d ph 2,1.36,8848.41,1535.0,3,3,3,1.0,Under Construction,0,0,0,1,1,1,37,"28.4478° N, 76.9703° E",28.4478,76.9703
19,flat,sector 69,tulip violet,1.65,8870.97,1578.0,3,3,2,1.0,Relatively New,0,0,0,0,0,2,69,"28.3966° N, 77.0341° E",28.3966,77.0341
20,house,sector 7,shivpuri,2.4,8888.89,2700.0,10,5,3,2.0,Old Property,1,1,0,1,0,1,8,"28.4644° N, 77.0143° E",28.4644,77.0143
21,flat,sector 89,ats marigold,1.5,8498.58,1480.0,3,3,3,5.0,Under Construction,0,0,0,0,0,1,96,"28.4253° N, 76.9439° E",28.4253,76.9439
22,flat,sector 88a,godrej oasis,1.3,7258.51,1990.0,3,3,3+,4.0,Relatively New,0,0,0,0,0,1,79,"28.4347° N, 76.9557° E",28.4347,76.9557
23,flat,sector 65,m3m latitude,4.7,19747.9,2380.0,3,3,3+,9.0,Relatively New,0,1,0,1,0,2,44,"28.4030° N, 77.0690° E",28.403,77.069
24,house,sector 43,independent,5.3,27390.18,1935.0,3,9,3+,3.0,Moderately Old,0,1,0,0,0,2,71,"28.4629° N, 77.0772° E",28.4629,77.0772
25,house,sector 92,sare crescent parc royal greens phase 1,0.85,4876.65,1743.0,4,4,3,4.0,Relatively New,0,0,0,0,0,1,0,"28.4079° N, 76.9153° E",28.4079,76.9153
26,flat,sector 37c,ild grand,1.2,6593.41,1647.0,3,3,3,7.0,Under Construction,0,0,0,0,0,1,24,"28.4515° N, 76.9882° E",28.4515,76.9882
27,flat,sector 103,indiabulls centrum park,2.36,9182.88,2729.0,4,6,3+,8.0,Relatively New,0,1,0,0,0,2,159,"28.4949° N, 76.9845° E",28.4949,76.9845
28,flat,sector 85,orris carnation residency,0.9,4531.72,1575.0,4,4,3,8.0,Moderately Old,0,0,0,0,0,2,40,"28.4042° N, 76.9513° E",28.4042,76.9513
29,flat,sector 68,pareena mi casa,1.7,8500.0,1809.0,4,4,3+,23.0,New Property,0,0,0,0,0,1,88,"28.3853° N, 77.0484° E",28.3853,77.0484
30,house,sector 4,independent,0.85,7522.12,1130.0,3,3,0,1.0,Moderately Old,0,0,0,0,0,1,0,"28.4738° N, 77.0107° E",28.4738,77.0107
31,flat,sector 67,m3m merlin,2.98,14557.89,2047.0,3,3,3,0.0,Relatively New,0,0,0,0,1,2,49,"28.3859° N, 77.0608° E",28.3859,77.0608
32,flat,sector 67a,pyramid urban,0.7,11844.33,657.0,2,2,1,14.0,New Property,0,0,0,0,0,1,44,"28.3960° N, 77.0372° E",28.396,77.0372
33,flat,sector 83,vatika gurgaon,0.84,6746.99,1127.0,2,2,2,7.0,Moderately Old,0,0,0,0,0,2,157,"28.3986° N, 76.9647° E",28.3986,76.9647
34,flat,sector 106,paras dews,0.92,6642.6,940.0,2,2,3+,2.0,Relatively New,0,0,0,0,0,1,174,"28.5007° N, 77.0003° E",28.5007,77.0003
35,house,sector 66,emaar mgf marbella,12.0,38095.24,3150.0,5,6,3+,4.0,New Property,0,1,0,1,0,1,38,"28.3925° N, 77.0541° E",28.3925,77.0541
37,flat,sector 33,godrej nature plus,1.07,7725.63,1253.0,2,2,2,14.0,Under Construction,0,0,0,0,0,1,68,"28.4420° N, 77.0207° E",28.442,77.0207
38,flat,sector 24,ambience caitriona,14.0,22222.22,6300.0,4,5,3,3.0,Old Property,0,0,0,0,0,1,0,"28.4939° N, 77.1038° E",28.4939,77.1038
39,house,sector 4,independent,0.47,10609.48,50.0,2,2,1,2.0,New Property,1,0,0,0,0,2,73,"28.4738° N, 77.0107° E",28.4738,77.0107
40,house,sector 82,vatika india next,7.0,21604.94,3900.0,4,4,3+,3.0,Relatively New,0,1,0,0,0,0,105,"28.3935° N, 76.9600° E",28.3935,76.96
41,flat,sector 49,orchid petals,2.38,11497.58,2061.0,3,4,3,1.0,Relatively New,1,0,0,0,0,1,49,"28.4121° N, 77.0480° E",28.4121,77.048
42,flat,sector 89,smart world gems,0.85,7706.26,1226.0,2,2,2,2.0,Under Construction,1,0,0,0,0,1,45,"28.4253° N, 76.9439° E",28.4253,76.9439
43,flat,sector 108,experion the heartsong,1.2,6825.94,1275.53,3,3,3+,10.0,Relatively New,1,0,0,0,0,1,93,"28.5134° N, 76.9830° E",28.5134,76.983
44,flat,sector 102,suncity avenue,0.47,8935.36,582.0,2,2,1,5.0,Relatively New,0,0,1,0,0,1,142,"28.4750° N, 76.9715° E",28.475,76.9715
45,flat,sector 89,smart world gems,0.95,8597.29,1226.0,2,2,2,4.0,New Property,1,1,0,0,0,1,38,"28.4253° N, 76.9439° E",28.4253,76.9439
46,house,sector 48,vipul tatvam villa,7.25,22376.54,3240.0,4,4,3,2.0,Relatively New,1,1,1,1,0,2,103,"28.4177° N, 77.0359° E",28.4177,77.0359
47,flat,sector 81,dlf the ultima,2.3,10994.26,1893.0,3,4,3+,6.0,New Property,0,1,0,0,0,0,167,"28.3867° N, 76.9485° E",28.3867,76.9485
48,house,sector 38,independent,3.9,21241.83,1836.0,6,6,3+,3.0,Moderately Old,1,1,0,1,0,1,32,"28.4347° N, 77.0430° E",28.4347,77.043
49,flat,sector 90,dlf regal gardens,1.75,7900.68,2005.0,4,4,3+,3.0,Relatively New,0,0,0,0,1,1,6,"28.4085° N, 76.9369° E",28.4085,76.9369
50,flat,sector 69,tulip violet,1.55,9822.56,1428.0,3,3,2,0.0,Relatively New,0,0,0,1,0,2,129,"28.3966° N, 77.0341° E",28.3966,77.0341
51,flat,sector 92,bestech park view sanskruti,1.5,7812.5,1738.0,3,3,3,3.0,Relatively New,0,0,0,0,1,1,49,"28.4079° N, 76.9153° E",28.4079,76.9153
52,flat,sector 103,chintamani,1.57,8509.49,1845.0,3,3,3,1.0,Relatively New,0,0,0,0,0,1,0,"28.4949° N, 76.9845° E",28.4949,76.9845
53,house,sector 25,dlf city plots phase 2,4.25,31481.48,1350.0,3,2,3,2.0,Old Property,1,0,0,0,0,1,35,"28.4844° N, 77.0860° E",28.4844,77.086
54,house,sector 50,independent,10.45,38703.7,4000.0,4,5,2,3.0,Moderately Old,1,1,0,1,0,2,142,"28.4178° N, 77.0628° E",28.4178,77.0628
55,house,sector 26,independent,19.0,42222.22,4500.0,6,8,3+,3.0,Moderately Old,1,1,1,1,0,2,103,"28.4757° N, 77.1032° E",28.4757,77.1032
56,house,sector 21,independent,0.45,8411.21,594.0,3,2,1,1.0,Old Property,0,0,0,0,0,1,0,"28.5134° N, 77.0723° E",28.5134,77.0723
57,flat,sector 77,umang winter hills,1.1,5296.1,1829.0,3,4,3+,9.0,Relatively New,0,1,0,0,0,1,49,"28.3801° N, 76.9845° E",28.3801,76.9845
58,flat,sector 61,pioneer park,2.04,14623.66,1595.0,3,3,3+,16.0,Moderately Old,0,1,0,0,0,2,165,"28.4050° N, 77.0963° E",28.405,77.0963
59,flat,sector 83,emaar palm gardens,1.8,9473.68,1719.0,3,3,3+,9.0,Relatively New,0,0,0,0,0,1,55,"28.3986° N, 76.9647° E",28.3986,76.9647
60,flat,sector 108,experion the heartsong,1.02,7950.12,1283.0,2,3,3,4.0,Relatively New,1,0,0,0,0,1,112,"28.5134° N, 76.9830° E",28.5134,76.983
61,house,sector 105,independent,1.35,3857.14,3500.0,5,3,3,3.0,Moderately Old,0,0,0,0,0,1,0,"28.4952° N, 77.0114° E",28.4952,77.0114
62,flat,sector 85,ss the leaf,1.25,10888.5,1426.0,2,2,3+,17.0,Relatively New,0,0,1,0,0,1,156,"28.4042° N, 76.9513° E",28.4042,76.9513
63,flat,sector 86,microtek greenburg,1.23,8310.81,1339.0,2,2,3,13.0,Relatively New,1,0,0,0,0,1,6,"28.3986° N, 76.9384° E",28.3986,76.9384
64,house,sector 28,dlf city plots phase 4,9.54,29444.44,3240.0,6,5,3+,3.0,New Property,1,1,1,1,0,1,153,"28.4728° N, 77.0865° E",28.4728,77.0865
65,flat,sector 37d,signature global the millennia,0.6,9230.77,625.0,2,2,3,7.0,New Property,0,0,0,0,0,1,35,"28.4478° N, 76.9703° E",28.4478,76.9703
66,flat,sector 90,shree vardhman flora,0.65,4814.81,1222.0,2,2,3,6.0,Relatively New,1,0,0,0,0,1,165,"28.4085° N, 76.9369° E",28.4085,76.9369
67,house,sector 4,independent,0.92,15257.05,603.0,1,4,3,4.0,Moderately Old,0,0,0,0,1,1,0,"28.4738° N, 77.0107° E",28.4738,77.0107
68,flat,sector 107,signature global solera,0.36,5980.07,598.0,2,2,1,7.0,Relatively New,0,0,0,0,1,1,49,"28.5052° N, 76.9729° E",28.5052,76.9729
69,flat,sector 86,pyramid urban homes 2,0.42,8484.85,557.0,2,2,1,2.0,New Property,1,1,0,1,1,1,84,"28.3986° N, 76.9384° E",28.3986,76.9384
70,house,sector 73,dlf alameda,17.0,35109.46,9000.0,5,8,3,3.0,Relatively New,1,1,1,1,0,0,87,"28.4072° N, 77.0118° E",28.4072,77.0118
71,flat,sector 55,sidhivinayak apartments,1.9,10555.56,2000.0,4,3,3+,9.0,Moderately Old,0,0,0,1,0,0,35,"28.4281° N, 77.1100° E",28.4281,77.11
72,flat,sector 65,emaar mgf emerald floors premier,2.55,15454.55,1650.0,3,3,3,3.0,Relatively New,1,1,0,0,0,1,21,"28.4030° N, 77.0690° E",28.403,77.069
73,flat,sector 82,vatika the seven lamps,0.94,6532.31,1299.0,2,2,3+,9.0,Relatively New,1,0,0,0,0,2,117,"28.3935° N, 76.9600° E",28.3935,76.96
75,flat,sector 81,signature global synera,0.49,6666.67,700.0,2,2,3,5.0,Relatively New,0,0,0,0,0,1,117,"28.3867° N, 76.9485° E",28.3867,76.9485
76,flat,sector 102,shapoorji pallonji joyville gurugram,0.95,10382.51,915.0,2,2,2,14.0,Relatively New,0,0,0,0,0,1,0,"28.4750° N, 76.9715° E",28.475,76.9715
77,flat,sector 102,emaar gurgaon greens,1.49,9030.3,1315.0,3,3,3,10.0,Relatively New,0,0,0,0,0,2,159,"28.4750° N, 76.9715° E",28.475,76.9715
78,flat,sector 82a,dlf the primus,2.25,10714.29,2333.0,3,3,3+,29.0,Relatively New,0,1,0,0,0,0,72,"28.3858° N, 76.9686° E",28.3858,76.9686
79,flat,sector 95,awho shanti vihar,0.82,9879.52,1095.0,2,2,3+,13.0,New Property,1,0,0,0,0,1,114,"28.4172° N, 76.9081° E",28.4172,76.9081
80,flat,sector 108,experion the heartsong,2.08,9904.76,2631.0,4,4,3+,3.0,Relatively New,0,1,0,0,0,1,126,"28.5134° N, 76.9830° E",28.5134,76.983
81,flat,sector 92,signature global city 92,0.78,11142.86,846.0,2,2,3,2.0,Under Construction,0,0,0,0,1,1,24,"28.4079° N, 76.9153° E",28.4079,76.9153
82,flat,sector 107,signature global solera,0.25,7861.64,318.0,1,1,0,0.0,Relatively New,0,0,0,0,0,1,55,"28.5052° N, 76.9729° E",28.5052,76.9729
83,flat,sector 112,experion windchants,3.75,13383.3,2225.56,3,3,2,21.0,Relatively New,0,1,0,0,0,2,159,"28.5189° N, 77.0183° E",28.5189,77.0183
84,flat,sector 104,godrej summit,0.85,5878.28,1269.0,2,2,3+,10.0,Relatively New,1,0,0,0,0,1,79,"28.4788° N, 76.9960° E",28.4788,76.996
85,flat,sector 51,citizen apartment,3.55,6825.61,5200.0,5,6,3+,11.0,Moderately Old,1,1,1,1,0,2,157,"28.4320° N, 77.0686° E",28.432,77.0686
86,flat,sector 76,whiteland  the aspen,3.5,11916.92,2937.0,3,4,3,8.0,Under Construction,0,0,0,0,0,1,0,"28.3935° N, 76.9888° E",28.3935,76.9888
88,house,sector 53,independent,4.0,17777.78,2250.0,5,5,2,3.0,Relatively New,1,0,0,0,0,1,23,"28.4433° N, 77.0948° E",28.4433,77.0948
89,flat,sector 77,umang winter hills,0.99,7857.14,1126.0,2,2,2,1.0,Relatively New,0,0,0,0,0,1,97,"28.3801° N, 76.9845° E",28.3801,76.9845
90,house,sector 9,independent,3.2,13519.22,2367.0,3,3,2,1.0,Old Property,0,0,0,0,0,2,36,"28.4603° N, 77.0000° E",28.4603,77.0
91,house,sector 7,independent,1.75,11111.11,1575.0,4,2,2,2.0,Old Property,0,0,0,0,1,1,31,"28.4644° N, 77.0143° E",28.4644,77.0143
92,house,sector 26,dlf city phase 1,4.5,33333.33,1350.0,3,3,2,2.0,Moderately Old,1,1,0,0,0,1,70,"28.4757° N, 77.1032° E",28.4757,77.1032
93,flat,sector 37d,ramprastha the edge towers,0.8,5797.1,1300.0,2,2,3,2.0,Relatively New,0,0,0,0,0,1,78,"28.4478° N, 76.9703° E",28.4478,76.9703
94,flat,sector 67a,ireo the corridors,1.8,9370.12,1551.0,3,3,2,3.0,New Property,1,0,1,0,0,2,150,"28.3960° N, 77.0372° E",28.396,77.0372
95,flat,sector 102,shapoorji pallonji joyville gurugram,1.35,9933.77,1230.0,2,2,2,9.0,Relatively New,0,0,0,0,0,1,100,"28.4750° N, 76.9715° E",28.475,76.9715
96,flat,sector 2,bestech park view residency,1.55,8072.92,1738.0,3,4,3+,10.0,Moderately Old,0,1,0,0,0,1,100,"28.5095° N, 77.0320° E",28.5095,77.032
98,flat,sector 65,m3m skycity,2.8,15317.29,1828.0,3,3,0,14.0,Relatively New,0,0,0,0,0,1,39,"28.4030° N, 77.0690° E",28.403,77.069
99,flat,sector 85,ss the leaf,1.14,6951.22,1484.0,2,2,3,4.0,Relatively New,0,0,0,0,0,1,109,"28.4042° N, 76.9513° E",28.4042,76.9513
100,house,sector 92,signature global city 92,0.75,7820.65,959.0,2,2,3,1.0,Relatively New,0,0,0,0,0,1,46,"28.4079° N, 76.9153° E",28.4079,76.9153
101,flat,sector 91,tarc maceo,1.4,7407.41,1700.0,3,3,3+,7.0,Relatively New,0,0,0,0,0,1,76,"28.4014° N, 76.9225° E",28.4014,76.9225
103,flat,sector 82a,dlf the primus,1.59,10338.1,1668.0,3,3,3+,5.0,Relatively New,0,0,0,0,1,0,167,"28.3858° N, 76.9686° E",28.3858,76.9686
104,flat,sector 85,orris carnation residency,0.88,5953.99,1344.0,3,3,1,1.0,Relatively New,0,0,0,0,0,1,65,"28.4042° N, 76.9513° E",28.4042,76.9513
108,flat,sector 56,shri banke bihari society,1.35,9642.86,1450.0,3,3,3+,4.0,Old Property,0,0,0,0,1,2,174,"28.4245° N, 77.0991° E",28.4245,77.0991
109,flat,sector 59,conscient elevate,3.78,16499.35,2550.0,3,3,3,3.0,Under Construction,0,0,0,0,0,1,31,"28.4051° N, 77.1097° E",28.4051,77.1097
110,house,sector 48,vipul tatvam villa,8.5,21250.0,4000.0,4,5,3+,2.0,Moderately Old,1,1,0,1,1,2,49,"28.4177° N, 77.0359° E",28.4177,77.0359
111,flat,sector 51,the arzoo cghs,2.1,9130.43,2300.0,4,4,3,1.0,Relatively New,0,0,0,0,0,1,58,"28.4320° N, 77.0686° E",28.432,77.0686
112,flat,sector 82a,dlf the primus,3.5,13430.54,2896.0,5,5,3+,14.0,Relatively New,1,0,0,0,0,0,49,"28.3858° N, 76.9686° E",28.3858,76.9686
113,flat,sector 65,m3m heights,2.5,13601.74,1654.0,3,3,3,19.0,Under Construction,0,0,0,0,0,1,48,"28.4030° N, 77.0690° E",28.403,77.069
114,flat,sector 54,dlf park place,4.86,25920.0,1875.0,3,4,3+,7.0,Relatively New,0,1,0,0,0,2,49,"28.4348° N, 77.1089° E",28.4348,77.1089
115,flat,sector 90,dlf new town heights,1.3,6735.75,1929.0,3,3,3+,10.0,Relatively New,0,1,0,1,0,2,129,"28.4085° N, 76.9369° E",28.4085,76.9369
116,flat,sector 85,godrej air,1.8,13138.69,141.0,3,3,3,30.0,Under Construction,0,0,0,0,0,1,45,"28.4042° N, 76.9513° E",28.4042,76.9513
117,flat,sector 68,m3m the marina,1.32,8759.12,1364.0,2,2,3,15.0,Relatively New,1,0,0,0,0,1,120,"28.3853° N, 77.0484° E",28.3853,77.0484
118,flat,sector 90,shree vardhman flora,0.65,4814.81,1222.0,2,2,3,10.0,Moderately Old,1,0,0,0,0,2,83,"28.4085° N, 76.9369° E",28.4085,76.9369
120,flat,sector 83,vatika lifestyle homes,1.05,7500.0,1600.0,3,2,2,1.0,Moderately Old,0,0,0,0,0,2,106,"28.3986° N, 76.9647° E",28.3986,76.9647
121,flat,sector 65,emaar mgf emerald floors premier,2.9,14683.54,2194.0,4,4,0,0.0,Relatively New,0,0,1,0,0,1,50,"28.4030° N, 77.0690° E",28.403,77.069
122,flat,sector 69,tulip violet,1.19,8814.81,1500.0,2,3,1,0.0,Relatively New,1,0,0,0,0,1,174,"28.3966° N, 77.0341° E",28.3966,77.0341
123,house,sector 31,independent,3.5,24154.59,1449.0,4,3,3,2.0,Moderately Old,0,0,1,0,0,2,81,"28.4528° N, 77.0498° E",28.4528,77.0498
124,flat,sector 113,la vida by tata housing,2.7,16363.64,2217.0,3,4,3+,4.0,Relatively New,0,1,0,0,0,2,49,"28.5287° N, 77.0233° E",28.5287,77.0233
125,house,sector 109,international city by sobha phase 2,9.4,26111.11,3600.0,5,6,3+,2.0,Relatively New,1,1,1,1,0,2,147,"28.5073° N, 77.0089° E",28.5073,77.0089
126,flat,sector 37c,piedmont taksila heights,0.9,5855.56,1537.0,3,3,3,9.0,Moderately Old,0,0,0,0,0,2,94,"28.4515° N, 76.9882° E",28.4515,76.9882
128,flat,sector 107,m3m woodshire,1.3,10815.31,1547.0,3,3,3,7.0,Relatively New,0,0,0,1,0,1,89,"28.5052° N, 76.9729° E",28.5052,76.9729
129,house,sector 4,independent,0.65,11111.11,585.0,4,2,2,2.0,Moderately Old,0,0,0,0,0,1,0,"28.4738° N, 77.0107° E",28.4738,77.0107
130,flat,sector 107,m3m woodshire,0.8,5856.52,1204.0,2,2,3+,6.0,Relatively New,0,0,0,1,0,2,174,"28.5052° N, 76.9729° E",28.5052,76.9729
131,flat,sector 92,signature global city 92,0.99,9074.24,1091.0,3,2,3,1.0,Under Construction,0,0,0,0,0,1,24,"28.4079° N, 76.9153° E",28.4079,76.9153
133,house,sector 26,arjun marg/ sector- 26 phase- 1/ golf course road,31.5,35000.0,9000.0,7,9,3+,3.0,Moderately Old,1,1,1,1,0,0,74,"28.4757° N, 77.1032° E",28.4757,77.1032
134,flat,sector 107,signature global solera,0.49,8221.48,598.0,2,2,1,8.0,Relatively New,0,0,0,0,1,0,49,"28.5052° N, 76.9729° E",28.5052,76.9729
135,flat,sector 109,ats tourmaline,2.95,9365.08,2851.0,4,5,3+,10.0,Relatively New,0,1,0,0,0,1,101,"28.5073° N, 77.0089° E",28.5073,77.0089
136,flat,sector 86,ansal heights 86,0.74,5441.18,1231.0,2,2,1,11.0,Under Construction,0,0,0,0,1,1,45,"28.3986° N, 76.9384° E",28.3986,76.9384
137,house,sector 49,independent,4.45,15451.39,2880.0,6,6,3,3.0,Moderately Old,1,1,1,1,0,0,152,"28.4121° N, 77.0480° E",28.4121,77.048
138,flat,sector 104,puri emerald bay,1.32,8516.13,1403.0,2,2,2,10.0,Relatively New,0,0,0,0,0,1,128,"28.4788° N, 76.9960° E",28.4788,76.996
139,flat,sector 69,unitech sunbreeze,0.74,5501.86,1210.0,3,3,1,10.0,Under Construction,0,1,0,0,0,1,60,"28.3966° N, 77.0341° E",28.3966,77.0341
140,house,sector 25,dlf city plots phase 2,4.5,33333.33,1350.0,5,3,2,3.0,Old Property,0,0,1,1,0,1,25,"28.4844° N, 77.0860° E",28.4844,77.086
141,house,sector 109,international city by sobha phase 2,6.2,25514.4,2430.0,5,5,2,2.0,Relatively New,0,1,0,0,0,1,135,"28.5073° N, 77.0089° E",28.5073,77.0089
142,flat,sector 108,experion the heartsong,1.25,9259.26,1500.0,3,3,3,1.0,Relatively New,0,1,0,1,0,1,174,"28.5134° N, 76.9830° E",28.5134,76.983
143,flat,sector 33,central park flower valley,1.55,11923.08,1444.0,3,3,3+,7.0,New Property,0,0,0,0,0,2,28,"28.4420° N, 77.0207° E",28.442,77.0207
144,flat,sector 58,ireo the grand arch,2.2,16000.0,1528.0,2,2,1,5.0,Relatively New,0,0,0,1,0,2,49,"28.4200° N, 77.1105° E",28.42,77.1105
145,house,sector 11,independent,4.0,19753.09,2025.0,5,4,1,2.0,Moderately Old,0,0,0,0,0,1,0,"28.4531° N, 77.0202° E",28.4531,77.0202
146,flat,sector 28,maruti vihar,1.0,9090.91,995.0,1,1,1,1.0,Old Property,1,0,0,1,0,2,80,"28.4728° N, 77.0865° E",28.4728,77.0865
147,flat,sector 37c,corona optus,1.4,7035.18,1890.0,3,3,3+,4.0,Relatively New,0,1,0,0,0,1,149,"28.4515° N, 76.9882° E",28.4515,76.9882
148,flat,sector 103,satya the hermitage,0.93,6404.96,1613.0,2,3,3,3.0,Relatively New,0,1,0,0,0,2,90,"28.4949° N, 76.9845° E",28.4949,76.9845
149,flat,sector 85,ss the leaf,1.17,6720.28,1550.0,2,3,3,10.0,Relatively New,0,0,0,0,1,1,49,"28.4042° N, 76.9513° E",28.4042,76.9513
150,flat,sector 109,conscient one,1.7,17616.58,965.0,1,1,2,9.0,Relatively New,0,0,0,0,0,1,0,"28.5073° N, 77.0089° E",28.5073,77.0089
151,flat,sector 22,ambience creacions,1.65,11956.52,1200.0,2,2,2,9.0,Relatively New,0,0,0,1,1,0,133,"28.5072° N, 77.0640° E",28.5072,77.064
152,house,sector 28,housing board colony,2.1,23333.33,900.0,2,8,3+,4.0,Moderately Old,0,0,0,0,1,2,38,"28.4728° N, 77.0865° E",28.4728,77.0865
153,flat,sector 102,emaar imperial gardens,2.05,9874.76,2250.0,3,4,3+,14.0,Relatively New,0,1,0,0,0,1,116,"28.4750° N, 76.9715° E",28.475,76.9715
154,flat,sector 85,orris aster court,0.9,5671.08,1436.0,3,3,3,8.0,Relatively New,0,0,0,0,0,1,49,"28.4042° N, 76.9513° E",28.4042,76.9513
155,flat,sector 106,paras dews,1.15,6534.09,1186.0,3,4,3+,12.0,Relatively New,1,1,0,0,0,2,174,"28.5007° N, 77.0003° E",28.5007,77.0003
156,flat,sector 103,signature global grand iva,0.3,8287.29,402.0,1,2,2,5.0,New Property,0,0,0,0,0,1,37,"28.4949° N, 76.9845° E",28.4949,76.9845
157,flat,sector 4,housing apna enclave,0.39,4105.26,950.0,2,2,1,1.0,Relatively New,0,0,0,0,0,1,0,"28.4738° N, 77.0107° E",28.4738,77.0107
158,flat,sector 102,emaar gurgaon greens,1.5,9090.91,1315.0,3,3,3,7.0,Relatively New,0,0,0,1,0,2,174,"28.4750° N, 76.9715° E",28.475,76.9715
159,flat,sector 71,signature andour heights,0.6,10000.0,557.0,2,2,1,5.0,Relatively New,0,0,0,1,0,1,59,"28.4104° N, 77.0281° E",28.4104,77.0281
160,flat,sector 109,chintels paradiso,1.8,8867.0,1910.0,3,3,2,0.0,Moderately Old,0,1,0,0,0,1,83,"28.5073° N, 77.0089° E",28.5073,77.0089
161,flat,sector 2,bestech park view residency,0.98,6930.69,1281.0,2,2,3,11.0,Moderately Old,0,0,0,0,0,1,83,"28.5095° N, 77.0320° E",28.5095,77.032
162,flat,sector 92,raheja navodaya,0.85,5407.12,1423.0,3,3,0,0.0,Relatively New,0,0,0,0,0,1,88,"28.4079° N, 76.9153° E",28.4079,76.9153
163,flat,sector 92,sare green parc phase 3,1.1,6875.0,1778.0,4,3,2,12.0,New Property,0,0,0,0,0,1,15,"28.4079° N, 76.9153° E",28.4079,76.9153
164,flat,sector 65,emaar mgf emerald floors premier,2.8,16969.7,1650.0,3,3,3+,3.0,Relatively New,1,1,0,0,0,2,38,"28.4030° N, 77.0690° E",28.403,77.069
165,flat,sector 104,godrej summit,1.16,6387.67,2018.0,3,4,3+,8.0,Relatively New,0,1,0,0,0,2,96,"28.4788° N, 76.9960° E",28.4788,76.996
166,flat,sector 79,m3m golf hills,1.45,10211.27,1578.0,2,2,3,15.0,Under Construction,0,0,0,0,0,1,67,"28.3624° N, 76.9787° E",28.3624,76.9787
167,house,sector 4,huda ashok vihar phase,0.7,10233.92,684.0,3,2,1,2.0,New Property,1,0,0,0,0,1,7,"28.4738° N, 77.0107° E",28.4738,77.0107
168,flat,sector 102,shapoorji pallonji joyville gurugram,2.15,12706.86,1690.0,3,3,3,10.0,Relatively New,0,0,0,0,0,2,49,"28.4750° N, 76.9715° E",28.475,76.9715
169,house,sector 25,dlf city plots phase 2,10.75,29861.11,3600.0,9,9,3+,3.0,Old Property,0,1,1,1,0,1,73,"28.4844° N, 77.0860° E",28.4844,77.086
170,flat,sector 37c,ild greens,1.0,4319.65,1697.0,3,3,3+,5.0,Under Construction,0,0,0,0,0,1,51,"28.4515° N, 76.9882° E",28.4515,76.9882
171,flat,sector 56,guru gram haryana cghs,1.38,7225.13,1910.0,3,3,3,5.0,Moderately Old,1,0,0,0,0,2,134,"28.4245° N, 77.0991° E",28.4245,77.0991
172,house,sector 33,unitech uniworld resorts,8.0,11428.57,7000.0,4,4,3+,2.0,Old Property,1,1,1,1,0,1,77,"28.4420° N, 77.0207° E",28.442,77.0207
173,house,sector 50,ss hibiscus,12.25,20940.17,5850.0,5,7,3+,1.0,Relatively New,1,1,0,1,1,2,160,"28.4178° N, 77.0628° E",28.4178,77.0628
175,flat,sector 78,umang monsoon breeze,1.15,5284.93,1969.0,3,3,3,9.0,Moderately Old,0,1,0,0,1,1,22,"28.3733° N, 76.9729° E",28.3733,76.9729
176,flat,sector 3,apna enclave,0.5,7692.31,722.0,2,2,1,1.0,Old Property,0,0,0,0,0,2,37,"28.4909° N, 77.0176° E",28.4909,77.0176
177,flat,sector 48,kibithu villas,3.45,12777.78,3000.0,4,4,3+,2.0,Moderately Old,0,0,0,0,0,1,0,"28.4177° N, 77.0359° E",28.4177,77.0359
178,flat,sector 81,bestech park view grand spa,2.29,8609.02,2315.0,3,4,3+,10.0,Relatively New,1,1,0,0,0,0,174,"28.3867° N, 76.9485° E",28.3867,76.9485
179,house,sector 1,independent,4.75,10555.56,4500.0,6,7,0,4.0,Moderately Old,0,0,0,0,0,1,0,"28.3663° N, 76.9456° E",28.3663,76.9456
180,house,sector 72,tata primanti,8.5,13492.06,6300.0,5,6,3+,10.0,Relatively New,1,1,1,1,0,2,145,"28.4225° N, 77.0211° E",28.4225,77.0211
182,house,sector 24,independent,6.5,22855.13,2844.0,4,4,2,2.0,Old Property,0,0,0,1,0,1,35,"28.4939° N, 77.1038° E",28.4939,77.1038
183,flat,sector 88a,godrej oasis,2.65,16750.95,1582.0,3,3,3+,10.0,New Property,0,0,0,0,0,1,110,"28.4347° N, 76.9557° E",28.4347,76.9557
184,house,sector 4,not applicable,0.75,11718.75,640.0,2,4,3,2.0,Moderately Old,0,0,0,0,0,1,0,"28.4738° N, 77.0107° E",28.4738,77.0107
185,flat,sector 82,mapsko royale ville,0.97,5418.99,1620.0,3,4,2,16.0,Relatively New,0,1,0,0,0,1,95,"28.3935° N, 76.9600° E",28.3935,76.96
186,flat,sector 79,supertech araville,0.95,6209.15,1385.0,2,2,3,7.0,New Property,1,0,0,0,0,1,49,"28.3624° N, 76.9787° E",28.3624,76.9787
187,flat,sector 84,ss the coralwood,1.1,5820.11,1710.0,3,3,3+,12.0,Moderately Old,0,0,0,0,0,2,104,"28.3979° N, 76.9736° E",28.3979,76.9736
188,house,sector 33,unitech uniworld resorts,9.5,23335.79,4071.0,5,7,3+,2.0,Under Construction,1,1,1,1,0,1,57,"28.4420° N, 77.0207° E",28.442,77.0207
189,house,sector 3,independent,0.55,7333.33,750.0,1,1,0,1.0,Moderately Old,0,0,0,0,0,1,0,"28.4909° N, 77.0176° E",28.4909,77.0176
190,flat,sector 102,conscient heritage max,2.2,10237.32,1186.0,3,4,3+,20.0,Relatively New,1,1,0,0,0,2,45,"28.4750° N, 76.9715° E",28.475,76.9715
191,house,sector 6,independent,1.0,4629.63,240.0,6,4,0,3.0,Moderately Old,0,0,0,0,0,1,0,"28.4745° N, 77.0262° E",28.4745,77.0262
192,flat,sector 65,emaar mgf emerald floors premier,2.8,16969.7,1650.0,4,4,3,2.0,Relatively New,1,0,0,0,0,2,89,"28.4030° N, 77.0690° E",28.403,77.069
193,flat,sector 62,emaar digihomes,4.0,14869.89,2343.0,3,3,3,18.0,New Property,0,1,0,0,0,2,38,"28.4139° N, 77.0886° E",28.4139,77.0886
194,flat,sector 86,pyramid urban homes 2,0.41,6902.36,668.0,2,2,1,3.0,Relatively New,0,0,0,0,0,1,63,"28.3986° N, 76.9384° E",28.3986,76.9384
195,flat,sector 77,emaar mgf palm hills,1.64,8410.26,1765.0,4,3,3,9.0,Relatively New,0,1,0,0,0,1,102,"28.3801° N, 76.9845° E",28.3801,76.9845
196,house,sector 66,emaar mgf marbella,11.0,33950.62,3240.0,5,6,3+,2.0,New Property,1,1,1,1,0,2,153,"28.3925° N, 77.0541° E",28.3925,77.0541
197,flat,sector 86,dlf new town heights,1.3,6735.75,1715.0,3,3,3,15.0,Relatively New,0,1,0,1,0,2,49,"28.3986° N, 76.9384° E",28.3986,76.9384
198,house,sector 56,independent,7.25,29340.35,2471.0,8,8,3+,0.0,Moderately Old,0,0,0,0,0,2,24,"28.4245° N, 77.0991° E",28.4245,77.0991
199,flat,sector 82,mapsko royale ville,1.12,8000.0,1500.0,3,4,2,6.0,Relatively New,0,1,0,1,0,1,174,"28.3935° N, 76.9600° E",28.3935,76.96
200,flat,sector 48,bestech park view city,1.8,10250.57,1951.0,3,4,3,3.0,Moderately Old,1,0,0,0,0,2,76,"28.4177° N, 77.0359° E",28.4177,77.0359
201,flat,sector 28,dlf regency park,1.91,16608.7,1278.0,2,2,2,11.0,New Property,0,0,0,0,0,0,98,"28.4728° N, 77.0865° E",28.4728,77.0865
202,house,sector 50,unitech espace,11.29,34845.68,3240.0,5,5,3+,2.0,Moderately Old,1,0,0,1,0,1,21,"28.4178° N, 77.0628° E",28.4178,77.0628
203,flat,sector 79,godrej,1.33,8531.11,1411.0,2,2,3,6.0,Relatively New,1,0,0,0,0,1,158,"28.3624° N, 76.9787° E",28.3624,76.9787
204,flat,sector 50,the close north,2.7,10364.68,2400.0,3,3,3+,6.0,Moderately Old,0,1,0,0,0,1,174,"28.4178° N, 77.0628° E",28.4178,77.0628
205,house,sector 41,independent,7.25,29292.93,2475.0,9,8,3,4.0,Old Property,0,1,0,0,0,2,94,"28.4557° N, 77.0632° E",28.4557,77.0632
206,flat,sector 72,tata primanti,4.1,14099.04,2629.0,4,5,3+,39.0,New Property,0,1,0,0,1,1,103,"28.4225° N, 77.0211° E",28.4225,77.0211
207,flat,sector 109,ats tourmaline,2.25,8704.06,2339.0,3,4,3,14.0,Relatively New,0,1,0,0,0,1,101,"28.5073° N, 77.0089° E",28.5073,77.0089
209,house,sector 14,independent,5.5,16975.31,3240.0,5,4,2,2.0,Old Property,1,0,0,0,0,1,27,"28.4711° N, 77.0454° E",28.4711,77.0454
210,flat,sector 92,sare crescent parc,0.82,5384.11,1523.0,3,3,3+,12.0,Relatively New,0,0,0,0,0,1,0,"28.4079° N, 76.9153° E",28.4079,76.9153
211,flat,sector 37c,imperia the esfera,0.95,5702.28,1578.0,2,2,0,17.0,Under Construction,0,1,0,0,0,1,66,"28.4515° N, 76.9882° E",28.4515,76.9882
213,flat,sector 113,la vida by tata housing,1.32,10344.83,1199.0,2,2,2,3.0,Relatively New,0,0,0,0,0,1,49,"28.5287° N, 77.0233° E",28.5287,77.0233
214,flat,sector 78,umang monsoon breeze,1.15,5284.93,1969.0,3,3,3,9.0,Moderately Old,0,1,0,0,1,1,22,"28.3733° N, 76.9729° E",28.3733,76.9729
215,house,sector 15,independent,1.8,10000.0,1800.0,4,3,1,1.0,Old Property,0,0,0,0,0,1,16,"28.4621° N, 77.0464° E",28.4621,77.0464
216,house,sector 7,independent,0.69,9102.9,758.0,1,1,1,2.0,Old Property,0,0,0,0,0,1,0,"28.4644° N, 77.0143° E",28.4644,77.0143
217,flat,sector 95,ramsons kshitij,0.33,3909.95,694.0,2,2,1,14.0,New Property,0,0,0,0,1,2,79,"28.4172° N, 76.9081° E",28.4172,76.9081
218,flat,sector 102,adani m2k oyster grande,1.8,9528.85,1710.0,3,4,3,17.0,Relatively New,0,1,0,0,0,1,49,"28.4750° N, 76.9715° E",28.475,76.9715
220,house,sector 25,dlf city plots phase 2,15.5,34307.22,4518.0,5,6,3+,3.0,Moderately Old,1,1,1,1,0,1,144,"28.4844° N, 77.0860° E",28.4844,77.086
221,flat,sector 102,shapoorji pallonji joyville gurugram,1.35,14754.1,828.0,2,2,2,10.0,Under Construction,0,0,0,0,0,1,22,"28.4750° N, 76.9715° E",28.475,76.9715
222,flat,sector 1,samadhan shri kamal cghs,2.01,11426.95,1956.0,4,4,3+,10.0,Moderately Old,0,0,0,0,0,0,0,"28.3663° N, 76.9456° E",28.3663,76.9456
223,flat,sector 88a,godrej oasis,1.0,6896.55,1611.0,2,2,3,7.0,Relatively New,1,0,0,0,0,1,72,"28.4347° N, 76.9557° E",28.4347,76.9557
224,flat,sector 107,signature global solera,0.38,6333.33,627.0,2,2,2,3.0,Relatively New,0,0,0,0,0,0,23,"28.5052° N, 76.9729° E",28.5052,76.9729
226,house,sector 25,dlf city plots phase 2,6.3,35000.0,1800.0,4,4,3+,2.0,Old Property,0,1,1,0,0,1,89,"28.4844° N, 77.0860° E",28.4844,77.086
227,flat,sector 111,puri diplomatic greens,3.4,11525.42,2670.0,4,5,3+,14.0,Relatively New,0,1,0,0,0,1,94,"28.5238° N, 77.0320° E",28.5238,77.032
228,house,sector 56,independent,3.25,21494.71,1512.0,5,6,3+,4.0,Relatively New,0,0,0,1,1,2,27,"28.4245° N, 77.0991° E",28.4245,77.0991
229,flat,sector 2,bestech park view residency,0.55,8461.54,588.0,1,1,2,7.0,Moderately Old,0,0,0,0,0,1,31,"28.5095° N, 77.0320° E",28.5095,77.032
230,house,sector 24,independent,3.5,32407.41,1080.0,2,4,3,3.0,Old Property,0,0,0,0,0,1,15,"28.4939° N, 77.1038° E",28.4939,77.1038
232,flat,sector 50,ss hibiscus,6.0,12272.45,3982.0,4,3,3,5.0,Moderately Old,0,1,0,0,0,1,31,"28.4178° N, 77.0628° E",28.4178,77.0628
233,flat,sector 71,chd avenue,0.82,7081.17,1086.0,2,2,2,6.0,Moderately Old,0,0,0,0,0,1,0,"28.4104° N, 77.0281° E",28.4104,77.0281
235,flat,sector 7,rwa,0.48,6000.0,889.0,3,2,1,1.0,New Property,0,0,0,0,0,1,21,"28.4644° N, 77.0143° E",28.4644,77.0143
236,flat,sector 9,wings apartment,1.2,6666.67,2000.0,4,3,2,4.0,Moderately Old,0,0,0,0,0,2,23,"28.4603° N, 77.0000° E",28.4603,77.0
237,flat,sector 37d,ramprastha the edge towers,0.8,5797.1,1300.0,2,2,3,2.0,Relatively New,0,0,0,0,0,1,78,"28.4478° N, 76.9703° E",28.4478,76.9703
238,house,sector 4,independent,0.67,9795.32,76.0,3,3,2,2.0,Relatively New,0,0,0,0,1,1,7,"28.4738° N, 77.0107° E",28.4738,77.0107
241,house,sector 57,ansals florence villa,6.0,22222.22,2700.0,4,5,2,2.0,Old Property,0,1,0,1,0,2,20,"28.4232° N, 77.0752° E",28.4232,77.0752
242,flat,sector 33,central park flower valley aqua front towers,2.0,11179.43,1619.0,3,3,3+,8.0,New Property,0,0,0,0,0,1,23,"28.4420° N, 77.0207° E",28.442,77.0207
243,flat,sector 108,experion the heartsong,1.6,7988.02,1500.29,3,4,3+,3.0,Relatively New,0,1,0,0,0,2,60,"28.5134° N, 76.9830° E",28.5134,76.983
244,house,sector 43,independent,1.9,3909.47,60.0,3,3,3+,3.0,Old Property,0,0,0,0,0,0,0,"28.4629° N, 77.0772° E",28.4629,77.0772
245,flat,sector 50,the close north,2.65,10685.48,2470.0,3,4,3+,6.0,Moderately Old,0,1,0,0,0,2,174,"28.4178° N, 77.0628° E",28.4178,77.0628
246,flat,sector 24,dlf city plots phase 3,6.5,18571.43,3889.0,4,5,3+,3.0,New Property,0,1,0,0,0,0,42,"28.4939° N, 77.1038° E",28.4939,77.1038
247,flat,sector 86,microtek greenburg,1.25,8445.95,1339.0,3,4,3,0.0,Relatively New,1,0,0,0,0,1,49,"28.3986° N, 76.9384° E",28.3986,76.9384
248,flat,sector 89,smart world gems,1.3,9135.63,1581.0,3,3,2,2.0,New Property,1,0,0,0,0,1,44,"28.4253° N, 76.9439° E",28.4253,76.9439
249,house,sector 8,independent,0.62,11272.73,550.0,3,1,0,2.0,Moderately Old,0,0,0,0,0,1,0,"28.3738° N, 76.8970° E",28.3738,76.897
250,flat,sector 99a,pareena coban residences,1.45,7260.89,1807.0,3,5,3,11.0,Relatively New,0,1,0,0,1,2,49,"28.4561° N, 76.9542° E",28.4561,76.9542
251,flat,gwal pahari,valley view estate,1.5,7488.77,1850.0,4,4,3+,10.0,Moderately Old,0,0,0,0,0,1,58,"28.4484° N, 77.0210° E",28.4484,77.021
252,house,sector 105,independent,0.37,8222.22,450.0,2,2,1,1.0,Moderately Old,0,0,0,0,1,1,0,"28.4952° N, 77.0114° E",28.4952,77.0114
253,flat,sector 67,m3m merlin,2.9,14167.07,2047.0,3,3,3,0.0,Relatively New,0,0,0,0,1,2,49,"28.3859° N, 77.0608° E",28.3859,77.0608
255,flat,sector 81,bestech park view grand spa,4.5,10714.29,3801.0,4,6,3+,17.0,Relatively New,0,1,0,0,0,2,44,"28.3867° N, 76.9485° E",28.3867,76.9485
256,house,sector 7,independent,0.45,5000.0,1000.0,3,2,0,1.0,Old Property,0,0,0,0,0,1,0,"28.4644° N, 77.0143° E",28.4644,77.0143
258,house,sector 56,independent,2.99,20634.92,1449.0,4,4,2,2.0,Moderately Old,1,1,0,1,0,2,49,"28.4245° N, 77.0991° E",28.4245,77.0991
261,flat,sector 99,vatika sovereign park,2.45,8812.95,2516.0,3,4,3,1.0,New Property,0,1,0,0,0,2,165,"28.4640° N, 76.9614° E",28.464,76.9614
262,flat,sector 92,sare green parc 2,0.75,4743.83,1415.0,3,3,3,2.0,Relatively New,0,0,0,0,1,2,49,"28.4079° N, 76.9153° E",28.4079,76.9153
263,house,sector 14,sector 14 rwa,5.51,16990.44,3249.0,3,3,2,4.0,Moderately Old,0,0,0,0,0,1,14,"28.4711° N, 77.0454° E",28.4711,77.0454
264,flat,sector 93,signature global orchard avenue,0.4,5479.45,730.0,2,2,0,0.0,Relatively New,0,0,0,0,0,1,0,"28.4153° N, 76.9326° E",28.4153,76.9326
265,flat,sector 61,smart world orchard,1.47,12782.61,1278.0,2,2,2,4.0,New Property,1,0,0,1,0,1,53,"28.4050° N, 77.0963° E",28.405,77.0963
266,house,sector 8,independent,1.6,3185.98,558.0,4,6,1,3.0,Relatively New,0,0,0,0,0,1,0,"28.3738° N, 76.8970° E",28.3738,76.897
267,flat,sector 106,paras dews,0.88,6353.79,1120.0,2,2,3+,3.0,Relatively New,0,0,0,0,0,1,49,"28.5007° N, 77.0003° E",28.5007,77.0003
268,house,sector 43,independent,5.75,23662.55,2430.0,4,4,2,4.0,Under Construction,0,1,1,0,0,0,153,"28.4629° N, 77.0772° E",28.4629,77.0772
269,house,sector 47,malibu towne,1.15,4646.46,275.0,3,3,3,2.0,Old Property,0,0,0,0,0,2,33,"28.4276° N, 77.0492° E",28.4276,77.0492
270,house,sector 54,suncity township,25.0,31110.0,8036.0,4,4,3+,2.0,Moderately Old,1,1,1,1,0,1,0,"28.4348° N, 77.1089° E",28.4348,77.1089
271,flat,sector 69,tulip violet,1.68,8349.9,1819.0,4,4,2,1.0,Relatively New,0,0,0,1,0,1,102,"28.3966° N, 77.0341° E",28.3966,77.0341
272,flat,sector 72,spaze privy,1.9,9620.25,1975.0,3,3,3,10.0,Relatively New,0,0,0,0,0,1,0,"28.4225° N, 77.0211° E",28.4225,77.0211
274,flat,sector 107,signature global solera,0.6,8000.0,750.0,3,2,2,8.0,Relatively New,0,0,0,0,0,1,55,"28.5052° N, 76.9729° E",28.5052,76.9729
275,flat,sector 33,godrej nature plus,1.25,9025.27,1385.0,2,2,3,17.0,Under Construction,0,0,0,0,0,1,56,"28.4420° N, 77.0207° E",28.442,77.0207
278,flat,sector 95,sidhartha ncr greens,0.96,6201.55,1720.0,3,3,3,8.0,New Property,0,0,1,1,0,1,8,"28.4172° N, 76.9081° E",28.4172,76.9081
279,flat,sector 43,dlf the icon,6.0,26086.96,2556.0,4,4,3+,18.0,Old Property,0,1,0,0,0,2,150,"28.4629° N, 77.0772° E",28.4629,77.0772
280,house,sector 2,ansals palam vihar,5.0,12500.0,4000.0,6,4,0,3.0,Moderately Old,0,0,0,0,0,1,0,"28.5095° N, 77.0320° E",28.5095,77.032
281,flat,sector 108,sobha city,3.95,16858.73,2343.0,3,5,2,15.0,New Property,0,1,0,0,0,1,118,"28.5134° N, 76.9830° E",28.5134,76.983
282,flat,sector 81,vipul lavanya,0.6,6666.67,814.0,2,2,1,0.0,Under Construction,0,0,0,0,0,1,0,"28.3867° N, 76.9485° E",28.3867,76.9485
283,house,sector 3,independent,1.5,10288.07,210.0,3,3,0,2.0,Old Property,0,0,0,0,0,1,0,"28.4909° N, 77.0176° E",28.4909,77.0176
284,house,sector 4,grover homes sec 4,4.75,9374.38,5067.0,5,5,1,1.0,Old Property,1,1,0,1,0,2,35,"28.4738° N, 77.0107° E",28.4738,77.0107
285,house,sector 50,unitech south city,5.88,27222.22,2160.0,3,9,3+,3.0,Relatively New,1,1,0,1,1,0,128,"28.4178° N, 77.0628° E",28.4178,77.0628
286,flat,sector 102,conscient heritage max,1.82,9371.78,1757.0,3,4,3+,15.0,Moderately Old,0,1,0,0,0,1,125,"28.4750° N, 76.9715° E",28.475,76.9715
287,flat,sector 69,tulip violet,1.76,8756.22,1819.0,4,4,2,6.0,Relatively New,0,0,0,0,0,1,108,"28.3966° N, 77.0341° E",28.3966,77.0341
288,flat,sector 69,tulip violet,1.4,8928.57,1376.0,3,3,1,12.0,Relatively New,0,0,0,1,0,1,174,"28.3966° N, 77.0341° E",28.3966,77.0341
289,flat,sector 109,ats tourmaline,2.3,8897.49,2339.0,3,4,3+,10.0,New Property,0,1,0,0,1,1,74,"28.5073° N, 77.0089° E",28.5073,77.0089
290,house,sector 109,international city by sobha phase 2,6.25,11574.07,5400.0,4,4,3+,2.0,Relatively New,0,1,0,0,0,1,138,"28.5073° N, 77.0089° E",28.5073,77.0089
291,flat,sector 65,m3m golfestate,5.0,16666.67,3245.0,3,3,3,2.0,Relatively New,0,1,0,0,0,2,174,"28.4030° N, 77.0690° E",28.403,77.069
292,flat,sector 79,supertech araville,1.35,9000.0,1350.0,2,2,3,6.0,New Property,1,0,0,0,1,2,88,"28.3624° N, 76.9787° E",28.3624,76.9787
293,flat,sector 102,emaar gurgaon greens,1.3,7878.79,1388.0,3,3,3,7.0,Relatively New,0,1,0,0,0,1,93,"28.4750° N, 76.9715° E",28.475,76.9715
294,house,sector 50,unitech espace,10.3,31790.12,3240.0,5,6,3+,3.0,Moderately Old,1,1,1,1,0,2,160,"28.4178° N, 77.0628° E",28.4178,77.0628
295,flat,sector 67,m3m one key resiments,0.8,13114.75,610.0,1,1,0,0.0,Relatively New,0,0,0,0,0,1,0,"28.3859° N, 77.0608° E",28.3859,77.0608
296,flat,manesar,the crew bos chs manesar,0.85,3695.65,2556.0,3,3,2,2.0,Moderately Old,0,0,0,0,0,1,44,"28.3515° N, 76.9428° E",28.3515,76.9428
297,house,sector 50,unitech escape,12.0,37037.04,3240.0,5,6,3+,3.0,Moderately Old,0,0,0,0,0,1,66,"28.4178° N, 77.0628° E",28.4178,77.0628
298,house,sector 106,godrej meridien,5.6,14000.0,4000.0,5,4,3+,33.0,New Property,1,1,1,1,0,1,151,"28.5007° N, 77.0003° E",28.5007,77.0003
299,flat,sector 82,mapsko royale ville,1.22,7176.47,2000.0,3,5,3+,10.0,Relatively New,0,1,0,1,0,2,76,"28.3935° N, 76.9600° E",28.3935,76.96
300,flat,sector 53,parsvnath exotica,4.8,14678.9,2895.0,3,4,3+,12.0,New Property,0,0,0,0,0,1,69,"28.4433° N, 77.0948° E",28.4433,77.0948
301,flat,sector 102,shapoorji pallonji joyville gurugram,1.75,9449.24,1465.0,3,3,3,10.0,Relatively New,1,1,0,1,1,1,49,"28.4750° N, 76.9715° E",28.475,76.9715
302,flat,sector 25,dlf belvedere towers,3.7,17619.05,2333.0,4,4,3,18.0,Old Property,0,1,0,0,0,2,26,"28.4844° N, 77.0860° E",28.4844,77.086
303,flat,sector 95,rof ananda,0.31,5646.63,610.0,2,2,1,5.0,Relatively New,0,0,0,1,0,2,74,"28.4172° N, 76.9081° E",28.4172,76.9081
305,flat,sector 90,dlf regal gardens,1.23,7052.75,1578.0,3,3,2,19.0,Relatively New,0,0,0,0,1,1,6,"28.4085° N, 76.9369° E",28.4085,76.9369
306,flat,sector 108,experion the heartsong,0.97,9238.1,1167.0,2,2,3,10.0,Relatively New,0,1,0,0,0,1,165,"28.5134° N, 76.9830° E",28.5134,76.983
307,flat,sector 43,dlf royalton tower,6.5,22108.84,2661.0,4,5,2,8.0,Relatively New,0,1,0,0,0,1,15,"28.4629° N, 77.0772° E",28.4629,77.0772
308,flat,sector 104,puri emerald bay,1.5,9677.42,1403.0,2,2,2,7.0,Under Construction,0,0,0,0,1,1,43,"28.4788° N, 76.9960° E",28.4788,76.996
309,flat,sector 104,godrej summit,0.85,6893.76,1611.0,2,2,3,12.0,Relatively New,1,0,0,0,1,1,61,"28.4788° N, 76.9960° E",28.4788,76.996
310,flat,sector 107,signature global solera 2,0.37,6678.7,615.0,2,2,2,9.0,New Property,0,0,0,0,0,1,23,"28.5052° N, 76.9729° E",28.5052,76.9729
311,flat,sector 37c,corona optus,1.27,7232.35,1595.0,3,3,3,2.0,Relatively New,0,0,0,0,1,1,49,"28.4515° N, 76.9882° E",28.4515,76.9882
312,flat,sector 99a,laxmi pareena,0.3,6666.67,500.0,2,1,0,12.0,Relatively New,0,0,0,0,0,1,0,"28.4561° N, 76.9542° E",28.4561,76.9542
314,flat,sector 85,ss the leaf,2.15,8928.57,2179.0,3,5,3,2.0,New Property,0,0,0,0,0,1,53,"28.4042° N, 76.9513° E",28.4042,76.9513
315,flat,sector 81,dlf the ultima,3.45,12012.53,2599.0,4,4,3+,10.0,New Property,0,1,0,0,0,0,165,"28.3867° N, 76.9485° E",28.3867,76.9485
316,flat,sector 104,zara aavaas,0.4,7029.88,514.0,2,2,1,4.0,Relatively New,0,0,0,0,0,1,52,"28.4788° N, 76.9960° E",28.4788,76.996
320,flat,sector 103,indiabulls centrum park,1.65,8250.0,1683.0,3,3,3+,15.0,Relatively New,1,0,0,0,0,1,38,"28.4949° N, 76.9845° E",28.4949,76.9845
321,flat,sector 79,m3m golfestate,1.4,10000.0,1556.0,2,2,2,4.0,Relatively New,1,1,1,0,0,0,83,"28.3624° N, 76.9787° E",28.3624,76.9787
322,flat,sector 79,bestech altura,1.72,8000.0,1695.0,3,4,3+,5.0,Relatively New,0,1,0,0,0,1,174,"28.3624° N, 76.9787° E",28.3624,76.9787
323,flat,sector 67a,4s aradhya homes,1.9,8861.94,1991.0,4,4,3,3.0,New Property,0,0,0,0,0,2,62,"28.3960° N, 77.0372° E",28.396,77.0372
324,flat,sector 43,sanskriti apartments,2.5,13513.51,1674.0,3,2,3,5.0,Old Property,1,0,0,0,0,1,0,"28.4629° N, 77.0772° E",28.4629,77.0772
325,flat,sector 102,adani m2k oyster grande,2.35,8468.47,2351.0,3,3,3,14.0,Relatively New,1,1,0,0,0,2,165,"28.4750° N, 76.9715° E",28.475,76.9715
326,house,sector 24,independent,10.0,25542.78,3915.0,8,10,3+,1.0,Old Property,0,0,0,0,0,1,0,"28.4939° N, 77.1038° E",28.4939,77.1038
327,house,sector 25,dlf city plots phase 2,10.55,39074.07,2700.0,5,6,3+,3.0,Moderately Old,1,1,1,1,0,1,131,"28.4844° N, 77.0860° E",28.4844,77.086
328,house,sector 23,independent,2.8,17983.3,1557.0,5,5,3+,2.0,Old Property,0,0,0,1,0,2,74,"28.5121° N, 77.0478° E",28.5121,77.0478
329,flat,sector 92,parkwood westend,0.7,5204.46,1217.0,2,2,3,5.0,Under Construction,1,0,0,0,0,1,0,"28.4079° N, 76.9153° E",28.4079,76.9153
330,flat,sector 104,puri emerald bay,2.3,9387.76,2217.0,3,4,3+,10.0,Moderately Old,0,1,0,0,0,1,101,"28.4788° N, 76.9960° E",28.4788,76.996
331,house,sector 12,independent,1.35,12217.19,2052.0,2,5,1,3.0,Old Property,0,0,0,0,0,1,31,"28.4723° N, 77.0320° E",28.4723,77.032
332,flat,sector 103,signature global grand iva,0.23,6534.09,400.0,1,1,1,4.0,Relatively New,0,0,0,0,0,1,23,"28.4949° N, 76.9845° E",28.4949,76.9845
333,flat,sector 33,godrej nature plus,1.27,9182.94,1252.0,2,2,3+,9.0,Under Construction,0,0,0,0,0,1,38,"28.4420° N, 77.0207° E",28.442,77.0207
334,flat,sector 85,ss the leaf,2.2,11178.86,2390.0,4,5,3+,4.0,Relatively New,0,1,0,1,0,1,174,"28.4042° N, 76.9513° E",28.4042,76.9513
335,house,sector 57,independent,3.5,21604.94,1620.0,4,4,3+,3.0,Old Property,0,0,1,0,0,2,67,"28.4232° N, 77.0752° E",28.4232,77.0752
336,flat,sector 104,puri emerald bay,1.8,8823.53,1538.0,2,3,3,23.0,New Property,0,1,0,0,0,1,36,"28.4788° N, 76.9960° E",28.4788,76.996
337,house,sector 7,independent,3.0,11494.25,2610.0,7,7,0,3.0,Old Property,0,0,0,0,0,1,0,"28.4644° N, 77.0143° E",28.4644,77.0143
338,flat,sector 37,dlf 76,4.0,11428.57,3889.0,4,4,2,4.0,Under Construction,1,1,0,0,0,2,101,"28.4375° N, 76.9999° E",28.4375,76.9999
339,flat,sector 33,ashiana anmol,1.1,8627.45,1275.0,2,2,2,4.0,Under Construction,0,0,0,0,0,1,0,"28.4420° N, 77.0207° E",28.442,77.0207
340,flat,sector 48,central park resort belgravia residences,6.25,24300.16,3200.0,3,5,3+,5.0,Moderately Old,0,1,0,0,0,2,49,"28.4177° N, 77.0359° E",28.4177,77.0359
341,flat,sector 90,dlf regal gardens,1.78,8036.12,2000.0,4,4,3+,8.0,Relatively New,0,0,0,0,0,1,126,"28.4085° N, 76.9369° E",28.4085,76.9369
342,house,sector 26,independent,18.25,18250.0,11111.0,7,9,3+,4.0,Relatively New,1,1,1,1,0,2,77,"28.4757° N, 77.1032° E",28.4757,77.1032
343,flat,sector 71,signature andour heights,0.37,8222.22,450.0,1,1,2,2.0,Relatively New,0,0,0,0,0,1,65,"28.4104° N, 77.0281° E",28.4104,77.0281
344,flat,sector 95,sidhartha ncr one,0.56,4105.57,1364.0,2,2,2,10.0,New Property,0,0,0,0,0,1,0,"28.4172° N, 76.9081° E",28.4172,76.9081
345,flat,sector 84,antriksh heights,0.54,4459.12,1086.0,2,2,3+,17.0,Relatively New,0,0,0,0,0,1,81,"28.3979° N, 76.9736° E",28.3979,76.9736
346,flat,sector 63a,birla navya,3.15,14630.75,2153.0,3,3,3,4.0,Under Construction,0,0,0,0,1,1,44,"28.3923° N, 77.0888° E",28.3923,77.0888
347,house,sector 2,ansals palam vihar,9.0,19230.77,4680.0,5,5,2,2.0,Old Property,1,1,1,1,0,0,110,"28.5095° N, 77.0320° E",28.5095,77.032
348,flat,sector 60,ireo skyon,3.0,12484.39,2400.0,3,3,3,5.0,Relatively New,0,1,0,0,0,2,174,"28.4003° N, 77.0975° E",28.4003,77.0975
349,flat,sector 37c,imperia the esfera,0.86,5449.94,1442.0,2,3,3,9.0,Relatively New,1,0,0,0,1,1,49,"28.4515° N, 76.9882° E",28.4515,76.9882
350,flat,sector 37c,imperia aashiyara,0.4,5882.35,756.0,2,2,3,3.0,Under Construction,0,0,0,0,0,1,126,"28.4515° N, 76.9882° E",28.4515,76.9882
351,house,sector 50,independent,10.56,32592.59,3240.0,5,5,3,3.0,Moderately Old,0,1,0,0,0,1,20,"28.4178° N, 77.0628° E",28.4178,77.0628
352,flat,manesar,hsiidc sidco shivalik apartments,0.85,5102.04,1508.0,3,2,2,5.0,Moderately Old,0,0,0,0,0,1,0,"28.3515° N, 76.9428° E",28.3515,76.9428
353,house,sector 61,smart world orchard,2.01,13001.29,1549.0,3,3,3,4.0,Under Construction,0,0,0,0,0,1,145,"28.4050° N, 77.0963° E",28.405,77.0963
354,flat,sector 62,pioneer araya,9.95,20995.99,3933.0,4,6,3,12.0,Relatively New,0,1,0,1,0,2,138,"28.4139° N, 77.0886° E",28.4139,77.0886
355,house,sector 17,independent,3.0,11111.11,3000.0,4,4,0,1.0,Old Property,0,0,0,0,0,1,0,"28.4791° N, 77.0608° E",28.4791,77.0608
356,flat,sector 83,vatika lifestyle homes,1.1,6267.81,1588.0,3,3,2,8.0,Relatively New,1,0,1,1,0,2,174,"28.3986° N, 76.9647° E",28.3986,76.9647
358,flat,sector 103,landmark the residency,0.9,6666.67,1222.0,2,2,2,1.0,Relatively New,0,0,0,0,0,1,44,"28.4949° N, 76.9845° E",28.4949,76.9845
359,flat,sector 86,microtek greenburg,1.3,15294.12,944.0,2,3,3,5.0,Relatively New,1,0,0,0,0,2,45,"28.3986° N, 76.9384° E",28.3986,76.9384
360,flat,sector 89,smart world gems,1.71,12000.0,1423.0,3,2,0,3.0,New Property,0,0,0,0,0,1,45,"28.4253° N, 76.9439° E",28.4253,76.9439
361,flat,sector 113,la vida by tata housing,3.72,13984.96,2956.0,5,4,3+,0.0,New Property,0,0,0,1,0,0,44,"28.5287° N, 77.0233° E",28.5287,77.0233
363,flat,sector 92,sare homes,0.8,5252.79,1692.0,3,3,3,7.0,Relatively New,1,0,0,0,0,2,80,"28.4079° N, 76.9153° E",28.4079,76.9153
364,house,sector 43,independent,2.5,2884.5,963.0,7,7,3,4.0,Relatively New,0,0,0,0,1,2,20,"28.4629° N, 77.0772° E",28.4629,77.0772
365,flat,sector 65,emaar mgf emerald floors,2.6,15757.58,1650.0,3,3,3+,3.0,Relatively New,0,0,0,0,0,1,0,"28.4030° N, 77.0690° E",28.403,77.069
366,house,sector 82,independent,7.0,21604.94,3240.0,4,4,3+,1.0,Relatively New,1,1,0,1,0,2,49,"28.3935° N, 76.9600° E",28.3935,76.96
368,flat,sector 36,signature global infinity mall,0.41,6269.11,654.0,2,2,3,3.0,New Property,0,0,0,0,0,1,0,"28.4160° N, 76.9914° E",28.416,76.9914
370,flat,sector 109,ats kocoon,2.22,10596.66,1860.0,3,4,3,14.0,Relatively New,1,1,1,1,0,1,45,"28.5073° N, 77.0089° E",28.5073,77.0089
371,flat,sector 6,divya apartments,0.6,7594.94,790.0,2,2,0,2.0,Relatively New,0,0,0,0,0,2,15,"28.4745° N, 77.0262° E",28.4745,77.0262
372,house,sector 103,independent,2.25,6366.72,3534.0,3,5,3+,10.0,Relatively New,0,0,0,0,0,1,0,"28.4949° N, 76.9845° E",28.4949,76.9845
373,flat,sector 92,raheja sampada,0.65,4744.53,1240.0,3,2,3,6.0,Relatively New,0,0,0,0,0,1,49,"28.4079° N, 76.9153° E",28.4079,76.9153
375,flat,sector 81,lavanya apartments,0.9,5056.18,1780.0,3,3,0,7.0,Relatively New,0,0,0,0,0,1,0,"28.3867° N, 76.9485° E",28.3867,76.9485
376,flat,sector 69,tulip yellow,1.8,10563.38,1893.0,3,3,3,14.0,Under Construction,0,0,0,0,0,1,49,"28.3966° N, 77.0341° E",28.3966,77.0341
378,flat,sector 65,emaar mgf emerald estate,1.42,13921.57,1010.0,2,2,2,6.0,Relatively New,1,0,0,0,0,2,174,"28.4030° N, 77.0690° E",28.403,77.069
380,flat,sector 82,vatika the seven lamps,1.0,5924.17,1299.0,2,2,2,11.0,Relatively New,1,0,0,0,0,2,90,"28.3935° N, 76.9600° E",28.3935,76.96
382,flat,sector 85,ss the leaf,1.08,6585.37,1200.0,2,2,3,8.0,New Property,1,1,1,1,0,2,157,"28.4042° N, 76.9513° E",28.4042,76.9513
383,flat,sector 104,godrej summit,1.1,8668.24,1148.0,2,2,3,16.0,Under Construction,0,0,0,0,1,1,88,"28.4788° N, 76.9960° E",28.4788,76.996
384,house,sector 54,suncity township,2.0,3439.97,60.0,9,9,3,11.0,Relatively New,0,1,0,0,0,0,7,"28.4348° N, 77.1089° E",28.4348,77.1089
385,house,sector 105,independent,0.55,10912.7,56.0,2,4,0,2.0,Moderately Old,0,0,0,0,0,1,0,"28.4952° N, 77.0114° E",28.4952,77.0114
386,flat,sector 68,m3m the marina,1.45,9615.38,1365.0,3,2,3+,9.0,New Property,0,0,0,0,0,1,0,"28.3853° N, 77.0484° E",28.3853,77.0484
387,house,sector 66,emaar mgf marbella,18.0,40000.0,4500.0,5,6,3+,3.0,Relatively New,1,1,1,1,0,0,153,"28.3925° N, 77.0541° E",28.3925,77.0541
388,flat,sector 69,tulip purple,1.8,9000.0,2200.0,4,5,3+,4.0,Relatively New,0,1,0,0,0,1,165,"28.3966° N, 77.0341° E",28.3966,77.0341
389,flat,sector 28,suncity platinum towers,6.2,23091.25,2000.0,3,4,3+,21.0,Relatively New,0,1,0,0,0,2,160,"28.4728° N, 77.0865° E",28.4728,77.0865
390,flat,sector 99a,conscient habitat,0.27,5601.66,538.0,2,2,1,8.0,Relatively New,0,0,0,0,1,1,49,"28.4561° N, 76.9542° E",28.4561,76.9542
391,flat,sector 65,emaar mgf emerald floors premier,2.65,16060.61,1650.0,3,3,3,5.0,Relatively New,1,1,0,0,0,1,37,"28.4030° N, 77.0690° E",28.403,77.069
392,flat,sector 85,ss the leaf,1.3,7779.77,1406.0,2,2,3+,16.0,Relatively New,0,0,1,0,0,1,148,"28.4042° N, 76.9513° E",28.4042,76.9513
393,flat,sector 14,essel towers,2.2,12500.0,1956.0,3,4,3+,3.0,Old Property,0,0,0,0,0,1,0,"28.4711° N, 77.0454° E",28.4711,77.0454
394,flat,sector 95,rof ananda,0.26,6842.11,422.0,1,1,1,8.0,New Property,0,0,0,0,0,1,49,"28.4172° N, 76.9081° E",28.4172,76.9081
396,flat,sector 90,dlf regal gardens,1.17,6708.72,1630.0,3,3,3,15.0,Relatively New,0,0,0,0,0,2,136,"28.4085° N, 76.9369° E",28.4085,76.9369
398,flat,sector 67a,ireo the corridors,1.6,9264.62,1346.0,3,3,2,3.0,New Property,0,0,1,0,0,2,142,"28.3960° N, 77.0372° E",28.396,77.0372
399,house,sector 2,independent,3.65,23442.52,1557.0,3,9,3+,3.0,New Property,0,1,0,1,0,2,116,"28.5095° N, 77.0320° E",28.5095,77.032
400,flat,sector 92,raheja navodaya,1.1,4680.85,2350.0,3,2,3,0.0,Relatively New,0,0,0,0,0,1,0,"28.4079° N, 76.9153° E",28.4079,76.9153
401,flat,sector 37c,apex our homes,0.35,3783.78,850.0,2,2,1,7.0,Relatively New,0,0,0,0,0,2,158,"28.4515° N, 76.9882° E",28.4515,76.9882
402,flat,sector 2,bestech park view residency,0.56,8628.66,723.0,1,2,2,7.0,Moderately Old,0,0,0,0,0,1,92,"28.5095° N, 77.0320° E",28.5095,77.032
403,flat,sector 90,dlf regal gardens,1.65,7449.21,2214.0,4,4,3+,15.0,Relatively New,0,0,0,0,0,1,158,"28.4085° N, 76.9369° E",28.4085,76.9369
404,flat,sector 37c,apex our homes,0.38,4108.11,925.0,2,2,1,9.0,Relatively New,0,0,0,0,0,1,65,"28.4515° N, 76.9882° E",28.4515,76.9882
405,flat,sector 33,breeze global heights,0.4,6420.55,623.0,2,2,2,4.0,Under Construction,0,0,0,0,0,1,0,"28.4420° N, 77.0207° E",28.442,77.0207
406,flat,sector 67,m3m merlin,2.65,12945.77,2047.0,3,3,3,0.0,Relatively New,0,0,0,0,1,2,174,"28.3859° N, 77.0608° E",28.3859,77.0608
407,flat,gwal pahari,paras quartier,5.9,11028.04,4842.0,4,4,3+,19.0,New Property,1,1,1,1,0,2,160,"28.4484° N, 77.0210° E",28.4484,77.021
408,house,sector 12,independent,0.38,4222.22,900.0,3,3,3,3.0,Relatively New,0,0,0,0,0,1,0,"28.4723° N, 77.0320° E",28.4723,77.032
409,flat,sector 67,m3m merlin,3.4,14419.0,2016.0,3,4,3,16.0,Relatively New,0,1,0,0,0,2,174,"28.3859° N, 77.0608° E",28.3859,77.0608
410,flat,sector 113,la vida by tata housing,1.35,13989.64,1090.0,2,2,3,10.0,New Property,0,0,0,0,0,1,174,"28.5287° N, 77.0233° E",28.5287,77.0233
412,flat,sector 65,emaar mgf emerald estate,1.73,12401.43,1262.0,3,3,3,9.0,Relatively New,0,1,0,0,0,0,159,"28.4030° N, 77.0690° E",28.403,77.069
413,flat,sector 84,ss almeria,1.48,7400.0,1624.0,3,3,2,1.0,New Property,0,1,1,0,0,2,139,"28.3979° N, 76.9736° E",28.3979,76.9736
414,flat,sector 113,la vida by tata housing,2.48,14090.91,1980.0,3,3,3+,8.0,New Property,0,1,0,0,0,1,79,"28.5287° N, 77.0233° E",28.5287,77.0233
415,house,sector 8,independent,0.32,7111.11,450.0,2,3,1,1.0,Relatively New,0,0,0,0,0,1,0,"28.3738° N, 76.8970° E",28.3738,76.897
416,flat,sector 68,supertech hues,0.93,8611.11,1200.0,2,2,2,11.0,New Property,0,0,0,0,0,1,0,"28.3853° N, 77.0484° E",28.3853,77.0484
417,flat,sector 85,ss the leaf,2.2,5641.03,3920.0,4,6,3,10.0,Relatively New,0,1,0,0,0,1,174,"28.4042° N, 76.9513° E",28.4042,76.9513
418,flat,sector 37c,imperia the esfera,1.1,5405.41,1899.0,3,4,3,9.0,Relatively New,1,1,0,0,0,1,49,"28.4515° N, 76.9882° E",28.4515,76.9882
419,flat,sector 112,experion windchants,3.75,13383.3,2536.0,3,5,3+,22.0,Relatively New,0,1,0,0,0,2,49,"28.5189° N, 77.0183° E",28.5189,77.0183
420,flat,sector 99a,conscient habitat,0.35,6422.02,606.0,2,2,1,3.0,Relatively New,0,0,0,0,0,1,62,"28.4561° N, 76.9542° E",28.4561,76.9542
421,flat,sector 102,conscient heritage max,2.2,10237.32,1945.0,3,4,3+,9.0,Moderately Old,1,1,0,0,0,1,125,"28.4750° N, 76.9715° E",28.475,76.9715
422,flat,sector 69,unitech sunbreeze,0.75,6849.32,991.0,2,2,2,4.0,Under Construction,0,0,0,0,0,1,0,"28.3966° N, 77.0341° E",28.3966,77.0341
423,flat,sector 50,the close north,2.97,11401.15,2600.0,3,3,3+,8.0,Moderately Old,0,1,0,0,0,2,174,"28.4178° N, 77.0628° E",28.4178,77.0628
424,flat,sector 28,dlf regency park,1.91,16608.7,1278.0,2,2,2,11.0,New Property,0,0,0,0,0,0,98,"28.4728° N, 77.0865° E",28.4728,77.0865
425,house,sector 4,independent,0.55,6815.37,75.0,2,1,1,1.0,Moderately Old,0,0,0,0,0,1,0,"28.4738° N, 77.0107° E",28.4738,77.0107
426,flat,sector 113,m3m capital,1.83,13969.47,1310.0,2,2,0,7.0,New Property,0,0,0,0,0,1,68,"28.5287° N, 77.0233° E",28.5287,77.0233
427,flat,sector 82,vatika india next,0.8,6425.7,1383.0,2,2,3,9.0,Relatively New,0,0,0,0,0,1,0,"28.3935° N, 76.9600° E",28.3935,76.96
429,flat,sector 37d,signature global city,0.8,8421.05,860.0,2,2,2,2.0,Under Construction,0,0,0,0,0,1,42,"28.4478° N, 76.9703° E",28.4478,76.9703
430,flat,sector 69,tulip violet,1.75,8883.25,1783.0,4,4,1,12.0,Relatively New,0,0,0,0,0,1,86,"28.3966° N, 77.0341° E",28.3966,77.0341
431,flat,sector 88a,godrej oasis,1.29,7799.27,1642.0,3,3,3,5.0,New Property,1,0,0,0,1,1,65,"28.4347° N, 76.9557° E",28.4347,76.9557
432,flat,sector 33,godrej nature plus,1.25,9025.27,1539.0,2,2,3+,15.0,Under Construction,0,0,0,0,0,1,44,"28.4420° N, 77.0207° E",28.442,77.0207
433,flat,sector 22,ambience creacions,3.99,12912.62,2796.0,3,5,3+,3.0,New Property,0,1,0,0,0,0,102,"28.5072° N, 77.0640° E",28.5072,77.064
434,flat,sector 83,vatika gurgaon,0.98,8166.67,1300.0,2,2,3,5.0,Relatively New,0,0,0,0,0,2,96,"28.3986° N, 76.9647° E",28.3986,76.9647
435,house,sector 4,independent,0.67,8556.83,783.0,3,2,1,1.0,Moderately Old,0,0,0,1,1,1,19,"28.4738° N, 77.0107° E",28.4738,77.0107
436,flat,sector 66,emaar the palm drive,3.9,18633.54,2200.0,3,4,3,2.0,Relatively New,0,0,0,0,0,1,0,"28.3925° N, 77.0541° E",28.3925,77.0541
437,flat,sector 69,tulip violet,3.05,9664.13,2856.0,4,5,3+,14.0,Relatively New,0,1,0,0,1,1,49,"28.3966° N, 77.0341° E",28.3966,77.0341
438,flat,sector 86,ansal heights 86,0.87,5367.06,1231.0,2,2,1,12.0,New Property,0,0,0,0,1,2,45,"28.3986° N, 76.9384° E",28.3986,76.9384
439,flat,sector 106,viridian the plaza 106,0.39,5571.43,567.0,1,1,1,7.0,Relatively New,0,0,0,0,0,1,130,"28.5007° N, 77.0003° E",28.5007,77.0003
440,flat,sector 56,kendriya vihar,0.47,7768.6,672.0,1,1,1,3.0,Old Property,0,0,0,0,0,2,52,"28.4245° N, 77.0991° E",28.4245,77.0991
442,house,sector 26,independent,8.1,35294.12,2295.0,5,5,2,4.0,Old Property,0,0,0,0,0,1,42,"28.4757° N, 77.1032° E",28.4757,77.1032
443,flat,sector 65,emaar mgf emerald floors premier,2.35,14242.42,1650.0,3,3,2,4.0,Relatively New,1,1,0,0,0,1,165,"28.4030° N, 77.0690° E",28.403,77.069
444,house,sector 57,independent,3.3,19097.22,1728.0,4,4,2,3.0,Moderately Old,0,0,1,0,0,2,60,"28.4232° N, 77.0752° E",28.4232,77.0752
445,flat,sector 65,emaar mgf emerald floors premier,2.35,14242.42,1833.0,3,3,3,3.0,Relatively New,1,1,0,0,0,2,124,"28.4030° N, 77.0690° E",28.403,77.069
446,flat,manesar,hsiidc sidco aravali,0.9,3648.16,2233.0,4,4,3,7.0,Moderately Old,0,0,0,0,0,1,0,"28.3515° N, 76.9428° E",28.3515,76.9428
447,flat,sector 70,unitech vistas,0.53,4800.72,991.0,2,2,2,9.0,Under Construction,0,0,0,0,1,1,24,"28.3968° N, 77.0233° E",28.3968,77.0233
448,flat,sector 52,shree kirpalu gi sector 52,1.45,7631.58,1800.0,3,3,3+,7.0,Relatively New,0,0,0,0,1,2,108,"28.4379° N, 77.0785° E",28.4379,77.0785
450,flat,sector 45,unitech greenwood city,2.4,12345.68,195.0,3,3,2,1.0,New Property,0,1,0,0,0,2,19,"28.4466° N, 77.0660° E",28.4466,77.066
451,flat,sector 62,emaar digihomes,4.25,26562.5,1600.0,3,3,3,8.0,Under Construction,1,0,0,0,0,1,16,"28.4139° N, 77.0886° E",28.4139,77.0886
454,flat,sector 63a,signature global city 63a,2.0,12804.1,1540.0,3,3,2,1.0,Under Construction,0,0,0,0,0,1,36,"28.3923° N, 77.0888° E",28.3923,77.0888
455,house,sector 46,independent,3.6,24844.72,1449.0,5,5,3+,3.0,Moderately Old,0,1,0,0,0,2,75,"28.4374° N, 77.0586° E",28.4374,77.0586
456,house,sector 26,independent,6.0,33333.33,1800.0,3,5,3+,3.0,Old Property,0,0,0,0,0,2,9,"28.4757° N, 77.1032° E",28.4757,77.1032
457,flat,sector 63a,signature global city 63a,1.65,15263.64,978.0,2,2,2,1.0,Under Construction,0,0,0,0,0,1,0,"28.3923° N, 77.0888° E",28.3923,77.0888
458,flat,sector 79,bestech altura,2.55,9532.71,2675.0,4,5,2,4.0,New Property,0,1,0,0,0,1,44,"28.3624° N, 76.9787° E",28.3624,76.9787
459,flat,sector 92,sare homes,1.12,5358.85,2322.0,4,4,2,12.0,Relatively New,0,1,0,0,0,1,85,"28.4079° N, 76.9153° E",28.4079,76.9153
460,house,sector 26,dlf city phase 1,5.5,30555.56,1800.0,4,4,3+,2.0,Moderately Old,0,0,1,1,0,1,49,"28.4757° N, 77.1032° E",28.4757,77.1032
462,flat,sector 91,dlf new town heights,1.8,7679.18,2604.0,4,4,3+,6.0,Moderately Old,0,1,0,1,0,1,81,"28.4014° N, 76.9225° E",28.4014,76.9225
463,house,sector 48,vipul tatvam villa,7.25,27970.68,2592.0,3,4,2,2.0,Moderately Old,1,1,1,1,0,2,115,"28.4177° N, 77.0359° E",28.4177,77.0359
464,house,sector 2,independent,0.7,7777.78,900.0,1,1,0,1.0,Moderately Old,0,0,0,0,0,1,0,"28.5095° N, 77.0320° E",28.5095,77.032
465,flat,sector 37c,ild greens,0.95,9223.3,1179.0,2,2,3+,11.0,Relatively New,0,0,1,1,0,2,119,"28.4515° N, 76.9882° E",28.4515,76.9882
466,flat,sector 53,parsvnath exotica,5.0,17271.16,2500.0,3,4,3+,8.0,Relatively New,0,1,0,1,1,2,49,"28.4433° N, 77.0948° E",28.4433,77.0948
467,flat,sector 99a,conscient habitat,0.35,6422.02,606.0,2,2,1,3.0,Relatively New,0,0,0,0,0,1,62,"28.4561° N, 76.9542° E",28.4561,76.9542
468,flat,sector 90,dlf new town heights,1.25,6476.68,1700.0,3,3,3+,17.0,Relatively New,0,1,0,1,0,1,65,"28.4085° N, 76.9369° E",28.4085,76.9369
469,flat,sector 104,ats triumph,1.73,7554.59,2072.0,3,4,3+,15.0,Relatively New,0,1,0,0,0,1,159,"28.4788° N, 76.9960° E",28.4788,76.996
470,flat,sector 66,emaar mgf the palm drive,2.99,14950.0,2000.0,3,3,3,7.0,Relatively New,0,1,0,0,0,2,49,"28.3925° N, 77.0541° E",28.3925,77.0541
471,flat,sector 52,ramshanti cooperative society,1.76,7242.8,2199.0,4,4,3+,12.0,New Property,0,0,0,0,0,1,0,"28.4379° N, 77.0785° E",28.4379,77.0785
472,house,sector 43,independent,8.49,31444.44,2700.0,3,3,2,4.0,Relatively New,0,1,0,1,0,2,21,"28.4629° N, 77.0772° E",28.4629,77.0772
473,flat,sector 48,belgravia resort residences,3.45,18459.07,1869.0,3,3,3,14.0,Moderately Old,0,0,0,0,0,1,0,"28.4177° N, 77.0359° E",28.4177,77.0359
474,flat,sector 37c,millenia,0.4,6666.67,667.0,2,2,2,4.0,New Property,0,0,0,0,0,1,29,"28.4515° N, 76.9882° E",28.4515,76.9882
475,flat,sector 84,alpha corp gurgaonone,1.52,7904.32,1703.0,3,4,3,15.0,Relatively New,0,1,0,0,0,1,92,"28.3979° N, 76.9736° E",28.3979,76.9736
476,flat,sector 70,shree vardhman victoria,1.5,7692.31,1527.0,3,5,3,7.0,Relatively New,0,1,0,0,0,2,174,"28.3968° N, 77.0233° E",28.3968,77.0233
477,flat,sector 81,signature global synera,0.48,8450.7,613.0,2,2,1,7.0,Relatively New,0,0,0,0,0,2,70,"28.3867° N, 76.9485° E",28.3867,76.9485
478,flat,sector 113,la vida by tata housing,2.33,12533.62,2098.0,3,3,3,3.0,New Property,0,1,0,0,0,1,174,"28.5287° N, 77.0233° E",28.5287,77.0233
480,flat,sector 90,shree vardhman flora,0.92,4717.95,2167.0,3,3,2,6.0,Relatively New,1,0,0,0,0,2,49,"28.4085° N, 76.9369° E",28.4085,76.9369
481,flat,sector 95,signature the roselia,0.48,7164.18,744.0,2,2,2,6.0,Relatively New,0,0,0,0,0,1,16,"28.4172° N, 76.9081° E",28.4172,76.9081
482,house,sector 23,independent,5.1,16569.2,3078.0,3,2,0,1.0,Old Property,0,0,0,0,1,1,27,"28.5121° N, 77.0478° E",28.5121,77.0478
483,flat,sector 67,bestech park view spa next,2.72,11574.47,2250.0,4,4,3+,0.0,Relatively New,0,1,0,1,0,2,128,"28.3859° N, 77.0608° E",28.3859,77.0608
484,flat,sector 65,emaar emerald hills,1.95,13928.57,1556.0,3,3,3+,1.0,New Property,0,0,1,0,0,2,117,"28.4030° N, 77.0690° E",28.403,77.069
485,flat,sector 85,ss the leaf,1.93,8075.31,2400.0,3,4,3,7.0,Relatively New,0,1,0,0,0,1,174,"28.4042° N, 76.9513° E",28.4042,76.9513
486,flat,sector 81,signature global synera,0.5,7886.44,704.0,2,2,1,11.0,New Property,0,0,0,0,0,0,97,"28.3867° N, 76.9485° E",28.3867,76.9485
487,flat,sector 81,vipul lavanya,0.6,6666.67,1000.0,2,2,1,0.0,Relatively New,0,0,0,0,0,1,49,"28.3867° N, 76.9485° E",28.3867,76.9485
488,flat,sector 31,raheja atlantis,5.5,18688.41,2663.0,4,5,3+,1.0,Relatively New,1,1,0,1,0,1,81,"28.4528° N, 77.0498° E",28.4528,77.0498
489,flat,sector 69,tulip violet,2.0,10167.77,2186.0,4,4,1,12.0,Relatively New,0,0,0,0,0,1,79,"28.3966° N, 77.0341° E",28.3966,77.0341
490,flat,sector 37d,bptp terra,1.95,14444.44,1650.0,4,3,3,7.0,Under Construction,0,0,0,0,0,1,53,"28.4478° N, 76.9703° E",28.4478,76.9703
491,flat,sector 90,dlf regal gardens,1.25,7167.43,1578.0,3,3,2,11.0,Relatively New,0,0,0,0,1,1,14,"28.4085° N, 76.9369° E",28.4085,76.9369
492,flat,sector 33,central park flower valley,2.5,13269.64,2093.0,3,3,2,1.0,Under Construction,0,0,0,0,0,1,66,"28.4420° N, 77.0207° E",28.442,77.0207
493,flat,sector 102,shapoorji pallonji joyville,1.1,12021.86,915.0,2,2,1,7.0,Relatively New,0,0,0,0,0,1,0,"28.4750° N, 76.9715° E",28.475,76.9715
495,flat,sector 81,dlf the ultima,2.3,14603.17,1825.0,3,4,3+,27.0,Relatively New,0,1,0,0,0,2,119,"28.3867° N, 76.9485° E",28.3867,76.9485
496,flat,sector 67a,ireo the corridors,2.0,11580.78,1346.0,3,3,2,6.0,Under Construction,0,0,0,0,1,1,15,"28.3960° N, 77.0372° E",28.396,77.0372
497,flat,sector 84,pivotal devaan,0.34,7039.34,537.0,2,2,1,1.0,Relatively New,0,0,1,0,0,2,84,"28.3979° N, 76.9736° E",28.3979,76.9736
498,house,sector 49,eros rosewood city,1.6,3499.56,60.0,4,4,3,4.0,New Property,0,0,0,0,0,2,27,"28.4121° N, 77.0480° E",28.4121,77.048
499,flat,sector 90,dlf new town heights,1.6,6768.19,2139.0,4,4,3+,10.0,Relatively New,0,1,0,1,0,1,88,"28.4085° N, 76.9369° E",28.4085,76.9369
500,flat,sector 106,paras dews,1.05,8536.59,1345.0,3,4,3+,10.0,Relatively New,0,1,0,0,0,1,174,"28.5007° N, 77.0003° E",28.5007,77.0003
501,house,sector 53,independent,4.65,17573.7,2646.0,5,5,3+,1.0,Moderately Old,0,0,0,0,0,2,0,"28.4433° N, 77.0948° E",28.4433,77.0948
502,house,sector 25,independent,11.0,35529.72,3096.0,5,5,3+,2.0,Relatively New,1,1,1,1,0,1,29,"28.4844° N, 77.0860° E",28.4844,77.086
503,flat,sector 74,m3m skywalk,2.2,10901.88,1826.0,3,3,3,12.0,New Property,1,0,0,0,0,2,15,"28.4158° N, 77.0118° E",28.4158,77.0118
504,flat,sector 70,tulip orange,1.1,8148.15,1350.0,3,2,2,5.0,Relatively New,0,0,0,0,0,1,0,"28.3968° N, 77.0233° E",28.3968,77.0233
505,flat,sector 61,pioneer park,3.6,12627.15,2580.0,4,4,3,3.0,Moderately Old,0,1,0,0,0,2,121,"28.4050° N, 77.0963° E",28.405,77.0963
506,flat,sector 95,ramprasta awho,0.92,5257.14,1750.0,3,3,3+,13.0,New Property,0,0,0,0,0,1,0,"28.4172° N, 76.9081° E",28.4172,76.9081
507,flat,sector 37c,ild greens,1.05,7500.0,1500.0,3,3,3,4.0,New Property,0,0,0,0,0,2,5,"28.4515° N, 76.9882° E",28.4515,76.9882
508,flat,sector 63,baani city center,0.88,10945.27,804.0,1,1,2,4.0,New Property,0,0,0,0,0,1,0,"28.3971° N, 77.0867° E",28.3971,77.0867
509,flat,gwal pahari,suncity vatsal valley,1.45,10139.86,1430.0,3,3,3,4.0,Under Construction,0,0,0,0,0,1,49,"28.4484° N, 77.0210° E",28.4484,77.021
510,house,sector 109,international city by sobha phase 1,5.9,24279.84,2430.0,4,5,2,2.0,Relatively New,0,1,0,0,0,2,111,"28.5073° N, 77.0089° E",28.5073,77.0089
511,flat,sector 85,ss the leaf,1.87,7778.7,2225.0,3,4,3,7.0,Relatively New,0,0,0,0,0,1,49,"28.4042° N, 76.9513° E",28.4042,76.9513
512,flat,sector 33,central park flower valley,2.2,10476.19,1900.0,3,3,3,12.0,New Property,0,1,0,0,0,2,49,"28.4420° N, 77.0207° E",28.442,77.0207
513,flat,sector 56,professors enclave cghs,1.54,8324.32,1920.0,3,3,2,6.0,Old Property,0,1,0,1,0,2,104,"28.4245° N, 77.0991° E",28.4245,77.0991
514,flat,sector 83,vatika gurgaon,1.12,6455.33,1200.0,3,3,2,4.0,Relatively New,1,1,1,1,0,2,165,"28.3986° N, 76.9647° E",28.3986,76.9647
515,flat,sector 79,mapsko mount ville,1.65,9090.91,1815.0,3,3,0,12.0,Relatively New,0,0,0,0,0,1,0,"28.3624° N, 76.9787° E",28.3624,76.9787
516,flat,manesar,hsiidc sidco aravali,0.9,3477.59,1900.0,3,3,3+,8.0,Moderately Old,0,1,0,0,0,1,23,"28.3515° N, 76.9428° E",28.3515,76.9428
517,flat,sector 84,alpha corp gurgaonone,1.2,9448.82,1149.0,2,2,1,6.0,Relatively New,0,0,0,0,0,1,13,"28.3979° N, 76.9736° E",28.3979,76.9736
518,flat,sector 68,supertech hues,1.0,8474.58,1311.0,2,2,2,12.0,New Property,0,0,0,0,0,1,54,"28.3853° N, 77.0484° E",28.3853,77.0484
519,flat,sector 82a,dlf the primus,2.7,10481.37,2576.0,4,4,3+,18.0,Moderately Old,0,1,0,0,0,1,38,"28.3858° N, 76.9686° E",28.3858,76.9686
520,flat,sector 69,tulip violet,1.36,8618.5,1291.0,3,3,1,12.0,Relatively New,0,0,0,1,0,1,95,"28.3966° N, 77.0341° E",28.3966,77.0341
522,flat,sector 111,puri diplomatic greens,2.58,11727.27,2200.0,3,4,2,9.0,Relatively New,0,1,0,0,0,1,101,"28.5238° N, 77.0320° E",28.5238,77.032
523,house,sector 43,independent,5.5,19298.25,2850.0,8,7,3+,3.0,Moderately Old,1,1,0,1,1,2,123,"28.4629° N, 77.0772° E",28.4629,77.0772
524,flat,sector 37c,corona optus,1.44,7250.76,2211.0,3,3,3+,8.0,New Property,0,1,0,0,0,1,37,"28.4515° N, 76.9882° E",28.4515,76.9882
525,flat,sector 107,signature global solera,0.3,6134.97,544.0,2,2,1,5.0,Relatively New,0,0,0,0,0,1,57,"28.5052° N, 76.9729° E",28.5052,76.9729
526,house,sector 26,independent,12.5,38580.25,3240.0,5,5,3+,2.0,Old Property,1,1,1,1,0,2,79,"28.4757° N, 77.1032° E",28.4757,77.1032
528,house,sector 38,sector 38 rwa,4.3,28781.79,1494.0,3,9,3+,3.0,Relatively New,0,0,0,1,1,2,41,"28.4347° N, 77.0430° E",28.4347,77.043
529,flat,sector 65,emaar mgf emerald floors premier,3.0,15189.87,1975.0,4,4,3+,2.0,Relatively New,0,1,0,0,0,1,87,"28.4030° N, 77.0690° E",28.403,77.069
532,flat,sector 70,unitech vistas,0.53,4800.72,991.0,2,2,2,9.0,Under Construction,0,0,0,0,1,1,24,"28.3968° N, 77.0233° E",28.3968,77.0233
533,house,sector 26,independent,8.9,32962.96,2700.0,4,4,3+,2.0,Old Property,1,1,1,1,0,1,82,"28.4757° N, 77.1032° E",28.4757,77.1032
534,flat,sector 81,dlf the ultima,2.35,11233.27,1558.0,3,4,3+,18.0,Relatively New,0,1,0,0,0,1,106,"28.3867° N, 76.9485° E",28.3867,76.9485
536,flat,sector 104,godrej summit,0.98,5950.21,1490.0,3,3,3,12.0,Relatively New,0,0,0,0,1,1,79,"28.4788° N, 76.9960° E",28.4788,76.996
538,flat,sector 88a,godrej icon,1.75,14893.62,1306.0,3,3,3+,6.0,New Property,0,0,0,0,0,1,55,"28.4347° N, 76.9557° E",28.4347,76.9557
539,flat,gwal pahari,valley view estate,1.5,8278.15,2013.0,4,4,3+,9.0,Old Property,1,1,0,0,1,1,135,"28.4484° N, 77.0210° E",28.4484,77.021
540,flat,sector 49,orchid petals,2.51,12178.55,2061.0,3,3,3+,7.0,Old Property,1,0,0,0,0,2,72,"28.4121° N, 77.0480° E",28.4121,77.048
542,flat,sector 85,orris aster court,0.67,5826.09,1250.0,2,2,2,5.0,Relatively New,0,0,0,0,1,2,174,"28.4042° N, 76.9513° E",28.4042,76.9513
543,flat,sector 48,parsvnath green ville,3.3,9984.87,3305.0,5,5,3+,4.0,Old Property,0,1,0,0,0,1,71,"28.4177° N, 77.0359° E",28.4177,77.0359
544,flat,sector 89,vatika seven elements,1.6,8163.27,1774.0,3,3,3,5.0,New Property,0,0,0,0,0,1,58,"28.4253° N, 76.9439° E",28.4253,76.9439
545,flat,sector 79,godrej,2.0,8453.09,2629.0,3,4,3+,2.0,Relatively New,0,1,0,0,0,2,156,"28.3624° N, 76.9787° E",28.3624,76.9787
546,house,sector 41,independent,11.0,33950.62,3240.0,4,4,2,3.0,New Property,1,1,0,1,0,1,35,"28.4557° N, 77.0632° E",28.4557,77.0632
547,flat,sector 78,umang monsoon breeze,0.7,5718.95,1224.0,2,2,2,5.0,Moderately Old,0,0,0,0,0,1,0,"28.3733° N, 76.9729° E",28.3733,76.9729
548,house,sector 2,ansals palam vihar,2.68,17212.59,1557.0,4,3,2,3.0,Moderately Old,0,0,1,0,0,2,74,"28.5095° N, 77.0320° E",28.5095,77.032
549,flat,sector 81,signature global city 81,0.89,8279.07,1194.0,2,2,2,3.0,Under Construction,0,0,0,0,1,1,20,"28.3867° N, 76.9485° E",28.3867,76.9485
550,flat,sector 60,ireo skyon,3.75,13392.86,2534.0,4,5,3,15.0,Relatively New,0,1,0,0,0,1,167,"28.4003° N, 77.0975° E",28.4003,77.0975
551,flat,sector 102,shapoorji pallonji joyville gurugram,1.77,9194.81,1653.0,3,3,3,1.0,Relatively New,0,0,0,0,0,1,151,"28.4750° N, 76.9715° E",28.475,76.9715
552,flat,sector 15,the pearl apartmen,0.43,5584.42,856.0,2,2,1,2.0,Relatively New,0,0,0,0,0,2,28,"28.4621° N, 77.0464° E",28.4621,77.0464
554,house,sector 105,independent,0.65,9027.78,720.0,3,2,1,1.0,Relatively New,0,0,0,1,1,1,14,"28.4952° N, 77.0114° E",28.4952,77.0114
555,flat,sector 99a,prime habitat,0.27,5432.6,552.0,2,2,1,4.0,New Property,0,0,0,0,0,1,7,"28.4561° N, 76.9542° E",28.4561,76.9542
556,flat,sector 61,smart world orchard,1.6,13913.04,1278.0,2,2,2,3.0,New Property,1,0,0,0,0,1,122,"28.4050° N, 77.0963° E",28.405,77.0963
557,flat,sector 92,bestech park view sanskruti,1.68,11052.63,1804.0,3,4,3+,15.0,Relatively New,0,1,0,0,0,2,174,"28.4079° N, 76.9153° E",28.4079,76.9153
558,house,sector 33,unitech uniworld resorts,10.0,20202.02,4950.0,5,6,3,4.0,New Property,1,1,0,0,0,1,26,"28.4420° N, 77.0207° E",28.442,77.0207
559,flat,sector 110,indiabulls enigma,3.6,10588.24,3077.0,4,5,3,7.0,Relatively New,0,1,0,0,0,1,165,"28.5145° N, 77.0197° E",28.5145,77.0197
560,flat,sector 93,spaze privvy the address,1.25,6898.45,1350.0,3,4,2,12.0,Relatively New,0,0,0,0,0,2,96,"28.4153° N, 76.9326° E",28.4153,76.9326
561,flat,sector 70,shree vardhman victoria,1.75,8974.36,1950.0,3,4,2,16.0,Relatively New,0,1,0,1,0,1,49,"28.3968° N, 77.0233° E",28.3968,77.0233
562,flat,sector 61,smart world orchard,1.47,12250.0,1333.0,2,2,2,2.0,Under Construction,1,0,0,0,0,1,76,"28.4050° N, 77.0963° E",28.405,77.0963
563,house,sector 31,independent,4.25,26234.57,1620.0,5,5,3+,3.0,Moderately Old,0,0,1,1,0,2,56,"28.4528° N, 77.0498° E",28.4528,77.0498
564,flat,sector 47,cghs airport apartment,1.65,7857.14,1906.0,3,3,3,1.0,Old Property,0,0,0,0,1,2,136,"28.4276° N, 77.0492° E",28.4276,77.0492
565,flat,sector 56,smriti apartment,0.45,7500.0,543.0,1,1,2,3.0,Old Property,0,0,0,0,0,1,57,"28.4245° N, 77.0991° E",28.4245,77.0991
566,flat,sector 107,signature global solera,0.52,8062.02,717.0,3,2,2,5.0,Relatively New,0,0,0,0,1,1,15,"28.5052° N, 76.9729° E",28.5052,76.9729
568,flat,sector 104,zara aavaas,0.2,6644.52,301.0,1,1,1,3.0,Relatively New,0,0,0,0,0,1,67,"28.4788° N, 76.9960° E",28.4788,76.996
569,flat,sector 85,orris aster court,0.93,5670.73,1587.0,3,3,3,8.0,Relatively New,0,0,0,0,0,1,0,"28.4042° N, 76.9513° E",28.4042,76.9513
570,house,sector 28,independent,11.75,41315.05,2844.0,4,5,3+,4.0,Relatively New,1,1,1,0,0,2,54,"28.4728° N, 77.0865° E",28.4728,77.0865
571,flat,sector 104,puri emerald bay,2.23,9911.11,2359.0,3,4,3+,10.0,Relatively New,0,1,0,0,0,2,159,"28.4788° N, 76.9960° E",28.4788,76.996
572,flat,sector 68,m3m ikonic,1.78,9128.21,1845.0,3,3,3+,27.0,Relatively New,0,0,0,0,0,2,126,"28.3853° N, 77.0484° E",28.3853,77.0484
573,house,sector 49,ss aaron ville,6.75,19736.84,3420.0,5,4,2,2.0,Old Property,1,1,1,0,0,1,78,"28.4121° N, 77.0480° E",28.4121,77.048
574,flat,sector 92,ansal heights,0.72,4500.0,1700.0,3,3,3,9.0,Relatively New,0,1,0,0,0,1,49,"28.4079° N, 76.9153° E",28.4079,76.9153
575,flat,sector 52,pgr shree kripaluji apartment,1.4,6086.96,2556.0,3,3,3+,8.0,Relatively New,0,0,0,0,0,2,80,"28.4379° N, 77.0785° E",28.4379,77.0785
576,flat,sector 109,ats kocoon,2.2,10501.19,1860.0,3,4,3,13.0,Relatively New,0,1,0,0,0,1,165,"28.5073° N, 77.0089° E",28.5073,77.0089
577,flat,sector 84,antriksh heights,0.49,4355.56,1018.0,2,2,2,16.0,Relatively New,0,0,0,0,0,1,66,"28.3979° N, 76.9736° E",28.3979,76.9736
578,flat,sector 54,dlf the belaire,10.0,24557.96,3000.0,4,5,3+,17.0,Moderately Old,0,1,0,0,0,0,167,"28.4348° N, 77.1089° E",28.4348,77.1089
579,flat,sector 83,emaar palm gardens,1.75,9210.53,1600.0,3,3,3,6.0,Relatively New,0,1,0,0,0,2,174,"28.3986° N, 76.9647° E",28.3986,76.9647
581,flat,sector 54,sunischit apartments,1.75,7954.55,1900.0,3,4,3+,5.0,Moderately Old,0,1,0,0,0,2,83,"28.4348° N, 77.1089° E",28.4348,77.1089
582,flat,sector 102,shapoorji pallonji joyville gurugram,1.1,12181.62,817.0,2,2,1,8.0,Under Construction,0,0,0,0,0,1,105,"28.4750° N, 76.9715° E",28.475,76.9715
583,flat,sector 3,godrej habitat,1.2,8310.25,1307.0,2,2,3,0.0,Under Construction,0,0,0,0,0,1,60,"28.4909° N, 77.0176° E",28.4909,77.0176
585,flat,sector 85,ss the leaf,1.77,7350.5,2179.0,3,4,3+,7.0,New Property,0,0,1,0,0,1,107,"28.4042° N, 76.9513° E",28.4042,76.9513
586,house,sector 105,independent,0.6,13333.33,450.0,3,3,0,3.0,Moderately Old,0,0,0,0,0,1,0,"28.4952° N, 77.0114° E",28.4952,77.0114
588,flat,sector 57,ansal sushant residency,1.5,6775.07,273.0,3,2,3+,1.0,Moderately Old,0,0,0,0,0,1,87,"28.4232° N, 77.0752° E",28.4232,77.0752
589,flat,sector 71,chd avenue,1.15,6526.67,1541.0,3,3,2,15.0,Moderately Old,0,1,0,0,0,2,66,"28.4104° N, 77.0281° E",28.4104,77.0281
590,flat,sector 109,ats tourmaline,1.4,8000.0,1584.0,3,3,3+,9.0,Relatively New,0,0,0,0,0,1,95,"28.5073° N, 77.0089° E",28.5073,77.0089
591,flat,sector 88b,vatika xpressions,0.92,6814.81,1350.0,2,2,3,3.0,New Property,0,0,0,0,0,1,26,"28.4446° N, 76.9542° E",28.4446,76.9542
592,flat,sector 67a,pyramid urban,0.56,7932.01,778.0,2,2,2,0.0,Relatively New,0,0,0,0,1,1,49,"28.3960° N, 77.0372° E",28.396,77.0372
595,flat,sector 54,swarn jayanti cghs,1.75,7608.7,1900.0,4,3,3+,3.0,Old Property,0,0,0,0,1,2,26,"28.4348° N, 77.1089° E",28.4348,77.1089
596,flat,sector 85,ss the leaf,1.3,7926.83,1484.0,2,2,2,17.0,New Property,0,0,0,0,0,1,90,"28.4042° N, 76.9513° E",28.4042,76.9513
597,flat,sector 68,m3m sierra 68,1.08,8674.7,1130.0,2,2,3,1.0,Relatively New,0,0,0,0,0,2,149,"28.3853° N, 77.0484° E",28.3853,77.0484
598,flat,sector 113,la vida by tata housing,1.45,11363.64,1080.0,2,2,2,6.0,Relatively New,0,0,0,0,0,1,80,"28.5287° N, 77.0233° E",28.5287,77.0233
599,flat,sector 82,mapsko casa bella,1.3,6378.8,1774.0,4,4,3+,1.0,Relatively New,0,1,0,0,0,1,130,"28.3935° N, 76.9600° E",28.3935,76.96
601,flat,sector 92,sare crescent parc,0.5,5000.0,905.0,2,2,2,2.0,Relatively New,0,0,0,0,1,1,72,"28.4079° N, 76.9153° E",28.4079,76.9153
603,flat,sector 111,lotus homz,0.36,8888.89,450.0,1,1,1,10.0,Relatively New,0,0,0,0,0,1,44,"28.5238° N, 77.0320° E",28.5238,77.032
604,flat,sector 104,ats triumph,2.55,13076.92,2509.0,4,4,3+,21.0,Relatively New,0,1,0,0,0,1,150,"28.4788° N, 76.9960° E",28.4788,76.996
605,house,sector 4,independent,5.0,10101.01,4950.0,3,3,2,1.0,Old Property,0,0,0,0,0,1,22,"28.4738° N, 77.0107° E",28.4738,77.0107
606,flat,sector 49,vatika city,2.1,10416.67,1604.25,3,3,3,9.0,Moderately Old,0,0,0,1,0,2,132,"28.4121° N, 77.0480° E",28.4121,77.048
607,flat,sector 81,bestech park view ananda,1.4,7734.81,1475.0,3,3,3+,6.0,Relatively New,0,0,0,0,0,1,95,"28.3867° N, 76.9485° E",28.3867,76.9485
608,house,sector 47,independent,5.25,11666.67,4650.0,9,9,3+,4.0,Relatively New,0,1,0,0,0,2,142,"28.4276° N, 77.0492° E",28.4276,77.0492
609,flat,sector 82,vatika the seven lamps,1.0,6968.64,1299.0,2,2,2,14.0,Relatively New,1,0,0,0,1,1,69,"28.3935° N, 76.9600° E",28.3935,76.96
611,flat,sector 2,ansal plaza,1.0,10000.0,1000.0,2,3,0,1.0,Moderately Old,0,0,0,0,0,1,0,"28.5095° N, 77.0320° E",28.5095,77.032
612,flat,sector 83,sapphire eighty three,0.65,9285.71,700.0,1,1,0,6.0,Relatively New,0,0,0,0,0,1,0,"28.3986° N, 76.9647° E",28.3986,76.9647
613,flat,sector 108,experion the heartsong,2.0,8554.32,2116.0,3,3,3+,14.0,Relatively New,0,1,0,0,0,1,95,"28.5134° N, 76.9830° E",28.5134,76.983
614,flat,sector 85,ss the leaf,2.03,7229.34,2225.0,4,4,3+,3.0,Relatively New,0,0,0,0,1,1,49,"28.4042° N, 76.9513° E",28.4042,76.9513
615,flat,sector 81,bestech park view grand spa,2.91,9136.58,3017.0,4,5,2,6.0,Relatively New,0,1,0,0,0,2,101,"28.3867° N, 76.9485° E",28.3867,76.9485
617,house,sector 26,independent,13.5,29880.48,4518.0,5,5,3+,2.0,Relatively New,1,1,0,1,1,0,49,"28.4757° N, 77.1032° E",28.4757,77.1032
618,flat,sector 33,godrej nature plus,1.5,10197.14,1539.0,2,2,3+,2.0,Under Construction,0,0,0,0,0,1,87,"28.4420° N, 77.0207° E",28.442,77.0207
619,flat,sector 108,raheja vedaanta,0.65,4761.9,1235.0,2,2,2,5.0,Relatively New,0,0,0,1,0,2,174,"28.5134° N, 76.9830° E",28.5134,76.983
620,house,sector 109,international city by sobha phase 2,9.5,26388.89,3600.0,5,5,3+,2.0,Relatively New,1,1,1,1,0,1,133,"28.5073° N, 77.0089° E",28.5073,77.0089
621,flat,sector 107,signature global solera,0.27,5521.47,543.0,2,2,2,0.0,Relatively New,0,0,0,0,0,1,45,"28.5052° N, 76.9729° E",28.5052,76.9729
622,flat,sector 69,tulip violet,1.5,10714.29,1492.0,3,3,2,8.0,Relatively New,0,0,0,1,0,2,174,"28.3966° N, 77.0341° E",28.3966,77.0341
623,flat,sector 69,tulip violet,1.9,9452.74,1819.0,4,4,2,0.0,Relatively New,0,0,0,0,0,1,49,"28.3966° N, 77.0341° E",28.3966,77.0341
624,flat,sector 85,orris aster court,0.69,5219.36,1075.0,2,2,2,5.0,Relatively New,0,0,0,0,0,1,37,"28.4042° N, 76.9513° E",28.4042,76.9513
625,flat,sector 84,antriksh heights,0.85,5555.56,1222.0,2,2,3,10.0,New Property,1,0,0,0,1,1,24,"28.3979° N, 76.9736° E",28.3979,76.9736
626,flat,sector 92,gls avenue 51,0.21,6953.64,336.0,1,1,1,0.0,Relatively New,0,0,0,0,0,1,63,"28.4079° N, 76.9153° E",28.4079,76.9153
627,flat,sector 48,parsvnath green ville,1.86,7654.32,2199.0,3,3,3+,6.0,Moderately Old,0,1,0,0,0,2,94,"28.4177° N, 77.0359° E",28.4177,77.0359
628,flat,sector 28,maruti vihar,1.0,9090.91,995.0,1,1,1,1.0,Old Property,1,0,0,1,0,2,80,"28.4728° N, 77.0865° E",28.4728,77.0865
630,flat,sector 81,dlf the ultima,2.12,10080.84,1650.0,3,3,3+,9.0,Relatively New,1,1,0,1,1,0,49,"28.3867° N, 76.9485° E",28.3867,76.9485
631,flat,sector 72,tata primanti,3.85,13253.01,2629.0,4,5,3+,13.0,Relatively New,0,1,0,0,0,2,174,"28.4225° N, 77.0211° E",28.4225,77.0211
632,flat,sector 82a,dlf the primus,3.5,13430.54,2896.0,5,5,3+,14.0,Relatively New,1,0,0,0,0,0,49,"28.3858° N, 76.9686° E",28.3858,76.9686
633,house,sector 49,uppal southend,6.75,32327.59,2088.0,4,4,3,3.0,Relatively New,0,1,0,0,0,2,26,"28.4121° N, 77.0480° E",28.4121,77.048
636,flat,sector 37d,ramprastha the edge towers,0.75,5319.15,1410.0,2,2,3,19.0,Moderately Old,0,0,0,0,0,1,63,"28.4478° N, 76.9703° E",28.4478,76.9703
637,flat,sector 107,m3m woodshire,0.75,5490.48,1201.0,2,2,3+,14.0,Relatively New,0,0,0,1,0,1,174,"28.5052° N, 76.9729° E",28.5052,76.9729
638,flat,sector 71,chd avenue,1.2,7407.41,1466.0,3,3,3,4.0,Relatively New,0,0,0,0,1,2,49,"28.4104° N, 77.0281° E",28.4104,77.0281
639,flat,sector 83,emaar palm gardens,1.4,9675.19,1582.0,3,3,3,11.0,Relatively New,0,1,0,0,0,0,58,"28.3986° N, 76.9647° E",28.3986,76.9647
640,flat,sector 89,smart world gems,1.2,8432.89,1423.0,3,3,2,2.0,New Property,0,0,0,0,0,1,45,"28.4253° N, 76.9439° E",28.4253,76.9439
642,flat,sector 51,housing board colony,0.3,7317.07,459.0,1,1,2,0.0,Old Property,0,0,0,0,0,1,0,"28.4320° N, 77.0686° E",28.432,77.0686
643,flat,sector 70,shree vardhman victoria,1.15,8518.52,1222.0,2,2,3,8.0,Relatively New,1,0,0,0,1,1,49,"28.3968° N, 77.0233° E",28.3968,77.0233
644,house,sector 14,sector 14 rwa,6.5,20634.92,3150.0,4,4,3+,2.0,Moderately Old,0,0,0,0,0,1,0,"28.4711° N, 77.0454° E",28.4711,77.0454
645,flat,sector 88a,godrej oasis,1.15,7116.34,1380.0,2,2,3,14.0,Relatively New,1,0,0,1,0,1,174,"28.4347° N, 76.9557° E",28.4347,76.9557
647,flat,sector 83,vatika gurgaon,1.25,6313.13,1792.0,3,3,2,2.0,Relatively New,0,1,0,0,0,1,119,"28.3986° N, 76.9647° E",28.3986,76.9647
649,flat,sector 86,pyramid urban homes 2,0.5,9689.92,573.0,2,2,2,6.0,Old Property,0,0,0,0,0,1,15,"28.3986° N, 76.9384° E",28.3986,76.9384
650,house,sector 2,independent,4.95,20370.37,2430.0,6,5,3+,3.0,Relatively New,0,1,0,0,0,1,91,"28.5095° N, 77.0320° E",28.5095,77.032
651,flat,sector 12,shri balaji apartment,0.35,4036.91,737.0,2,2,1,1.0,Moderately Old,0,0,0,0,0,1,23,"28.4723° N, 77.0320° E",28.4723,77.032
652,flat,sector 60,ireo skyon,2.65,13125.31,2037.0,3,4,3+,7.0,Moderately Old,0,1,0,0,0,2,152,"28.4003° N, 77.0975° E",28.4003,77.0975
653,flat,manesar,deepak minda,1.25,4715.2,2944.0,3,3,3+,6.0,Moderately Old,0,1,0,0,0,1,44,"28.3515° N, 76.9428° E",28.3515,76.9428
654,flat,sector 65,m3m heights,3.67,17990.2,2040.0,3,3,2,27.0,Under Construction,0,1,0,0,0,1,43,"28.4030° N, 77.0690° E",28.403,77.069
655,flat,sector 33,central park flower valley,1.79,11250.79,1619.0,3,3,3,3.0,Old Property,0,0,0,0,0,1,71,"28.4420° N, 77.0207° E",28.442,77.0207
656,flat,sector 113,smartworld 1dxp,2.75,10589.14,2886.0,4,4,3+,20.0,Under Construction,1,1,0,1,0,0,57,"28.5287° N, 77.0233° E",28.5287,77.0233
657,house,sector 54,independent,3.75,26041.67,1440.0,4,4,3,3.0,Moderately Old,0,1,0,0,0,2,13,"28.4348° N, 77.1089° E",28.4348,77.1089
658,flat,sector 69,tulip violet,1.4,8860.76,1428.0,3,3,2,2.0,Relatively New,0,0,0,1,0,1,102,"28.3966° N, 77.0341° E",28.3966,77.0341
659,house,sector 92,ansal heights,2.75,9793.45,5000.0,4,4,3+,3.0,Relatively New,1,0,0,1,0,1,0,"28.4079° N, 76.9153° E",28.4079,76.9153
660,flat,sector 54,la lagune,6.75,21360.76,2455.0,4,6,3+,11.0,Moderately Old,0,1,0,0,0,2,119,"28.4348° N, 77.1089° E",28.4348,77.1089
661,flat,sector 82,vatika the seven lamps,0.86,6022.41,1294.0,2,2,2,12.0,Relatively New,1,0,0,0,0,2,135,"28.3935° N, 76.9600° E",28.3935,76.96
662,flat,sector 104,puri emerald bay,2.25,10465.12,2303.0,3,4,3+,4.0,Relatively New,0,1,0,0,0,2,159,"28.4788° N, 76.9960° E",28.4788,76.996
663,flat,sector 104,godrej summit,1.35,5014.86,2991.0,4,5,3+,0.0,Relatively New,1,1,1,1,0,1,88,"28.4788° N, 76.9960° E",28.4788,76.996
665,flat,sector 56,the lions cghs,2.0,8333.33,2253.0,4,4,3,8.0,Relatively New,0,0,0,0,1,2,49,"28.4245° N, 77.0991° E",28.4245,77.0991
666,flat,sector 88a,godrej oasis,1.38,6679.57,2296.0,3,3,3+,7.0,Relatively New,0,1,0,0,0,1,72,"28.4347° N, 76.9557° E",28.4347,76.9557
667,house,sector 9,independent,0.35,9722.22,360.0,2,2,1,2.0,Old Property,0,0,0,0,0,1,0,"28.4603° N, 77.0000° E",28.4603,77.0
670,flat,sector 79,godrej,1.28,8504.98,1362.0,3,3,3,7.0,Relatively New,0,0,0,0,0,1,158,"28.3624° N, 76.9787° E",28.3624,76.9787
671,house,sector 23,independent,5.5,13095.24,4200.0,9,9,3+,3.0,Moderately Old,0,1,0,0,1,2,0,"28.5121° N, 77.0478° E",28.5121,77.0478
672,house,sector 26,dlf city plots,16.0,37780.4,4235.0,4,4,3,1.0,Relatively New,1,0,1,1,0,1,7,"28.4757° N, 77.1032° E",28.4757,77.1032
673,flat,manesar,hsiidc sidco shivalik apartments,0.48,3840.0,993.0,2,2,3,7.0,Moderately Old,0,0,0,0,0,1,88,"28.3515° N, 76.9428° E",28.3515,76.9428
675,flat,sector 2,bestech park view residency,0.56,8628.66,723.0,1,1,2,6.0,Moderately Old,0,0,0,0,0,1,77,"28.5095° N, 77.0320° E",28.5095,77.032
676,flat,sector 90,dlf new town heights,1.99,7297.4,3030.0,4,4,3+,9.0,Relatively New,0,1,0,1,0,2,102,"28.4085° N, 76.9369° E",28.4085,76.9369
677,house,sector 109,international city by sobha phase 1,6.3,9000.0,7000.0,4,5,3+,2.0,Relatively New,0,0,0,0,0,2,122,"28.5073° N, 77.0089° E",28.5073,77.0089
678,flat,sector 108,experion the heartsong,0.98,13351.5,978.23,2,3,3,4.0,Relatively New,1,0,0,0,0,1,135,"28.5134° N, 76.9830° E",28.5134,76.983
679,flat,sector 104,godrej summit,1.75,7530.12,2582.0,4,5,3+,1.0,New Property,0,1,0,0,0,1,60,"28.4788° N, 76.9960° E",28.4788,76.996
680,flat,sector 81,dlf the ultima,3.45,12356.73,2527.0,4,4,3+,25.0,Moderately Old,0,1,0,0,0,1,67,"28.3867° N, 76.9485° E",28.3867,76.9485
682,flat,sector 49,vatika city,1.72,7818.18,2444.0,3,3,2,2.0,Old Property,0,0,0,0,0,2,144,"28.4121° N, 77.0480° E",28.4121,77.048
683,flat,sector 92,sare green parc phase 3,0.75,7142.86,1298.0,3,2,2,3.0,New Property,0,0,0,0,0,1,121,"28.4079° N, 76.9153° E",28.4079,76.9153
685,flat,sector 22,ambience creacions,1.99,14420.29,1285.0,2,2,2,9.0,New Property,1,1,0,1,0,1,20,"28.5072° N, 77.0640° E",28.5072,77.064
686,flat,sector 65,emaar mgf emerald floors,3.2,10158.73,3150.0,4,3,2,1.0,Relatively New,0,1,0,0,0,1,0,"28.4030° N, 77.0690° E",28.403,77.069
687,flat,sector 86,ansal heights 86,0.95,5621.3,1878.0,3,2,1,6.0,New Property,0,0,0,0,0,1,15,"28.3986° N, 76.9384° E",28.3986,76.9384
688,flat,sector 7,"new colony, gurgaon",0.8,8097.17,1100.0,3,2,1,4.0,Relatively New,0,0,0,0,0,2,69,"28.4644° N, 77.0143° E",28.4644,77.0143
689,flat,sector 90,shree vardhman flora,0.7,4614.37,1224.0,2,2,3,9.0,New Property,1,0,0,0,1,1,51,"28.4085° N, 76.9369° E",28.4085,76.9369
690,flat,sector 102,shapoorji pallonji joyville gurugram,0.97,16440.68,742.0,2,2,2,10.0,Relatively New,0,0,0,0,0,1,151,"28.4750° N, 76.9715° E",28.475,76.9715
691,flat,sector 91,dlf new town heights,1.75,7402.71,2139.0,4,4,3+,9.0,Relatively New,0,1,0,1,0,1,88,"28.4014° N, 76.9225° E",28.4014,76.9225
692,flat,sector 102,shapoorji pallonji joyville gurugram,2.12,11447.08,1571.0,3,3,3,9.0,New Property,0,0,0,0,0,1,109,"28.4750° N, 76.9715° E",28.475,76.9715
693,flat,sector 113,la vida by tata housing,1.38,12000.0,1350.0,2,2,3,8.0,New Property,1,0,0,0,0,1,174,"28.5287° N, 77.0233° E",28.5287,77.0233
694,flat,sector 85,orris aster court premier,1.49,5820.31,2017.0,4,5,3+,10.0,Relatively New,0,1,0,0,0,2,84,"28.4042° N, 76.9513° E",28.4042,76.9513
695,flat,sector 110,indiabulls enigma,4.0,9849.79,3350.0,4,4,3,17.0,New Property,0,0,0,0,0,1,59,"28.5145° N, 77.0197° E",28.5145,77.0197
696,flat,sector 74,m3m skywalk,1.4,9831.46,1289.0,2,2,2,17.0,New Property,0,0,0,0,0,2,167,"28.4158° N, 77.0118° E",28.4158,77.0118
697,flat,sector 49,vatika city,1.69,8622.45,2178.0,3,3,3,3.0,Moderately Old,0,0,0,1,0,1,136,"28.4121° N, 77.0480° E",28.4121,77.048
698,house,sector 109,international city by sobha phase 1,5.7,10555.56,5400.0,4,5,3+,3.0,Relatively New,1,1,1,1,0,1,160,"28.5073° N, 77.0089° E",28.5073,77.0089
699,house,sector 24,independent,11.0,28901.73,5000.0,8,11,3+,3.0,Old Property,1,1,0,1,1,2,39,"28.4939° N, 77.1038° E",28.4939,77.1038
701,flat,sector 71,chd avenue,1.35,5744.68,2127.0,4,4,3,8.0,Moderately Old,0,1,0,0,0,1,26,"28.4104° N, 77.0281° E",28.4104,77.0281
702,flat,sector 81,bestech park view grand spa,4.7,6786.02,6268.0,4,4,3+,19.0,Relatively New,0,1,0,0,0,2,140,"28.3867° N, 76.9485° E",28.3867,76.9485
703,flat,sector 85,godrej air,2.5,13796.91,2013.0,4,5,3+,16.0,Under Construction,1,0,0,1,1,2,44,"28.4042° N, 76.9513° E",28.4042,76.9513
704,flat,sector 37d,ramprastha the edge towers,1.1,5527.64,1990.0,3,3,3,9.0,Relatively New,0,0,0,0,0,1,63,"28.4478° N, 76.9703° E",28.4478,76.9703
705,flat,sector 61,smart world orchard,1.6,13913.04,1278.0,2,2,2,3.0,Under Construction,1,0,0,0,0,1,37,"28.4050° N, 77.0963° E",28.405,77.0963
706,flat,sector 92,sare crescent parc,0.7,5555.56,140.0,3,3,2,14.0,Under Construction,0,0,0,0,0,1,38,"28.4079° N, 76.9153° E",28.4079,76.9153
707,flat,sector 95,signature the roselia,0.45,7908.61,632.0,2,2,2,2.0,New Property,0,0,0,0,0,2,31,"28.4172° N, 76.9081° E",28.4172,76.9081
708,flat,sector 85,ss,2.09,7432.43,2600.0,4,4,3,8.0,Relatively New,1,1,0,1,0,1,49,"28.4042° N, 76.9513° E",28.4042,76.9513
709,flat,sector 77,umang winter hills,0.71,5306.43,1057.0,2,2,2,6.0,Relatively New,1,0,0,0,0,1,108,"28.3801° N, 76.9845° E",28.3801,76.9845
710,flat,sector 66,emaar mgf the palm drive,3.5,16470.59,2150.0,3,4,3,6.0,Relatively New,0,1,0,0,0,1,68,"28.3925° N, 77.0541° E",28.3925,77.0541
711,flat,sector 61,smart world orchard,2.41,14785.28,1630.0,3,3,3,2.0,New Property,0,0,0,0,0,1,61,"28.4050° N, 77.0963° E",28.405,77.0963
712,house,sector 24,independent,4.5,33333.33,1350.0,2,8,3+,4.0,Relatively New,0,1,1,0,0,2,56,"28.4939° N, 77.1038° E",28.4939,77.1038
713,flat,sector 84,antriksh heights,1.02,4868.74,1896.0,4,4,3+,11.0,Relatively New,0,1,0,1,0,1,99,"28.3979° N, 76.9736° E",28.3979,76.9736
714,house,sector 43,ansal sushant lok plots,7.0,25925.93,2700.0,5,5,3+,3.0,Relatively New,1,1,0,1,0,2,41,"28.4629° N, 77.0772° E",28.4629,77.0772
715,flat,sector 47,cghs airport apartment,1.8,6000.0,2857.0,4,4,3+,4.0,Moderately Old,0,0,1,0,0,2,120,"28.4276° N, 77.0492° E",28.4276,77.0492
716,house,sector 14,independent,3.4,15111.11,2250.0,3,3,3,1.0,Old Property,0,0,0,0,0,1,32,"28.4711° N, 77.0454° E",28.4711,77.0454
717,flat,sector 85,ss,2.14,7610.24,2300.0,4,4,3,6.0,Relatively New,1,1,0,1,0,1,49,"28.4042° N, 76.9513° E",28.4042,76.9513
719,house,sector 2,independent,6.0,24691.36,2430.0,5,6,3+,3.0,Old Property,1,0,0,1,1,2,43,"28.5095° N, 77.0320° E",28.5095,77.032
720,flat,sector 102,emaar gurgaon greens,1.35,8181.82,1315.0,3,3,3,5.0,Relatively New,0,1,0,0,0,1,119,"28.4750° N, 76.9715° E",28.475,76.9715
721,flat,sector 3,shyam apartment,0.26,3714.29,611.0,2,1,2,2.0,Relatively New,0,0,0,0,0,1,0,"28.4909° N, 77.0176° E",28.4909,77.0176
722,flat,sector 69,tulip violet,1.78,8855.72,1819.0,4,4,2,10.0,Relatively New,0,0,0,1,0,2,156,"28.3966° N, 77.0341° E",28.3966,77.0341
723,flat,sector 79,supertech araville,0.95,6209.15,1385.0,2,2,3,7.0,New Property,1,0,0,0,0,1,49,"28.3624° N, 76.9787° E",28.3624,76.9787
724,flat,sector 81,bestech park view ananda,1.15,6927.71,1463.0,3,2,3+,6.0,Relatively New,1,0,0,0,0,2,104,"28.3867° N, 76.9485° E",28.3867,76.9485
725,flat,sector 70,shree vardhman victoria,1.8,9230.77,1765.0,3,3,3+,10.0,New Property,0,0,0,0,1,2,49,"28.3968° N, 77.0233° E",28.3968,77.0233
726,flat,manesar,dnha group housing society,0.75,4518.07,1502.0,3,2,2,5.0,Moderately Old,0,0,0,0,0,1,0,"28.3515° N, 76.9428° E",28.3515,76.9428
727,house,sector 26,independent,5.8,32222.22,1800.0,5,5,3+,2.0,Old Property,1,1,1,1,0,1,53,"28.4757° N, 77.1032° E",28.4757,77.1032
728,flat,sector 56,shri banke bihari society,1.35,6750.0,1800.0,3,3,3,5.0,Old Property,0,0,0,0,1,2,82,"28.4245° N, 77.0991° E",28.4245,77.0991
729,flat,sector 52,residency grand,5.0,9615.38,5200.0,5,5,3+,2.0,Moderately Old,0,0,0,0,0,1,0,"28.4379° N, 77.0785° E",28.4379,77.0785
730,flat,sector 63a,signature global city 63a,1.55,14775.98,1167.0,2,2,2,2.0,Under Construction,0,0,0,0,0,1,0,"28.3923° N, 77.0888° E",28.3923,77.0888
731,flat,sector 81,bestech park view ananda,1.35,7541.9,1438.0,3,3,3+,10.0,Moderately Old,0,0,1,0,0,2,72,"28.3867° N, 76.9485° E",28.3867,76.9485
732,flat,sector 102,adani m2k oyster grande,2.5,7817.39,2600.0,4,5,3+,10.0,Relatively New,0,1,0,1,0,2,174,"28.4750° N, 76.9715° E",28.475,76.9715
733,house,sector 43,independent,5.5,28423.77,1935.0,1,1,0,1.0,Old Property,0,0,0,0,1,1,12,"28.4629° N, 77.0772° E",28.4629,77.0772
734,flat,sector 69,tulip violet,1.7,10773.13,1428.0,3,3,2,0.0,Relatively New,0,0,0,1,0,1,49,"28.3966° N, 77.0341° E",28.3966,77.0341
735,house,sector 3,bhim garh kheri,1.5,7575.76,1980.0,7,2,0,1.0,Moderately Old,0,0,0,0,0,1,0,"28.4909° N, 77.0176° E",28.4909,77.0176
736,flat,sector 69,tulip violet,1.55,9639.3,1455.0,3,3,2,2.0,Relatively New,0,0,0,1,0,2,86,"28.3966° N, 77.0341° E",28.3966,77.0341
737,flat,sector 104,godrej summit,0.82,9855.77,86.0,2,2,3,12.0,Relatively New,1,0,0,0,0,1,120,"28.4788° N, 76.9960° E",28.4788,76.996
738,flat,sector 10a,sanskriti apartment,1.1,6666.67,1833.0,3,3,3,2.0,Moderately Old,0,0,0,0,0,1,22,"28.4469° N, 77.0106° E",28.4469,77.0106
739,house,sector 13,ganpati heights apartment,1.25,12077.29,115.0,3,6,2,3.0,Old Property,0,0,0,0,1,1,7,"28.4757° N, 77.0392° E",28.4757,77.0392
740,flat,sector 63a,birla navya,2.2,17488.08,997.0,2,3,3+,4.0,Under Construction,0,0,0,0,0,1,60,"28.3923° N, 77.0888° E",28.3923,77.0888
741,flat,sector 68,supertech hues,1.0,8474.58,1311.0,2,2,3,23.0,New Property,0,0,0,0,0,1,49,"28.3853° N, 77.0484° E",28.3853,77.0484
742,flat,sector 113,la vida by tata housing,3.0,14285.71,2460.0,3,3,3+,3.0,Relatively New,0,1,0,0,0,1,167,"28.5287° N, 77.0233° E",28.5287,77.0233
743,house,sector 56,huda sector-56 gurgaon,3.6,24844.72,1449.0,5,5,3+,3.0,Moderately Old,0,0,0,0,1,1,47,"28.4245° N, 77.0991° E",28.4245,77.0991
744,house,sector 24,u block dlf phase 3 road no 21,1.6,3292.18,540.0,7,5,3+,4.0,Old Property,0,0,0,0,0,1,0,"28.4939° N, 77.1038° E",28.4939,77.1038
745,house,sector 112,experion windchants,9.5,23456.79,7450.0,5,5,3,2.0,Relatively New,0,1,0,0,0,1,45,"28.5189° N, 77.0183° E",28.5189,77.0183
746,flat,sector 81,bestech park view ananda,1.45,8734.94,1352.0,3,2,3+,3.0,Relatively New,0,0,0,0,1,1,45,"28.3867° N, 76.9485° E",28.3867,76.9485
748,flat,sector 11,global hill view,0.33,4269.08,761.0,2,2,0,11.0,Relatively New,0,0,0,0,0,1,0,"28.4531° N, 77.0202° E",28.4531,77.0202
749,flat,sector 51,housing board colony,0.3,4629.63,80.0,1,1,0,0.0,Moderately Old,1,0,0,0,0,1,15,"28.4320° N, 77.0686° E",28.432,77.0686
750,house,sector 43,landmark house,2.75,25462.96,1080.0,3,3,1,2.0,Moderately Old,0,0,0,1,0,1,21,"28.4629° N, 77.0772° E",28.4629,77.0772
751,flat,sector 85,ss the leaf,2.1,8720.93,2026.0,3,4,3+,6.0,Relatively New,0,1,0,0,0,1,156,"28.4042° N, 76.9513° E",28.4042,76.9513
752,flat,sector 102,emaar gurgaon greens,1.38,13489.74,1315.0,3,3,3,6.0,Relatively New,0,1,0,0,0,2,128,"28.4750° N, 76.9715° E",28.475,76.9715
753,flat,sector 37c,imperia elvedor,0.55,8221.23,669.0,1,1,0,5.0,Relatively New,0,0,0,0,0,1,0,"28.4515° N, 76.9882° E",28.4515,76.9882
754,house,sector 67,independent,3.0,11904.76,2800.0,4,4,0,3.0,Moderately Old,0,0,0,0,0,1,0,"28.3859° N, 77.0608° E",28.3859,77.0608
755,flat,sector 92,sare homes,0.65,4587.16,1574.0,3,3,2,3.0,Relatively New,0,0,0,0,0,1,6,"28.4079° N, 76.9153° E",28.4079,76.9153
756,flat,sector 111,puri diplomatic greens,3.5,11864.41,2700.0,4,5,3+,10.0,Relatively New,0,1,0,0,0,2,49,"28.5238° N, 77.0320° E",28.5238,77.032
757,flat,sector 102,emaar gurgaon greens,1.54,9333.33,1315.0,3,3,3,12.0,Relatively New,0,1,0,0,0,1,61,"28.4750° N, 76.9715° E",28.475,76.9715
759,house,sector 5,independent,3.5,15555.56,2250.0,6,5,2,3.0,Old Property,1,1,0,1,1,0,155,"28.4794° N, 77.0176° E",28.4794,77.0176
760,flat,sector 68,m3m sierra 68,1.05,8536.59,1200.0,2,2,2,11.0,New Property,0,0,0,0,0,2,127,"28.3853° N, 77.0484° E",28.3853,77.0484
761,flat,sector 65,m3m golfestate,5.5,16959.61,2803.0,3,4,3,3.0,Relatively New,0,1,0,0,0,1,49,"28.4030° N, 77.0690° E",28.403,77.069
762,flat,sector 107,m3m woodshire,0.9,5867.01,1281.0,2,2,3,8.0,Relatively New,1,0,0,0,0,2,74,"28.5052° N, 76.9729° E",28.5052,76.9729
763,flat,gwal pahari,.,7.0,10999.37,5430.0,4,4,3+,6.0,Relatively New,0,1,0,0,0,1,52,"28.4484° N, 77.0210° E",28.4484,77.021
764,flat,sector 92,bestech park view sanskruti,2.0,8333.33,2453.0,4,5,3+,12.0,Relatively New,0,1,0,0,0,2,60,"28.4079° N, 76.9153° E",28.4079,76.9153
765,flat,sector 102,adani m2k oyster grande,4.55,10000.0,4630.0,4,4,3+,11.0,Relatively New,0,0,0,0,0,2,60,"28.4750° N, 76.9715° E",28.475,76.9715
766,flat,sector 108,sobha city,3.95,16858.73,2343.0,4,5,3,25.0,Relatively New,0,0,0,0,0,1,59,"28.5134° N, 76.9830° E",28.5134,76.983
767,flat,sector 54,shree arihant apartment,1.55,7380.95,2000.0,3,3,3+,3.0,Moderately Old,0,0,0,1,1,2,125,"28.4348° N, 77.1089° E",28.4348,77.1089
768,flat,sector 113,la vida by tata housing,1.5,11755.49,1155.0,2,2,2,13.0,New Property,0,0,0,0,0,1,60,"28.5287° N, 77.0233° E",28.5287,77.0233
769,flat,sector 69,tulip lemon,0.62,12863.07,536.0,2,2,1,4.0,Relatively New,0,0,0,0,0,2,108,"28.3966° N, 77.0341° E",28.3966,77.0341
770,flat,sector 85,godrej air,1.35,13636.36,102.0,2,2,3,19.0,Under Construction,0,0,0,0,0,1,44,"28.4042° N, 76.9513° E",28.4042,76.9513
771,flat,sector 108,sobha city,2.6,15195.79,1711.0,3,3,2,8.0,Relatively New,0,0,0,0,0,1,99,"28.5134° N, 76.9830° E",28.5134,76.983
772,flat,sector 54,dlf the crest,11.0,35222.54,2826.0,4,6,3,7.0,Relatively New,0,1,0,0,0,0,125,"28.4348° N, 77.1089° E",28.4348,77.1089
773,house,sector 39,independent,0.34,7555.56,450.0,1,1,1,1.0,Relatively New,0,0,0,0,0,1,0,"28.4434° N, 77.0515° E",28.4434,77.0515
774,flat,manesar,denso haryana housing society,0.9,4308.28,2321.0,3,3,3+,5.0,Moderately Old,0,1,0,0,0,1,7,"28.3515° N, 76.9428° E",28.3515,76.9428
775,house,sector 9,independent,1.65,18333.33,900.0,2,3,0,3.0,Old Property,0,0,0,0,0,1,0,"28.4603° N, 77.0000° E",28.4603,77.0
777,flat,sector 65,m3m golfestate,4.94,16233.98,2754.0,3,4,3,15.0,Moderately Old,0,1,0,0,0,1,165,"28.4030° N, 77.0690° E",28.403,77.069
778,flat,sector 37c,corona optus,1.44,7236.18,1789.0,3,3,3+,2.0,Relatively New,1,1,0,0,1,1,49,"28.4515° N, 76.9882° E",28.4515,76.9882
779,flat,sector 77,emaar mgf palm hills,1.25,8620.69,1611.0,3,4,3,1.0,Relatively New,0,1,0,0,0,2,104,"28.3801° N, 76.9845° E",28.3801,76.9845
780,flat,sector 81,dlf the ultima,2.7,12802.28,2343.0,3,3,3,15.0,Relatively New,0,1,0,0,0,2,49,"28.3867° N, 76.9485° E",28.3867,76.9485
781,house,sector 3,independent,0.68,3874.64,1755.0,5,3,0,1.0,Moderately Old,0,0,0,0,0,1,0,"28.4909° N, 77.0176° E",28.4909,77.0176
782,house,sector 38,independent,3.5,24305.56,1440.0,3,3,2,1.0,Relatively New,0,0,0,0,0,1,0,"28.4347° N, 77.0430° E",28.4347,77.043
783,house,sector 12,independent,0.9,13333.33,675.0,2,4,0,2.0,Old Property,0,0,0,0,0,1,0,"28.4723° N, 77.0320° E",28.4723,77.032
784,house,sector 33,unitech uniworld resorts,9.55,19292.93,4950.0,6,7,3+,2.0,Relatively New,1,1,1,1,0,2,126,"28.4420° N, 77.0207° E",28.442,77.0207
785,flat,sector 56,sukhshanti apartment,1.65,7006.37,2131.0,3,3,3+,5.0,Moderately Old,1,0,0,0,0,2,134,"28.4245° N, 77.0991° E",28.4245,77.0991
786,flat,sector 68,pareena mi casa,1.15,9236.95,1127.0,2,2,3,8.0,New Property,0,0,0,0,0,1,49,"28.3853° N, 77.0484° E",28.3853,77.0484
787,flat,sector 83,emaar palm gardens,1.38,8023.26,1350.0,3,3,3,5.0,Relatively New,0,1,0,0,0,2,8,"28.3986° N, 76.9647° E",28.3986,76.9647
789,house,sector 25,independent,10.85,38150.49,2844.0,6,6,1,3.0,Relatively New,0,0,1,0,0,2,136,"28.4844° N, 77.0860° E",28.4844,77.086
790,flat,sector 65,m3m golfestate,13.2,12000.0,12222.0,4,4,3,13.0,Moderately Old,0,1,0,0,0,1,60,"28.4030° N, 77.0690° E",28.403,77.069
791,house,sector 26,independent,4.0,29629.63,1350.0,4,4,3,2.0,Old Property,0,0,1,0,0,1,41,"28.4757° N, 77.1032° E",28.4757,77.1032
792,flat,sector 86,ansal heights 86,1.05,5540.9,1715.0,3,3,3,9.0,Under Construction,0,1,0,0,0,1,0,"28.3986° N, 76.9384° E",28.3986,76.9384
793,house,sector 5,independent,3.5,14786.65,2367.0,5,4,2,2.0,Old Property,0,0,0,1,1,1,36,"28.4794° N, 77.0176° E",28.4794,77.0176
795,house,sector 48,vipul tatvam villa,8.5,26234.57,3240.0,4,4,1,2.0,Relatively New,0,0,0,0,0,1,21,"28.4177° N, 77.0359° E",28.4177,77.0359
796,flat,sector 67,m3m merlin,2.8,13678.55,2047.0,3,3,3,5.0,Moderately Old,0,1,0,0,0,0,26,"28.3859° N, 77.0608° E",28.3859,77.0608
797,flat,sector 79,godrej,2.0,8474.58,1963.0,3,4,3+,9.0,Relatively New,0,1,0,0,0,1,108,"28.3624° N, 76.9787° E",28.3624,76.9787
798,flat,manesar,hsiidc sidco aravali,0.86,3323.03,1900.0,3,3,3+,3.0,Moderately Old,0,1,0,0,0,1,81,"28.3515° N, 76.9428° E",28.3515,76.9428
799,flat,sector 23,ashiana apartment,0.16,2051.28,706.0,2,2,2,1.0,Moderately Old,0,0,0,0,0,1,0,"28.5121° N, 77.0478° E",28.5121,77.0478
800,flat,sector 106,paras dews,1.2,11605.42,1145.0,3,3,3,12.0,Relatively New,1,0,0,0,0,1,158,"28.5007° N, 77.0003° E",28.5007,77.0003
801,flat,sector 95,sidhartha ncr one phase,0.43,3152.49,1300.0,2,2,2,6.0,Relatively New,0,0,0,0,0,1,120,"28.4172° N, 76.9081° E",28.4172,76.9081
802,flat,sector 79,godrej aria,1.3,8843.54,1330.0,2,2,2,7.0,Relatively New,1,0,0,0,0,2,116,"28.3624° N, 76.9787° E",28.3624,76.9787
803,house,sector 48,eldeco mansionz,5.15,18885.22,2727.0,5,7,3,2.0,Moderately Old,0,1,0,1,0,2,145,"28.4177° N, 77.0359° E",28.4177,77.0359
804,flat,sector 106,paras dews,1.2,6818.18,1186.0,3,4,3+,9.0,Relatively New,0,1,0,0,0,1,174,"28.5007° N, 77.0003° E",28.5007,77.0003
805,flat,sector 89,smart world gems,1.71,12000.0,1423.0,3,2,0,3.0,New Property,0,0,0,0,0,1,45,"28.4253° N, 76.9439° E",28.4253,76.9439
806,flat,sector 78,umang monsoon breeze,0.75,6053.27,1239.0,2,2,1,5.0,Moderately Old,0,0,0,0,0,1,0,"28.3733° N, 76.9729° E",28.3733,76.9729
807,flat,sector 83,vatika gurgaon,1.4,7179.49,2167.0,4,4,3,10.0,Relatively New,0,1,0,0,0,1,35,"28.3986° N, 76.9647° E",28.3986,76.9647
808,house,sector 26,independent,4.5,33333.33,1350.0,3,3,2,2.0,Old Property,0,0,0,1,0,2,58,"28.4757° N, 77.1032° E",28.4757,77.1032
809,flat,sector 69,tulip violet,1.3,8285.53,1419.0,3,3,1,12.0,Relatively New,0,0,0,1,0,1,86,"28.3966° N, 77.0341° E",28.3966,77.0341
811,flat,sector 2,palam vihar society,3.35,7444.44,5000.0,4,4,3+,2.0,New Property,1,0,0,0,0,1,66,"28.5095° N, 77.0320° E",28.5095,77.032
812,flat,sector 95,ramsons kshitij,0.35,5494.51,637.0,2,2,0,5.0,New Property,0,0,0,0,0,1,0,"28.4172° N, 76.9081° E",28.4172,76.9081
813,flat,sector 37c,proxima tower,0.6,4601.23,1180.0,2,2,3,5.0,Under Construction,1,0,0,1,0,1,55,"28.4515° N, 76.9882° E",28.4515,76.9882
814,flat,sector 95,siddhartha apartment,0.72,3664.12,1800.0,3,3,2,4.0,Relatively New,0,0,0,0,1,1,21,"28.4172° N, 76.9081° E",28.4172,76.9081
815,house,sector 25,independent,13.5,37313.43,3618.0,5,6,3+,4.0,Old Property,0,0,0,0,1,2,79,"28.4844° N, 77.0860° E",28.4844,77.086
816,flat,sector 82,mapsko royale ville,1.15,6424.58,1620.0,3,4,2,15.0,Relatively New,0,1,0,1,0,2,104,"28.3935° N, 76.9600° E",28.3935,76.96
817,flat,sector 54,shree arihant apartment,1.5,8108.11,1700.0,3,3,3+,4.0,Moderately Old,0,0,0,1,0,2,75,"28.4348° N, 77.1089° E",28.4348,77.1089
818,flat,sector 107,m3m woodshire,1.8,7623.89,1837.0,3,4,3+,2.0,Relatively New,0,1,0,0,0,1,129,"28.5052° N, 76.9729° E",28.5052,76.9729
819,flat,sector 63,adani brahma samsara vilasa,3.0,16666.67,2000.0,3,3,3,3.0,New Property,0,0,0,0,0,1,24,"28.3971° N, 77.0867° E",28.3971,77.0867
820,flat,sector 92,sare crescent parc,0.8,6033.18,1473.0,3,2,2,3.0,Relatively New,0,0,0,0,0,1,15,"28.4079° N, 76.9153° E",28.4079,76.9153
821,flat,sector 104,puri emerald bay,2.49,10163.27,2217.0,3,3,3+,14.0,Relatively New,0,1,0,0,0,2,129,"28.4788° N, 76.9960° E",28.4788,76.996
822,flat,sector 69,tulip violet,1.4,8855.15,1428.0,3,3,2,9.0,Relatively New,0,0,0,1,0,1,120,"28.3966° N, 77.0341° E",28.3966,77.0341
823,flat,sector 49,orchid petals,4.79,11629.04,3724.0,5,5,3+,14.0,Relatively New,1,1,0,1,0,1,49,"28.4121° N, 77.0480° E",28.4121,77.048
824,house,sector 109,international city by sobha phase 2,7.0,12962.96,5400.0,5,6,2,2.0,Relatively New,0,1,0,0,0,1,154,"28.5073° N, 77.0089° E",28.5073,77.0089
825,flat,sector 103,indiabulls centrum park,1.2,8432.89,1288.0,2,2,3,3.0,Moderately Old,0,0,0,0,0,1,26,"28.4949° N, 76.9845° E",28.4949,76.9845
826,flat,sector 79,"godrej 101, sector 79",1.25,9038.32,1383.0,2,2,3,1.0,Relatively New,0,0,0,0,0,1,0,"28.3624° N, 76.9787° E",28.3624,76.9787
827,flat,sector 56,kendriya vihar,0.65,8609.27,839.0,1,1,1,0.0,Moderately Old,0,0,0,0,0,1,143,"28.4245° N, 77.0991° E",28.4245,77.0991
829,house,sector 26,independent,15.0,33333.33,4500.0,4,4,3,3.0,Moderately Old,0,1,1,0,0,2,36,"28.4757° N, 77.1032° E",28.4757,77.1032
830,house,sector 38,independent,8.0,25616.39,3123.0,10,10,3+,1.0,Relatively New,0,0,0,0,0,1,0,"28.4347° N, 77.0430° E",28.4347,77.043
831,house,sector 11,not applicable,2.2,12222.22,1800.0,4,3,2,1.0,Old Property,1,0,0,1,0,1,24,"28.4531° N, 77.0202° E",28.4531,77.0202
832,house,sector 2,ansals palam vihar,4.0,16666.67,2400.0,4,4,3+,2.0,Moderately Old,0,1,0,0,0,1,0,"28.5095° N, 77.0320° E",28.5095,77.032
833,flat,sector 106,paras dews,1.25,10656.44,1305.0,3,4,3,14.0,Relatively New,1,1,0,0,0,1,167,"28.5007° N, 77.0003° E",28.5007,77.0003
834,flat,sector 90,dlf new town heights,1.55,6556.68,2139.0,4,4,3+,1.0,Relatively New,0,1,0,1,0,1,81,"28.4085° N, 76.9369° E",28.4085,76.9369
835,house,sector 31,independent,3.69,23699.42,1557.0,4,4,2,2.0,Moderately Old,1,1,0,1,0,2,75,"28.4528° N, 77.0498° E",28.4528,77.0498
836,flat,sector 67a,ireo the corridors,1.5,11111.11,1500.0,2,2,2,10.0,Relatively New,0,0,1,0,0,2,38,"28.3960° N, 77.0372° E",28.396,77.0372
837,flat,sector 109,raheja atharva,1.6,5319.15,3008.0,4,1,0,0.0,New Property,0,0,0,0,0,1,0,"28.5073° N, 77.0089° E",28.5073,77.0089
838,flat,sector 102,shapoorji pallonji joyville gurugram,0.95,10382.51,915.0,2,2,2,14.0,Relatively New,0,0,0,0,0,1,0,"28.4750° N, 76.9715° E",28.475,76.9715
839,flat,sector 58,ireo the grand arch,3.83,21577.46,2000.0,3,4,2,10.0,Relatively New,1,1,0,0,0,2,174,"28.4200° N, 77.1105° E",28.42,77.1105
840,house,sector 56,ansal sushant lok 2,3.4,22222.22,1530.0,6,6,3+,2.0,Moderately Old,0,0,0,0,0,2,29,"28.4245° N, 77.0991° E",28.4245,77.0991
841,house,sector 2,independent,5.7,22637.01,2430.0,9,9,3+,3.0,Moderately Old,0,0,0,1,0,2,0,"28.5095° N, 77.0320° E",28.5095,77.032
843,flat,sector 92,sare crescent parc royal greens phase 1,0.65,4510.76,1304.0,3,3,3,1.0,Moderately Old,0,0,0,0,0,1,91,"28.4079° N, 76.9153° E",28.4079,76.9153
844,flat,sector 89,smart world gems,1.2,8432.89,1423.0,3,3,2,3.0,New Property,1,0,0,0,1,1,37,"28.4253° N, 76.9439° E",28.4253,76.9439
845,flat,sector 37d,bptp terra,1.67,7622.09,2091.0,4,4,3,11.0,Relatively New,0,0,0,0,0,2,149,"28.4478° N, 76.9703° E",28.4478,76.9703
846,flat,sector 48,vipul world floors,4.3,13870.97,3444.0,4,5,3+,4.0,New Property,1,1,0,1,0,1,88,"28.4177° N, 77.0359° E",28.4177,77.0359
847,flat,sector 68,pareena mi casa,1.1,9016.39,1244.0,2,2,3,13.0,New Property,0,0,0,0,0,1,106,"28.3853° N, 77.0484° E",28.3853,77.0484
848,flat,sector 37d,bptp park generations,1.5,9868.42,1376.0,3,2,3+,17.0,Relatively New,0,0,0,0,0,1,42,"28.4478° N, 76.9703° E",28.4478,76.9703
849,flat,sector 80,godrej frontier,1.6,6999.13,2047.0,3,3,3,5.0,Moderately Old,0,1,0,0,0,1,53,"28.3659° N, 76.9557° E",28.3659,76.9557
852,flat,sector 33,godrej nature plus,1.45,15658.75,118.0,3,2,3+,20.0,Under Construction,1,0,0,0,0,1,144,"28.4420° N, 77.0207° E",28.442,77.0207
853,flat,sector 92,sare crescent parc,0.65,4596.89,1571.0,3,3,3,3.0,Moderately Old,0,0,0,0,0,1,44,"28.4079° N, 76.9153° E",28.4079,76.9153
854,flat,sector 37c,ild greens,0.75,5244.76,1430.0,2,2,3+,13.0,Relatively New,0,0,0,0,0,1,51,"28.4515° N, 76.9882° E",28.4515,76.9882
856,house,sector 48,independent,8.4,25925.93,3240.0,4,4,3,2.0,Old Property,0,1,0,1,0,2,15,"28.4177° N, 77.0359° E",28.4177,77.0359
857,flat,sector 90,dlf regal gardens,1.19,5504.16,1562.0,3,3,2,11.0,Relatively New,0,0,0,0,1,1,88,"28.4085° N, 76.9369° E",28.4085,76.9369
858,flat,sector 33,godrej nature plus,1.4,15118.79,113.0,3,2,3+,20.0,New Property,0,0,0,0,0,1,70,"28.4420° N, 77.0207° E",28.442,77.0207
859,flat,sector 99a,pareena coban residences,1.13,5658.49,1790.0,3,5,3,5.0,Relatively New,0,1,0,0,1,1,49,"28.4561° N, 76.9542° E",28.4561,76.9542
860,flat,sector 50,elevate,6.75,19882.18,3395.0,4,4,0,10.0,Moderately Old,0,0,0,0,0,1,0,"28.4178° N, 77.0628° E",28.4178,77.0628
861,flat,sector 3,godrej habitat,1.1,10406.81,956.0,2,2,2,14.0,Under Construction,0,0,0,0,0,1,60,"28.4909° N, 77.0176° E",28.4909,77.0176
862,house,sector 28,dlf city plot phase 4,13.0,17931.03,8056.0,10,10,3+,1.0,Relatively New,0,0,0,0,0,1,0,"28.4728° N, 77.0865° E",28.4728,77.0865
863,flat,sector 104,hero homes,1.75,10361.16,1529.0,3,3,3,2.0,Under Construction,0,0,0,0,0,1,30,"28.4788° N, 76.9960° E",28.4788,76.996
864,flat,gwal pahari,suncity vatsal valley,1.53,10699.3,1589.0,3,3,3,2.0,New Property,0,0,0,0,0,2,117,"28.4484° N, 77.0210° E",28.4484,77.021
865,flat,sector 102,shapoorji pallonji joyville gurugram,1.8,10638.3,1531.0,3,3,3,5.0,Relatively New,0,0,0,0,0,1,49,"28.4750° N, 76.9715° E",28.475,76.9715
866,flat,sector 37d,ramprastha skyz,1.25,7250.58,1725.0,3,3,3+,2.0,Under Construction,0,0,0,0,0,1,8,"28.4478° N, 76.9703° E",28.4478,76.9703
867,house,sector 17,independent,0.29,3254.77,891.0,2,1,0,0.0,Old Property,0,0,0,0,0,1,0,"28.4791° N, 77.0608° E",28.4791,77.0608
868,flat,sector 90,shree vardhman flora,0.65,4814.81,1222.0,2,2,3,6.0,Relatively New,1,0,0,0,0,1,174,"28.4085° N, 76.9369° E",28.4085,76.9369
869,flat,sector 104,ats triumph,1.75,7641.92,2072.0,3,4,3+,11.0,Relatively New,0,1,0,0,0,1,110,"28.4788° N, 76.9960° E",28.4788,76.996
870,flat,sector 88a,godrej oasis,1.4,7567.57,1674.0,3,3,3+,4.0,Relatively New,0,0,0,0,0,2,38,"28.4347° N, 76.9557° E",28.4347,76.9557
871,flat,sector 82,vatika iris floors,0.63,5590.06,1026.0,2,2,3+,2.0,Relatively New,1,0,0,0,0,1,110,"28.3935° N, 76.9600° E",28.3935,76.96
872,house,sector 17a,independent,1.52,19869.28,105.0,2,2,1,1.0,Old Property,0,0,0,0,0,1,22,"28.4785° N, 77.0600° E",28.4785,77.06
873,flat,sector 81,bestech park view grand spa,2.4,9022.56,2407.0,3,4,3+,8.0,New Property,1,1,0,0,0,2,167,"28.3867° N, 76.9485° E",28.3867,76.9485
874,house,sector 45,independent,10.0,30864.2,3240.0,6,6,3+,4.0,Moderately Old,1,1,1,1,0,2,70,"28.4466° N, 77.0660° E",28.4466,77.066
875,flat,sector 103,ansal housing highland park,0.8,5878.03,1361.0,2,2,2,9.0,Relatively New,0,0,0,0,0,1,0,"28.4949° N, 76.9845° E",28.4949,76.9845
876,flat,sector 37c,corona optus,1.22,6912.18,1665.0,3,4,3,5.0,Relatively New,0,0,0,0,0,1,149,"28.4515° N, 76.9882° E",28.4515,76.9882
877,flat,sector 70,shree vardhman victoria,1.1,8461.54,1444.0,2,2,2,8.0,Relatively New,0,0,0,0,0,1,101,"28.3968° N, 77.0233° E",28.3968,77.0233
878,house,sector 57,independent,8.31,24171.03,3438.0,5,6,3+,4.0,Old Property,1,1,1,1,0,1,34,"28.4232° N, 77.0752° E",28.4232,77.0752
879,flat,sector 102,conscient heritage max,1.78,9218.02,1748.0,3,4,3+,5.0,Moderately Old,0,1,0,0,0,1,125,"28.4750° N, 76.9715° E",28.475,76.9715
880,flat,sector 36,signature global park 4,0.82,7585.57,850.0,3,2,2,2.0,New Property,0,0,0,0,0,1,8,"28.4160° N, 76.9914° E",28.416,76.9914
881,flat,sector 84,spaze privy at,1.2,7453.42,1457.0,2,2,3,3.0,Relatively New,1,0,0,0,0,2,133,"28.3979° N, 76.9736° E",28.3979,76.9736
882,house,sector 12,mian wali,1.7,9444.44,1800.0,1,1,1,1.0,Old Property,0,1,0,0,0,1,7,"28.4723° N, 77.0320° E",28.4723,77.032
883,flat,sector 84,alpha corp gurgaonone,2.2,7586.21,3222.0,4,4,3,10.0,Relatively New,0,1,0,0,0,1,21,"28.3979° N, 76.9736° E",28.3979,76.9736
884,house,sector 3,independent,0.8,8154.94,981.0,2,4,1,2.0,Moderately Old,0,0,0,0,0,1,0,"28.4909° N, 77.0176° E",28.4909,77.0176
885,flat,sector 89,smart world gems,0.86,7796.92,1226.0,2,3,2,4.0,New Property,1,1,0,1,0,2,72,"28.4253° N, 76.9439° E",28.4253,76.9439
886,flat,sector 95,rof ananda,0.32,5828.78,610.0,2,2,1,9.0,Relatively New,0,0,0,1,0,2,71,"28.4172° N, 76.9081° E",28.4172,76.9081
887,house,sector 48,vipul tatvam villa,22.0,26666.67,8250.0,5,6,3,3.0,Moderately Old,0,1,0,0,0,1,54,"28.4177° N, 77.0359° E",28.4177,77.0359
888,flat,sector 69,tulip white,0.91,6862.75,1473.0,3,2,2,12.0,Moderately Old,0,0,0,0,0,1,43,"28.3966° N, 77.0341° E",28.3966,77.0341
889,flat,sector 49,vatika city,1.79,12785.71,1556.0,3,3,3,9.0,Old Property,0,1,0,0,0,1,38,"28.4121° N, 77.0480° E",28.4121,77.048
890,flat,sector 89,nbcc heights,1.5,7058.82,1923.0,3,3,3,8.0,Relatively New,1,1,0,0,0,1,105,"28.4253° N, 76.9439° E",28.4253,76.9439
891,flat,sector 69,tulip violet,1.29,8227.04,1419.0,3,3,1,12.0,Relatively New,0,0,0,1,0,2,86,"28.3966° N, 77.0341° E",28.3966,77.0341
892,house,sector 50,unitech espace,11.5,35493.83,3240.0,5,6,0,1.0,Moderately Old,0,0,0,0,0,1,0,"28.4178° N, 77.0628° E",28.4178,77.0628
893,house,sector 25,independent,10.5,29021.56,3618.0,5,5,3,3.0,Moderately Old,1,1,0,1,0,1,42,"28.4844° N, 77.0860° E",28.4844,77.086
894,flat,sector 110,city shri ram apartments 1,0.22,3666.67,543.0,2,1,1,1.0,Relatively New,0,0,0,0,0,1,0,"28.5145° N, 77.0197° E",28.5145,77.0197
895,house,sector 2,independent,1.0,8230.45,1215.0,3,7,3+,3.0,Moderately Old,0,0,0,1,0,1,0,"28.5095° N, 77.0320° E",28.5095,77.032
897,flat,sector 2,palam vihar extension west zone rwa,0.2,4000.0,556.0,1,1,1,1.0,Moderately Old,0,0,0,0,1,1,0,"28.5095° N, 77.0320° E",28.5095,77.032
898,flat,sector 81,vipul lavanya,1.0,8000.0,1131.0,2,2,2,7.0,Relatively New,0,0,0,0,0,1,31,"28.3867° N, 76.9485° E",28.3867,76.9485
899,flat,sector 77,emaar palm heights,1.75,11666.67,1900.0,3,3,3+,11.0,Relatively New,0,1,0,0,0,1,94,"28.3801° N, 76.9845° E",28.3801,76.9845
900,flat,sector 95,ramson kshitij sec-95 gurugram,0.27,2700.0,758.0,2,2,0,1.0,New Property,0,0,0,0,0,1,0,"28.4172° N, 76.9081° E",28.4172,76.9081
901,flat,sector 89,m3m soulitude,1.33,16985.95,1423.0,3,3,3,4.0,Under Construction,1,0,0,0,0,1,125,"28.4253° N, 76.9439° E",28.4253,76.9439
902,flat,sector 86,dlf the skycourt,1.5,9740.26,1780.0,3,3,3+,18.0,Relatively New,1,0,0,0,0,1,174,"28.3986° N, 76.9384° E",28.3986,76.9384
903,flat,sector 72,tata primanti,4.25,13076.92,2941.0,4,4,3+,0.0,Relatively New,0,1,0,0,0,2,174,"28.4225° N, 77.0211° E",28.4225,77.0211
904,flat,sector 50,the penthouses at the hibiscus,8.0,8887.9,10000.0,4,3,3,7.0,Moderately Old,0,1,0,0,0,1,35,"28.4178° N, 77.0628° E",28.4178,77.0628
905,house,sector 26,dlf city plots,17.0,37627.27,4518.0,5,6,3,2.0,Old Property,0,1,1,1,0,2,87,"28.4757° N, 77.1032° E",28.4757,77.1032
907,flat,sector 113,la vida by tata housing,1.75,10491.61,1424.0,2,2,3,10.0,Relatively New,1,0,0,0,0,1,93,"28.5287° N, 77.0233° E",28.5287,77.0233
908,flat,sector 90,shree vardhman flora,1.27,4951.27,2248.0,4,5,2,9.0,New Property,1,1,0,0,0,1,83,"28.4085° N, 76.9369° E",28.4085,76.9369
910,flat,sector 56,kiran residency,1.55,7750.0,1800.0,3,3,3+,5.0,Old Property,0,1,0,1,1,1,166,"28.4245° N, 77.0991° E",28.4245,77.0991
911,flat,sector 107,signature global solera,0.29,5930.47,543.0,2,2,2,3.0,Relatively New,0,0,0,0,0,1,45,"28.5052° N, 76.9729° E",28.5052,76.9729
912,flat,manesar,green campus chs,0.92,4022.74,1924.0,3,3,3+,8.0,Moderately Old,0,1,0,0,0,1,5,"28.3515° N, 76.9428° E",28.3515,76.9428
913,flat,sector 37c,corona optus,1.27,7203.63,1581.0,3,3,3,2.0,Relatively New,1,0,0,0,1,1,49,"28.4515° N, 76.9882° E",28.4515,76.9882
914,flat,sector 106,paras dews,1.34,9550.96,1535.0,4,5,3+,7.0,Relatively New,0,1,0,0,0,1,49,"28.5007° N, 77.0003° E",28.5007,77.0003
915,house,sector 25,independent,8.0,8000.0,11111.0,3,9,2,3.0,New Property,0,0,0,0,0,1,0,"28.4844° N, 77.0860° E",28.4844,77.086
916,flat,sector 82a,vatika sovereign next sector-82 a gurgaon,2.91,6700.44,3902.0,4,4,3,6.0,Under Construction,1,1,1,0,0,2,79,"28.3858° N, 76.9686° E",28.3858,76.9686
917,flat,sector 69,tulip violet,1.7,8445.11,1819.0,4,4,2,7.0,Relatively New,0,0,0,0,0,1,128,"28.3966° N, 77.0341° E",28.3966,77.0341
918,house,sector 56,independent,2.95,20233.2,1458.0,2,2,0,1.0,Moderately Old,0,0,0,0,0,1,0,"28.4245° N, 77.0991° E",28.4245,77.0991
920,flat,sector 108,sobha city,2.9,14478.28,2003.0,3,4,2,8.0,New Property,0,0,0,0,0,1,109,"28.5134° N, 76.9830° E",28.5134,76.983
921,flat,sector 69,tulip violet,1.52,9632.45,1428.0,3,3,2,4.0,Relatively New,0,0,0,1,0,2,156,"28.3966° N, 77.0341° E",28.3966,77.0341
922,house,sector 17,independent,3.5,24305.56,1440.0,2,6,3+,3.0,Old Property,0,0,0,0,0,1,0,"28.4791° N, 77.0608° E",28.4791,77.0608
923,house,sector 43,sushant lok 1 builder floors,1.65,3395.06,540.0,4,4,3+,4.0,Moderately Old,0,0,0,0,1,0,49,"28.4629° N, 77.0772° E",28.4629,77.0772
924,flat,sector 79,m3m golf hills phase 1,1.7,10828.03,1570.0,3,2,3,10.0,Relatively New,0,0,0,0,0,1,0,"28.3624° N, 76.9787° E",28.3624,76.9787
925,flat,sector 70,shree vardhman victoria,1.63,8358.97,1527.0,3,3,3,5.0,New Property,0,1,0,0,1,1,49,"28.3968° N, 77.0233° E",28.3968,77.0233
926,flat,sector 95,signature the roselia,0.41,6193.35,670.0,2,2,2,12.0,New Property,1,0,0,0,0,2,90,"28.4172° N, 76.9081° E",28.4172,76.9081
927,flat,sector 77,umang winter hills,1.0,7501.88,1489.0,2,2,2,3.0,New Property,0,0,0,0,0,1,74,"28.3801° N, 76.9845° E",28.3801,76.9845
928,flat,sector 69,tulip violet,1.4,8871.99,1428.0,3,3,2,11.0,Relatively New,0,0,0,1,0,1,126,"28.3966° N, 77.0341° E",28.3966,77.0341
929,flat,sector 83,emaar palm gardens,1.76,9263.16,1500.0,3,3,3,6.0,Relatively New,0,1,0,0,0,2,165,"28.3986° N, 76.9647° E",28.3986,76.9647
930,flat,sector 65,emaar mgf emerald floors premier,2.24,13575.76,1833.0,3,3,3,2.0,Relatively New,1,1,0,0,0,1,46,"28.4030° N, 77.0690° E",28.403,77.069
931,flat,sector 109,ats tourmaline,1.75,8139.53,1946.0,3,4,3+,2.0,Relatively New,0,1,0,0,1,1,65,"28.5073° N, 77.0089° E",28.5073,77.0089
932,flat,sector 92,sare crescent parc,0.92,4854.88,1895.0,4,5,3+,14.0,Moderately Old,0,0,0,0,0,2,131,"28.4079° N, 76.9153° E",28.4079,76.9153
933,house,sector 7,independent,2.43,14889.71,345.0,4,4,2,3.0,Old Property,1,0,1,1,0,1,38,"28.4644° N, 77.0143° E",28.4644,77.0143
934,flat,sector 83,emaar palm gardens,1.8,12000.0,1667.0,3,4,3+,6.0,Relatively New,0,1,0,0,0,2,96,"28.3986° N, 76.9647° E",28.3986,76.9647
935,flat,sector 81,bestech park view grand spa,2.25,8458.65,2300.0,3,4,3+,8.0,Relatively New,1,1,1,0,0,2,122,"28.3867° N, 76.9485° E",28.3867,76.9485
937,flat,sector 48,central park resorts,15.0,22388.06,7444.0,5,6,3+,17.0,Relatively New,1,1,0,1,0,0,45,"28.4177° N, 77.0359° E",28.4177,77.0359
938,flat,sector 62,pioneer araya,10.75,19499.37,4990.0,5,7,3,10.0,Relatively New,0,1,0,0,0,2,153,"28.4139° N, 77.0886° E",28.4139,77.0886
939,flat,sector 71,chd avenue,1.16,6655.19,1577.0,3,3,3,5.0,Moderately Old,0,1,0,0,0,2,73,"28.4104° N, 77.0281° E",28.4104,77.0281
940,house,sector 7,independent,1.55,13888.89,1080.0,2,2,2,1.0,Moderately Old,0,0,0,0,0,2,52,"28.4644° N, 77.0143° E",28.4644,77.0143
941,flat,sector 92,raheja navodaya,0.85,4271.36,1801.0,3,3,3,2.0,Relatively New,0,0,0,0,0,1,100,"28.4079° N, 76.9153° E",28.4079,76.9153
942,flat,sector 85,ss the leaf,1.2,7317.07,1484.0,2,2,3,12.0,Relatively New,0,0,0,0,0,2,157,"28.4042° N, 76.9513° E",28.4042,76.9513
943,flat,sector 104,ats triumph,2.78,8825.4,2851.0,4,4,3+,11.0,Relatively New,0,1,0,0,0,1,110,"28.4788° N, 76.9960° E",28.4788,76.996
944,flat,sector 102,conscient heritage max,1.9,9783.73,1757.0,3,4,3+,20.0,Relatively New,0,1,0,0,0,1,165,"28.4750° N, 76.9715° E",28.475,76.9715
945,flat,sector 71,chd avenue,1.1,6104.33,1631.0,3,4,3,3.0,Moderately Old,0,1,0,0,0,1,26,"28.4104° N, 77.0281° E",28.4104,77.0281
946,house,sector 37d,independent,1.16,7537.36,1535.0,1,1,0,1.0,Relatively New,0,0,0,0,0,1,0,"28.4478° N, 76.9703° E",28.4478,76.9703
947,house,sector 33,unitech uniworld resorts,11.75,23239.72,5056.0,5,7,3+,3.0,Relatively New,0,1,0,0,0,1,80,"28.4420° N, 77.0207° E",28.442,77.0207
948,flat,sector 89,smart world gems,0.9,8159.56,998.0,2,2,2,3.0,New Property,1,0,0,0,1,1,95,"28.4253° N, 76.9439° E",28.4253,76.9439
949,flat,sector 53,vipul belmonte,6.5,21922.43,2683.0,3,4,3+,0.0,Old Property,1,0,0,0,1,1,72,"28.4433° N, 77.0948° E",28.4433,77.0948
951,flat,sector 81,signature global synera,0.38,9500.0,444.0,1,1,2,3.0,Relatively New,0,0,0,0,0,1,43,"28.3867° N, 76.9485° E",28.3867,76.9485
952,flat,sector 2,bestech park view residency,1.18,7539.94,1416.0,2,2,3,5.0,Old Property,1,0,0,0,0,1,76,"28.5095° N, 77.0320° E",28.5095,77.032
953,flat,sector 36,signature global park 4,0.72,6428.57,1244.0,3,2,3,2.0,Under Construction,0,0,0,0,0,1,0,"28.4160° N, 76.9914° E",28.416,76.9914
954,flat,sector 62,emaar digihomes,2.45,16002.61,1200.0,2,2,2,7.0,New Property,1,0,0,0,0,0,174,"28.4139° N, 77.0886° E",28.4139,77.0886
955,house,sector 105,independent,1.15,3284.78,3889.0,3,2,1,1.0,Moderately Old,0,0,0,0,0,1,0,"28.4952° N, 77.0114° E",28.4952,77.0114
956,house,sector 3,bhim garh kheri,0.75,6410.26,1170.0,4,2,2,2.0,Old Property,0,0,0,0,0,1,16,"28.4909° N, 77.0176° E",28.4909,77.0176
958,flat,sector 12,bhagwati sadan,1.15,5750.0,2000.0,3,4,2,2.0,Old Property,1,1,0,0,1,2,28,"28.4723° N, 77.0320° E",28.4723,77.032
959,flat,sector 108,raheja vedaanta,1.5,5263.16,2850.0,3,4,0,12.0,Relatively New,0,0,0,0,0,1,0,"28.5134° N, 76.9830° E",28.5134,76.983
960,flat,sector 79,bestech altura,1.85,8604.65,1650.0,3,3,3,7.0,New Property,0,1,0,0,0,1,53,"28.3624° N, 76.9787° E",28.3624,76.9787
961,flat,sector 37d,ramprastha skyz,1.1,6376.81,1561.0,3,3,3+,7.0,Under Construction,0,0,0,0,0,1,109,"28.4478° N, 76.9703° E",28.4478,76.9703
962,flat,manesar,imt view society,0.95,3652.44,2232.0,3,4,3,6.0,Moderately Old,0,1,0,0,0,1,81,"28.3515° N, 76.9428° E",28.3515,76.9428
963,house,sector 82a,vatika sovereign next,3.85,7500.49,5140.0,5,6,3+,6.0,Relatively New,0,0,0,0,0,1,53,"28.3858° N, 76.9686° E",28.3858,76.9686
964,flat,sector 89,smart world gems,0.97,8794.2,1103.0,2,2,3+,2.0,New Property,0,0,0,0,0,1,49,"28.4253° N, 76.9439° E",28.4253,76.9439
965,flat,sector 91,tarc maceo,0.87,6641.22,1148.0,2,2,2,9.0,Relatively New,0,0,1,0,0,1,78,"28.4014° N, 76.9225° E",28.4014,76.9225
966,house,sector 25,nul,6.25,34722.22,1800.0,5,5,3,2.0,Moderately Old,0,1,0,1,0,2,112,"28.4844° N, 77.0860° E",28.4844,77.086
967,flat,sector 86,microtek greenburg,1.45,9797.3,1480.0,3,2,3,8.0,Relatively New,0,0,0,0,0,0,72,"28.3986° N, 76.9384° E",28.3986,76.9384
969,flat,sector 109,sbtl caladium,1.68,6601.18,2303.0,3,3,3+,7.0,Moderately Old,0,1,0,0,0,1,134,"28.5073° N, 77.0089° E",28.5073,77.0089
970,house,sector 82,vatika signature villas,3.2,14349.78,2160.0,3,4,3,1.0,New Property,1,1,1,1,0,1,66,"28.3935° N, 76.9600° E",28.3935,76.96
971,flat,sector 49,vatika city,1.85,10577.47,1471.12,3,3,1,7.0,Moderately Old,0,0,1,1,0,1,158,"28.4121° N, 77.0480° E",28.4121,77.048
972,flat,sector 107,m3m woodshire,1.4,5929.69,2137.0,3,4,3+,6.0,Relatively New,0,1,0,0,0,1,117,"28.5052° N, 76.9729° E",28.5052,76.9729
973,house,sector 47,independent,5.15,26614.99,1935.0,3,9,3+,3.0,Relatively New,0,0,1,0,0,2,75,"28.4276° N, 77.0492° E",28.4276,77.0492
974,flat,sector 79,godrej aria,1.1,11482.25,81.0,2,2,3,9.0,New Property,0,0,0,0,0,1,62,"28.3624° N, 76.9787° E",28.3624,76.9787
975,flat,sector 5,om apartment dayanand colony,0.26,4369.75,648.0,1,1,1,3.0,Relatively New,0,0,0,0,0,1,14,"28.4794° N, 77.0176° E",28.4794,77.0176
976,flat,sector 79,mapsko mount ville,1.25,8389.26,1656.0,3,3,3+,16.0,Relatively New,0,0,0,0,0,2,49,"28.3624° N, 76.9787° E",28.3624,76.9787
977,house,sector 4,naman residency,0.5,11111.11,450.0,2,2,2,2.0,New Property,1,1,0,1,1,1,14,"28.4738° N, 77.0107° E",28.4738,77.0107
978,house,sector 25,independent,16.0,26666.67,6000.0,6,5,2,3.0,Relatively New,0,0,0,0,0,1,0,"28.4844° N, 77.0860° E",28.4844,77.086
979,flat,sector 83,vatika gurgaon,0.95,6574.39,1300.0,2,2,3,5.0,Relatively New,0,0,0,0,0,2,96,"28.3986° N, 76.9647° E",28.3986,76.9647
980,house,sector 7,independent,2.0,13888.89,1440.0,2,2,2,2.0,Old Property,0,0,0,0,0,1,22,"28.4644° N, 77.0143° E",28.4644,77.0143
981,flat,sector 6,ss residency,0.48,5333.33,111.0,3,2,2,2.0,Moderately Old,0,0,0,0,0,1,54,"28.4745° N, 77.0262° E",28.4745,77.0262
982,house,sector 43,sushant lok 1 builder floors,1.95,10077.52,1935.0,3,4,3+,4.0,New Property,0,1,0,0,0,2,78,"28.4629° N, 77.0772° E",28.4629,77.0772
983,flat,sector 110,mahindra aura,2.25,9266.89,2350.0,4,4,3+,2.0,Relatively New,0,1,0,0,0,1,152,"28.5145° N, 77.0197° E",28.5145,77.0197
984,flat,sector 79,bestech altura,1.85,8604.65,1946.0,3,4,3+,11.0,New Property,0,1,0,0,0,1,49,"28.3624° N, 76.9787° E",28.3624,76.9787
985,flat,sector 113,m3m capital,3.25,14142.73,2553.0,4,4,3+,34.0,Under Construction,1,1,0,1,0,1,115,"28.5287° N, 77.0233° E",28.5287,77.0233
986,flat,sector 85,orris carnation residency,0.9,6428.57,1402.0,3,3,2,12.0,Relatively New,0,0,0,0,0,1,120,"28.4042° N, 76.9513° E",28.4042,76.9513
987,flat,sector 89,m3m soulitude,1.0,9066.18,1226.0,2,2,2,2.0,New Property,1,0,0,0,0,1,49,"28.4253° N, 76.9439° E",28.4253,76.9439
988,house,sector 2,independent,2.55,16377.65,1557.0,3,3,2,2.0,Old Property,0,0,0,0,0,1,8,"28.5095° N, 77.0320° E",28.5095,77.032
989,house,sector 83,vatika india next,1.7,7870.37,2160.0,3,3,3+,4.0,New Property,0,1,0,1,0,1,0,"28.3986° N, 76.9647° E",28.3986,76.9647
990,house,sector 104,shri shyam residency,0.62,12400.0,900.0,3,3,1,2.0,Moderately Old,0,0,0,0,1,0,8,"28.4788° N, 76.9960° E",28.4788,76.996
991,flat,sector 102,emaar gurgaon greens,1.4,8484.85,1300.0,3,3,3,10.0,Relatively New,0,1,0,0,0,1,46,"28.4750° N, 76.9715° E",28.475,76.9715
992,house,sector 50,unitech aspen greens,6.8,31481.48,2160.0,4,5,3,3.0,Old Property,1,1,0,0,0,2,111,"28.4178° N, 77.0628° E",28.4178,77.0628
993,flat,sector 89,smart world gems,1.1,9972.8,1226.0,2,2,2,3.0,New Property,0,0,1,0,0,1,77,"28.4253° N, 76.9439° E",28.4253,76.9439
994,flat,sector 33,central park flower valley,1.4,21538.46,588.0,3,3,3,2.0,Under Construction,0,0,0,0,0,1,54,"28.4420° N, 77.0207° E",28.442,77.0207
995,flat,sector 102,adani oyster greens,1.9,10058.23,2099.0,3,3,3+,9.0,Relatively New,1,0,1,1,0,1,0,"28.4750° N, 76.9715° E",28.475,76.9715
996,flat,sector 77,emaar palm heights,2.1,10370.37,1833.0,3,3,3,17.0,New Property,1,1,0,0,0,1,8,"28.3801° N, 76.9845° E",28.3801,76.9845
997,flat,sector 30,afnhb jalvayu vihar,0.85,12859.3,734.0,2,2,1,2.0,Old Property,0,0,0,0,1,2,49,"28.4604° N, 77.0579° E",28.4604,77.0579
998,house,sector 49,ss aaron ville,6.75,15000.0,4500.0,5,4,2,2.0,New Property,0,0,0,0,1,1,49,"28.4121° N, 77.0480° E",28.4121,77.048
999,flat,sector 109,ats kocoon,1.7,12878.79,1550.0,3,3,3,22.0,Relatively New,0,0,0,0,0,1,103,"28.5073° N, 77.0089° E",28.5073,77.0089
1000,flat,sector 82a,dlf the primus,2.2,10516.25,1893.0,3,3,3+,16.0,Relatively New,0,1,0,0,0,0,174,"28.3858° N, 76.9686° E",28.3858,76.9686
1001,house,sector 91,independent,3.6,14814.81,2430.0,4,4,3,2.0,New Property,0,0,0,0,0,2,49,"28.4014° N, 76.9225° E",28.4014,76.9225
1002,flat,sector 102,bptp amstoria,1.9,8444.44,2500.0,3,3,3+,1.0,Relatively New,0,1,0,0,0,1,174,"28.4750° N, 76.9715° E",28.475,76.9715
1003,flat,sector 82,mapsko royale ville,1.12,6256.98,1588.0,3,3,2,12.0,Relatively New,0,0,0,1,0,1,49,"28.3935° N, 76.9600° E",28.3935,76.96
1004,flat,sector 92,bestech park view sanskruti,1.55,9687.5,1792.0,3,3,3,17.0,Relatively New,0,1,0,0,0,2,60,"28.4079° N, 76.9153° E",28.4079,76.9153
1006,flat,sector 79,godrej aria,1.1,7773.85,1223.0,2,2,3+,4.0,New Property,0,0,0,0,0,2,49,"28.3624° N, 76.9787° E",28.3624,76.9787
1007,flat,sector 12,ss residency,0.53,4818.18,995.0,3,3,2,2.0,Relatively New,0,0,0,0,0,2,14,"28.4723° N, 77.0320° E",28.4723,77.032
1008,flat,sector 85,ss the leaf,1.1,6318.21,1464.0,2,2,3+,3.0,Relatively New,0,0,1,0,0,1,143,"28.4042° N, 76.9513° E",28.4042,76.9513
1009,flat,sector 7,project krishna colony,0.36,5142.86,700.0,2,2,1,0.0,Relatively New,0,0,0,0,0,1,0,"28.4644° N, 77.0143° E",28.4644,77.0143
1010,flat,sector 63a,signature global city 63a,1.65,15263.64,978.0,2,2,2,1.0,Under Construction,0,0,0,0,0,1,0,"28.3923° N, 77.0888° E",28.3923,77.0888
1011,flat,sector 81,dlf the ultima,2.5,11726.08,1700.0,3,3,2,20.0,Relatively New,0,1,0,0,0,0,174,"28.3867° N, 76.9485° E",28.3867,76.9485
1012,house,sector 12,anamika enclave,6.0,14492.75,9000.0,9,9,3+,3.0,Old Property,0,0,0,0,0,1,9,"28.4723° N, 77.0320° E",28.4723,77.032
1013,house,sector 4,independent,0.4,8888.89,450.0,1,1,0,1.0,Moderately Old,0,0,0,0,0,1,0,"28.4738° N, 77.0107° E",28.4738,77.0107
1014,flat,sector 92,sare green parc phase 3,0.79,6086.29,1175.0,3,2,2,15.0,New Property,0,0,0,0,0,1,29,"28.4079° N, 76.9153° E",28.4079,76.9153
1015,flat,sector 95,rof ananda,0.26,6032.48,406.0,1,1,1,8.0,New Property,0,0,0,0,0,1,49,"28.4172° N, 76.9081° E",28.4172,76.9081
1016,flat,sector 70,unitech vistas,0.99,6325.88,1416.0,3,4,2,11.0,Under Construction,0,0,0,0,0,1,0,"28.3968° N, 77.0233° E",28.3968,77.0233
1017,flat,sector 22,ambience creacions,3.5,19444.44,2000.0,3,4,3+,8.0,New Property,0,1,0,0,0,2,57,"28.5072° N, 77.0640° E",28.5072,77.064
1018,flat,sector 105,uphaar residency 2,0.42,5600.0,833.0,3,2,1,0.0,Moderately Old,0,0,0,0,1,1,7,"28.4952° N, 77.0114° E",28.4952,77.0114
1019,flat,sector 85,ss,2.17,7716.93,2600.0,4,4,3,7.0,Relatively New,1,1,0,1,0,1,49,"28.4042° N, 76.9513° E",28.4042,76.9513
1020,flat,sector 83,emaar palm gardens,1.35,12328.77,1387.0,3,3,3,7.0,Relatively New,0,1,0,0,0,1,24,"28.3986° N, 76.9647° E",28.3986,76.9647
1021,house,sector 3,independent,3.5,9210.53,3800.0,1,1,0,1.0,Moderately Old,0,0,0,0,0,1,0,"28.4909° N, 77.0176° E",28.4909,77.0176
1022,house,sector 39,independent,15.0,33333.33,4500.0,5,5,3+,4.0,Moderately Old,0,1,0,0,0,2,27,"28.4434° N, 77.0515° E",28.4434,77.0515
1023,flat,sector 76,suncity avenue 76,0.75,10204.08,665.0,2,2,2,11.0,Under Construction,0,0,0,0,0,1,57,"28.3935° N, 76.9888° E",28.3935,76.9888
1024,flat,sector 69,tulip violet,1.36,8842.65,1392.0,3,3,1,12.0,Relatively New,0,0,0,1,0,1,86,"28.3966° N, 77.0341° E",28.3966,77.0341
1025,flat,sector 37c,ild grand,0.66,5038.17,1310.0,2,2,3+,14.0,Relatively New,0,0,0,0,0,1,60,"28.4515° N, 76.9882° E",28.4515,76.9882
1026,flat,sector 85,ss the leaf,1.05,6402.44,1484.0,2,2,3,6.0,Relatively New,0,0,0,0,1,1,49,"28.4042° N, 76.9513° E",28.4042,76.9513
1027,flat,sector 24,ambience lagoon,5.8,12500.0,3700.0,3,4,3+,9.0,Old Property,1,1,0,1,1,0,68,"28.4939° N, 77.1038° E",28.4939,77.1038
1028,flat,sector 79,supertech araville,0.8,6177.61,1172.0,2,2,3+,9.0,New Property,0,0,0,0,1,1,24,"28.3624° N, 76.9787° E",28.3624,76.9787
1029,flat,sector 102,conscient heritage max,2.15,10004.65,1945.0,3,4,3+,18.0,Relatively New,1,1,0,0,0,2,134,"28.4750° N, 76.9715° E",28.475,76.9715
1030,flat,sector 107,m3m woodshire,0.82,6002.93,1236.0,2,2,3+,7.0,Relatively New,0,0,0,0,0,1,111,"28.5052° N, 76.9729° E",28.5052,76.9729
1031,flat,sector 110,ompee k s residency,1.6,2992.89,73.0,2,2,2,1.0,Relatively New,0,0,0,0,0,1,0,"28.5145° N, 77.0197° E",28.5145,77.0197
1032,house,sector 57,satya the legend,9.25,16577.06,5580.0,5,5,3+,4.0,Relatively New,1,1,1,1,0,2,160,"28.4232° N, 77.0752° E",28.4232,77.0752
1033,flat,sector 68,m3m sierra 68,1.13,9076.31,1130.0,2,2,3,9.0,Relatively New,0,0,0,0,0,2,149,"28.3853° N, 77.0484° E",28.3853,77.0484
1034,house,sector 50,unitech espace,7.5,34722.22,2160.0,3,3,2,2.0,Moderately Old,0,1,0,0,0,2,66,"28.4178° N, 77.0628° E",28.4178,77.0628
1035,flat,sector 104,ats triumph,1.83,7991.27,2000.0,3,4,3+,10.0,Relatively New,0,1,0,0,0,1,165,"28.4788° N, 76.9960° E",28.4788,76.996
1036,flat,sector 95,ramsons kshitij,0.29,5178.57,507.0,2,2,2,14.0,Relatively New,0,0,0,0,0,1,50,"28.4172° N, 76.9081° E",28.4172,76.9081
1037,flat,sector 66,emaar mgf the palm drive,3.0,14285.71,2100.0,4,5,3+,10.0,Relatively New,0,1,0,0,0,2,49,"28.3925° N, 77.0541° E",28.3925,77.0541
1038,flat,manesar,dlf express greens,1.5,6358.63,2135.0,4,5,3+,10.0,New Property,0,1,0,0,0,1,32,"28.3515° N, 76.9428° E",28.3515,76.9428
1039,flat,sector 71,chd avenue,1.32,6019.15,1985.0,4,4,3,14.0,Moderately Old,0,1,0,0,0,1,65,"28.4104° N, 77.0281° E",28.4104,77.0281
1040,flat,sector 65,m3m golfestate,5.9,17543.86,3043.0,3,3,3,9.0,Moderately Old,1,0,0,0,0,0,21,"28.4030° N, 77.0690° E",28.403,77.069
1042,house,sector 33,unitech uniworld resorts,11.5,24572.65,4680.0,5,6,3+,4.0,Relatively New,0,1,0,0,0,1,84,"28.4420° N, 77.0207° E",28.442,77.0207
1044,house,sector 23,independent,1.2,6230.53,1500.0,3,2,2,3.0,New Property,0,0,0,0,0,2,79,"28.5121° N, 77.0478° E",28.5121,77.0478
1045,flat,sector 99,assotech blith,0.92,6739.93,1235.0,2,2,3+,22.0,Under Construction,0,0,0,0,0,1,56,"28.4640° N, 76.9614° E",28.464,76.9614
1046,house,sector 6,surendra homes dayaindependentd colony,0.75,15625.0,480.0,4,4,2,1.0,Moderately Old,0,0,0,0,0,1,0,"28.4745° N, 77.0262° E",28.4745,77.0262
1047,flat,sector 70,shree vardhman victoria,1.6,8205.13,2167.0,3,5,3,6.0,Relatively New,0,1,0,0,0,1,174,"28.3968° N, 77.0233° E",28.3968,77.0233
1049,flat,sector 103,ansal housing highland park,1.1,6242.91,1500.0,3,3,3+,7.0,New Property,0,0,0,0,0,1,87,"28.4949° N, 76.9845° E",28.4949,76.9845
1050,flat,sector 14,essel towers,2.2,12500.0,1956.0,3,4,3+,3.0,Old Property,0,0,0,0,0,1,0,"28.4711° N, 77.0454° E",28.4711,77.0454
1051,house,sector 2,palam vihar extension west zone rwa,0.4,4444.44,900.0,3,4,2,2.0,Moderately Old,0,0,0,0,0,1,36,"28.5095° N, 77.0320° E",28.5095,77.032
1053,flat,sector 109,ats kocoon,1.65,10645.16,1650.0,3,3,3,19.0,Relatively New,0,0,1,0,0,2,159,"28.5073° N, 77.0089° E",28.5073,77.0089
1054,flat,sector 63,dlf the arbour,8.5,21518.99,3950.0,4,4,0,27.0,New Property,0,0,0,0,0,1,61,"28.3971° N, 77.0867° E",28.3971,77.0867
1055,flat,sector 61,smart world orchard,1.6,13913.04,1278.0,2,2,2,4.0,Under Construction,0,0,0,0,0,1,16,"28.4050° N, 77.0963° E",28.405,77.0963
1056,flat,sector 90,dlf new town heights,1.51,6387.48,2362.0,4,4,3+,6.0,Relatively New,0,1,0,1,0,2,142,"28.4085° N, 76.9369° E",28.4085,76.9369
1057,flat,sector 90,dlf regal gardens,1.25,8116.88,1640.0,3,3,3,8.0,Relatively New,0,0,0,1,0,1,158,"28.4085° N, 76.9369° E",28.4085,76.9369
1058,flat,sector 102,emaar gurgaon greens,1.4,8484.85,1493.0,3,3,3,4.0,Relatively New,0,1,0,0,0,2,83,"28.4750° N, 76.9715° E",28.475,76.9715
1059,flat,sector 63a,birla navya,3.3,15348.84,2150.0,3,3,3,4.0,Under Construction,0,1,0,0,0,1,52,"28.3923° N, 77.0888° E",28.3923,77.0888
1060,flat,sector 86,dlf new town heights,1.26,6113.54,1747.0,3,3,3,5.0,Moderately Old,0,1,0,0,1,1,113,"28.3986° N, 76.9384° E",28.3986,76.9384
1061,flat,sector 83,emaar palm gardens,3.15,8400.0,3200.0,5,7,3+,15.0,Relatively New,0,1,0,0,0,2,165,"28.3986° N, 76.9647° E",28.3986,76.9647
1062,flat,sector 33,godrej nature plus,1.31,15975.61,85.0,2,2,2,4.0,Under Construction,0,0,0,0,0,1,92,"28.4420° N, 77.0207° E",28.442,77.0207
1064,house,sector 26,dlf city phase 1,3.25,3681.05,8829.0,3,3,3,2.0,Old Property,1,0,0,0,0,1,79,"28.4757° N, 77.1032° E",28.4757,77.1032
1065,house,sector 103,satya the hermitage,4.35,13500.93,3222.0,4,4,3+,2.0,Relatively New,1,1,1,1,0,1,138,"28.4949° N, 76.9845° E",28.4949,76.9845
1066,flat,sector 110,indiabulls enigma,3.45,10147.06,3077.0,4,4,3,9.0,Moderately Old,0,1,0,0,0,2,125,"28.5145° N, 77.0197° E",28.5145,77.0197
1067,flat,sector 66,emaar mgf the palm drive,3.5,15909.09,2125.0,3,3,3,7.0,Moderately Old,0,1,1,0,0,2,149,"28.3925° N, 77.0541° E",28.3925,77.0541
1068,flat,sector 66,emaar mgf the palm drive,3.4,15454.55,2200.0,3,4,3,9.0,Relatively New,0,1,1,0,0,2,96,"28.3925° N, 77.0541° E",28.3925,77.0541
1069,house,sector 50,independent,7.0,23333.33,3400.0,4,4,2,3.0,Old Property,0,1,0,0,0,1,118,"28.4178° N, 77.0628° E",28.4178,77.0628
1070,flat,sector 65,m3m skycity,1.8,13698.63,1456.0,2,2,3,13.0,New Property,0,0,0,0,0,1,73,"28.4030° N, 77.0690° E",28.403,77.069
1071,flat,sector 84,antriksh heights,0.92,5041.1,1652.0,3,3,3,2.0,Relatively New,1,0,0,1,0,1,67,"28.3979° N, 76.9736° E",28.3979,76.9736
1072,flat,sector 66,ireo uptown,1.32,11438.47,1048.0,2,2,2,6.0,Relatively New,0,0,0,0,0,1,45,"28.3925° N, 77.0541° E",28.3925,77.0541
1073,flat,sector 37d,bptp terra,1.78,8124.14,1983.0,4,3,3,10.0,Relatively New,0,1,0,0,0,1,127,"28.4478° N, 76.9703° E",28.4478,76.9703
1074,flat,sector 67,ireo victory valley,3.05,12650.35,2029.0,3,3,3+,21.0,Relatively New,0,1,0,0,0,2,157,"28.3859° N, 77.0608° E",28.3859,77.0608
1075,flat,sector 81,dlf the ultima,2.28,10841.65,1750.0,3,3,3+,14.0,Relatively New,0,1,0,0,0,0,49,"28.3867° N, 76.9485° E",28.3867,76.9485
1076,flat,sector 92,sare crescent parc,0.9,4259.35,1805.0,4,5,3+,3.0,Relatively New,0,1,0,0,0,1,0,"28.4079° N, 76.9153° E",28.4079,76.9153
1078,flat,sector 49,satya element one,0.8,11111.11,720.0,1,1,1,0.0,Moderately Old,0,0,0,0,0,1,0,"28.4121° N, 77.0480° E",28.4121,77.048
1079,house,sector 23,independent,2.7,18620.69,1450.0,5,5,2,3.0,Old Property,0,0,0,0,0,2,17,"28.5121° N, 77.0478° E",28.5121,77.0478
1080,flat,sector 67,m3m merlin,3.32,14079.73,2016.0,3,4,3,8.0,New Property,0,1,0,0,0,2,174,"28.3859° N, 77.0608° E",28.3859,77.0608
1081,flat,sector 82a,dlf the primus,1.85,10283.49,1668.0,3,3,3+,2.0,Relatively New,0,0,0,0,0,2,44,"28.3858° N, 76.9686° E",28.3858,76.9686
1082,flat,sector 79,godrej,1.29,8206.11,1423.0,2,2,3,4.0,New Property,0,0,0,0,0,1,0,"28.3624° N, 76.9787° E",28.3624,76.9787
1083,flat,sector 86,dlf the skycourt,1.5,7776.05,1550.0,3,3,1,15.0,Relatively New,0,0,0,0,0,1,159,"28.3986° N, 76.9384° E",28.3986,76.9384
1084,house,sector 50,independent,13.2,27154.91,4861.0,6,6,0,2.0,Moderately Old,0,0,0,0,0,1,0,"28.4178° N, 77.0628° E",28.4178,77.0628
1085,flat,sector 43,dlf icon,5.8,20706.89,2801.0,4,4,3+,18.0,Moderately Old,0,0,0,0,0,1,0,"28.4629° N, 77.0772° E",28.4629,77.0772
1086,house,sector 11,independent,0.9,10000.0,900.0,2,4,3+,4.0,Moderately Old,0,0,0,0,0,1,7,"28.4531° N, 77.0202° E",28.4531,77.0202
1087,flat,sector 66,ireo uptown,2.4,13064.78,1700.0,3,2,3,5.0,Relatively New,0,1,0,0,0,2,156,"28.3925° N, 77.0541° E",28.3925,77.0541
1088,flat,sector 66,emaar mgf the palm drive,3.2,17777.78,1800.0,3,3,3,12.0,Relatively New,1,1,1,1,0,1,117,"28.3925° N, 77.0541° E",28.3925,77.0541
1089,house,sector 50,ss hibiscus,12.5,40849.67,3060.0,4,4,3+,2.0,Relatively New,1,1,0,0,0,0,160,"28.4178° N, 77.0628° E",28.4178,77.0628
1090,flat,sector 90,shree vardhman flora,0.66,5076.92,1122.0,2,2,3,4.0,Relatively New,1,0,0,0,0,1,119,"28.4085° N, 76.9369° E",28.4085,76.9369
1091,flat,manesar,aditya apartment,1.0,4032.26,2480.0,3,4,0,3.0,New Property,0,0,0,0,0,1,0,"28.3515° N, 76.9428° E",28.3515,76.9428
1093,house,sector 26,independent,18.9,41832.67,4518.0,6,8,2,3.0,Relatively New,1,1,1,1,0,2,120,"28.4757° N, 77.1032° E",28.4757,77.1032
1094,flat,sector 60,ireo skyon,2.82,12818.18,2400.0,3,3,3,2.0,Relatively New,0,1,0,0,0,2,174,"28.4003° N, 77.0975° E",28.4003,77.0975
1095,flat,sector 83,vatika lifestyle homes,1.15,6552.71,1588.0,3,2,3,15.0,Relatively New,0,0,0,0,0,1,37,"28.3986° N, 76.9647° E",28.3986,76.9647
1096,flat,sector 84,pivotal devaan,0.27,7964.6,387.0,1,1,1,13.0,Relatively New,0,0,0,0,0,0,45,"28.3979° N, 76.9736° E",28.3979,76.9736
1097,flat,sector 95,saan verdante,2.0,10178.12,1964.0,3,4,3+,5.0,New Property,0,1,0,0,0,1,49,"28.4172° N, 76.9081° E",28.4172,76.9081
1098,flat,sector 102,emaar gurgaon greens,1.4,8484.85,1315.0,3,3,3,3.0,Relatively New,0,1,0,0,0,1,60,"28.4750° N, 76.9715° E",28.475,76.9715
1100,flat,sector 91,tarc maceo,1.8,7758.62,2578.0,4,3,3+,0.0,Relatively New,1,0,0,1,0,0,45,"28.4014° N, 76.9225° E",28.4014,76.9225
1101,flat,sector 90,shree vardhman flora,0.65,6792.06,1050.0,2,2,3,9.0,Relatively New,1,0,0,0,0,1,67,"28.4085° N, 76.9369° E",28.4085,76.9369
1102,house,sector 49,eros rosewood villas,2.8,15555.56,1800.0,3,3,3,2.0,Moderately Old,0,0,0,1,0,1,68,"28.4121° N, 77.0480° E",28.4121,77.048
1103,flat,manesar,hsiidc sidco aravali,0.91,3516.23,1900.0,3,3,3+,8.0,Moderately Old,0,1,0,0,0,1,23,"28.3515° N, 76.9428° E",28.3515,76.9428
1104,flat,sector 70,shree vardhman victoria,1.1,8461.54,1026.0,2,2,2,0.0,New Property,1,0,0,0,0,1,49,"28.3968° N, 77.0233° E",28.3968,77.0233
1105,flat,sector 91,tarc maceo,1.8,7758.62,2578.0,3,3,3+,0.0,Relatively New,0,0,0,1,0,0,45,"28.4014° N, 76.9225° E",28.4014,76.9225
1106,flat,sector 111,puri diplomatic greens,3.65,12372.88,2670.0,4,5,3+,17.0,Moderately Old,0,1,0,0,0,1,132,"28.5238° N, 77.0320° E",28.5238,77.032
1107,flat,sector 106,paras dews,0.95,6859.21,940.0,2,2,3+,2.0,Relatively New,0,0,0,0,0,1,49,"28.5007° N, 77.0003° E",28.5007,77.0003
1108,flat,sector 28,dlf regency park,2.3,11819.12,1777.0,3,3,3,7.0,Moderately Old,0,1,0,0,0,1,117,"28.4728° N, 77.0865° E",28.4728,77.0865
1109,flat,sector 61,smart world orchard,2.54,15497.25,1639.0,3,3,3,2.0,Under Construction,0,0,1,0,0,1,16,"28.4050° N, 77.0963° E",28.405,77.0963
1110,flat,sector 70,shree vardhman victoria,1.64,8384.46,1527.0,3,5,3,3.0,Relatively New,0,1,0,0,0,1,51,"28.3968° N, 77.0233° E",28.3968,77.0233
1111,flat,sector 86,pyramid urban homes 2,0.43,8582.83,557.0,2,2,1,6.0,New Property,0,0,0,0,1,1,72,"28.3986° N, 76.9384° E",28.3986,76.9384
1112,flat,sector 88a,godrej oasis,1.5,8108.11,2056.0,3,3,2,3.0,Relatively New,0,0,0,0,0,1,47,"28.4347° N, 76.9557° E",28.4347,76.9557
1113,flat,sector 108,experion the heartsong,2.29,8240.37,2779.0,4,5,3+,8.0,Relatively New,0,1,0,0,0,1,95,"28.5134° N, 76.9830° E",28.5134,76.983
1114,flat,sector 111,m3m crown,4.67,17000.36,3056.0,4,4,3+,8.0,Under Construction,0,0,0,0,0,1,73,"28.5238° N, 77.0320° E",28.5238,77.032
1116,flat,sector 62,pioneer araya,9.14,19488.27,3932.0,4,6,3,16.0,Relatively New,1,1,1,0,0,2,146,"28.4139° N, 77.0886° E",28.4139,77.0886
1118,flat,sector 102,shapoorji pallonji joyville gurugram,0.97,10601.09,747.0,2,2,2,12.0,New Property,0,0,0,0,0,1,57,"28.4750° N, 76.9715° E",28.475,76.9715
1119,flat,sector 37c,ild greens,0.78,5714.29,1068.1,2,2,3,1.0,Moderately Old,0,0,0,0,0,2,103,"28.4515° N, 76.9882° E",28.4515,76.9882
1120,house,sector 37d,signature global city,1.27,8089.17,1570.0,3,3,3,4.0,Under Construction,0,0,0,1,0,1,89,"28.4478° N, 76.9703° E",28.4478,76.9703
1122,flat,sector 102,shapoorji pallonji joyville gurugram,1.99,20664.59,1145.0,2,2,2,14.0,New Property,0,0,0,0,0,1,152,"28.4750° N, 76.9715° E",28.475,76.9715
1123,flat,sector 4,huda ashok vihar phase,0.43,6615.38,722.0,2,2,1,2.0,Relatively New,0,0,0,0,0,1,7,"28.4738° N, 77.0107° E",28.4738,77.0107
1124,flat,sector 69,tulip violet,1.68,8358.21,1819.0,4,4,2,2.0,Relatively New,0,0,0,1,0,1,112,"28.3966° N, 77.0341° E",28.3966,77.0341
1126,house,sector 86,dlf new town heights,2.5,7827.18,3194.0,4,5,3+,4.0,Moderately Old,0,1,0,1,1,2,49,"28.3986° N, 76.9384° E",28.3986,76.9384
1127,house,sector 5,sheetla enclave,0.96,10000.0,945.0,2,4,2,3.0,Moderately Old,0,0,1,1,0,2,0,"28.4794° N, 77.0176° E",28.4794,77.0176
1128,flat,sector 86,dlf the skycourt,1.72,8916.54,1746.0,3,3,1,8.0,Relatively New,0,0,0,0,1,2,49,"28.3986° N, 76.9384° E",28.3986,76.9384
1129,flat,sector 83,vatika gurgaon,0.78,6265.06,850.0,2,2,2,3.0,Relatively New,1,0,0,1,0,2,165,"28.3986° N, 76.9647° E",28.3986,76.9647
1130,house,sector 26,independent,5.8,32222.22,1800.0,4,3,2,2.0,Relatively New,0,0,1,0,0,1,21,"28.4757° N, 77.1032° E",28.4757,77.1032
1131,house,sector 9,independent,1.25,8735.15,1431.0,3,6,3+,3.0,Old Property,0,0,0,0,0,1,0,"28.4603° N, 77.0000° E",28.4603,77.0
1132,flat,sector 67,m3m merlin,4.5,14267.6,2854.0,4,4,3+,15.0,Relatively New,0,1,0,0,0,2,158,"28.3859° N, 77.0608° E",28.3859,77.0608
1133,flat,sector 84,antriksh heights,0.94,6999.26,1222.0,3,2,3+,10.0,New Property,1,0,0,0,0,2,89,"28.3979° N, 76.9736° E",28.3979,76.9736
1134,flat,sector 92,sare crescent parc,1.0,4777.83,2093.0,4,4,3,9.0,Relatively New,0,0,0,0,0,1,0,"28.4079° N, 76.9153° E",28.4079,76.9153
1135,flat,sector 109,ats tourmaline,1.5,6976.74,1797.0,3,4,3+,4.0,Relatively New,0,1,0,0,0,1,39,"28.5073° N, 77.0089° E",28.5073,77.0089
1136,house,sector 56,independent,7.5,23148.15,3240.0,8,8,3+,3.0,Relatively New,1,1,0,1,0,0,42,"28.4245° N, 77.0991° E",28.4245,77.0991
1137,flat,sector 70,shree vardhman victoria,1.75,8974.36,1950.0,3,5,0,0.0,Relatively New,0,0,0,0,0,1,47,"28.3968° N, 77.0233° E",28.3968,77.0233
1138,flat,sector 86,dlf the skycourt,1.54,9221.56,1780.0,3,3,3+,15.0,Relatively New,0,1,0,0,0,1,174,"28.3986° N, 76.9384° E",28.3986,76.9384
1139,flat,sector 36,signature global park 4,1.0,9900.99,1122.0,3,2,3,2.0,New Property,0,0,0,0,0,1,128,"28.4160° N, 76.9914° E",28.416,76.9914
1141,flat,sector 109,sbtl caladium,1.8,7072.69,2000.0,3,3,3+,10.0,Relatively New,0,0,0,0,0,1,174,"28.5073° N, 77.0089° E",28.5073,77.0089
1142,house,sector 50,unitech aspen greens,12.0,37037.04,3240.0,3,4,2,1.0,Moderately Old,1,1,0,0,0,2,101,"28.4178° N, 77.0628° E",28.4178,77.0628
1143,flat,sector 70,shree vardhman victoria,1.8,9230.77,2167.0,3,5,3,0.0,New Property,0,0,0,0,0,1,72,"28.3968° N, 77.0233° E",28.3968,77.0233
1144,flat,sector 68,supertech hues,0.8,6779.66,1180.0,2,2,3+,14.0,New Property,0,0,0,0,0,2,26,"28.3853° N, 77.0484° E",28.3853,77.0484
1145,flat,sector 89,m3m soulitude,1.33,16985.95,1423.0,3,3,3,4.0,Under Construction,1,0,0,0,0,1,125,"28.4253° N, 76.9439° E",28.4253,76.9439
1146,flat,sector 85,ss the leaf,2.1,7467.99,2545.0,4,5,3+,9.0,Relatively New,0,0,0,0,0,2,67,"28.4042° N, 76.9513° E",28.4042,76.9513
1147,house,sector 4,independent,0.61,11111.11,61.0,2,2,2,2.0,Moderately Old,0,0,0,0,1,1,14,"28.4738° N, 77.0107° E",28.4738,77.0107
1148,flat,sector 102,emaar gurgaon greens,1.45,8787.88,1493.0,3,3,2,7.0,Relatively New,0,1,0,0,0,1,169,"28.4750° N, 76.9715° E",28.475,76.9715
1149,flat,sector 82a,spectrum centre,0.62,9538.46,650.0,1,1,0,6.0,Relatively New,0,0,0,0,0,1,0,"28.3858° N, 76.9686° E",28.3858,76.9686
1150,flat,sector 53,tulip monsella,7.4,33198.74,2477.0,4,4,3,21.0,Under Construction,0,0,0,0,0,1,35,"28.4433° N, 77.0948° E",28.4433,77.0948
1151,flat,sector 99a,prime habitat,0.26,4744.53,611.0,2,2,1,6.0,Relatively New,0,0,0,0,1,1,79,"28.4561° N, 76.9542° E",28.4561,76.9542
1153,flat,sector 62,pioneer araya,9.2,19943.64,3867.0,4,6,3,5.0,Relatively New,0,1,0,1,0,2,156,"28.4139° N, 77.0886° E",28.4139,77.0886
1154,flat,sector 102,emaar imperial gardens,1.98,9900.0,2222.0,3,3,3+,9.0,Relatively New,0,1,0,0,0,2,72,"28.4750° N, 76.9715° E",28.475,76.9715
1155,flat,sector 104,ats triumph,1.8,7860.26,2544.0,3,4,3,14.0,New Property,0,0,0,0,0,1,60,"28.4788° N, 76.9960° E",28.4788,76.996
1156,flat,sector 59,conscient elevate,4.25,18518.52,2077.0,3,4,3,3.0,Under Construction,0,0,0,0,0,1,0,"28.4051° N, 77.1097° E",28.4051,77.1097
1157,flat,sector 70,tulip ivory,2.0,8333.33,2172.0,4,5,3+,2.0,Relatively New,0,1,0,0,0,2,49,"28.3968° N, 77.0233° E",28.3968,77.0233
1158,flat,sector 79,bestech altura,1.9,8837.21,1946.0,3,4,3,11.0,Under Construction,0,0,0,0,0,1,96,"28.3624° N, 76.9787° E",28.3624,76.9787
1159,flat,sector 104,ats triumph,2.6,8253.97,2851.0,4,4,3+,12.0,Relatively New,0,1,0,0,0,1,118,"28.4788° N, 76.9960° E",28.4788,76.996
1160,flat,sector 109,chintels paradiso,2.0,7604.56,2380.0,4,4,2,11.0,Relatively New,0,1,0,1,0,1,64,"28.5073° N, 77.0089° E",28.5073,77.0089
1162,flat,sector 56,the lions cghs,2.05,7884.62,2600.0,4,4,3+,7.0,Old Property,0,0,1,0,0,2,120,"28.4245° N, 77.0991° E",28.4245,77.0991
1163,flat,sector 66,emaar mgf palm studios,1.7,13502.78,1072.0,2,2,2,7.0,Relatively New,0,0,0,0,1,1,99,"28.3925° N, 77.0541° E",28.3925,77.0541
1164,house,sector 48,eldeco mansionz,6.4,23703.7,2700.0,4,4,3,3.0,Moderately Old,0,1,1,0,0,2,151,"28.4177° N, 77.0359° E",28.4177,77.0359
1165,flat,sector 79,godrej,1.35,8970.1,1362.0,3,3,2,7.0,Relatively New,0,0,0,0,0,1,118,"28.3624° N, 76.9787° E",28.3624,76.9787
1166,house,sector 7,madan puri,0.75,12500.0,600.0,3,5,3,3.0,Moderately Old,0,0,0,0,0,1,0,"28.4644° N, 77.0143° E",28.4644,77.0143
1167,flat,sector 79,godrej,1.29,8206.11,1423.0,2,2,3,4.0,New Property,0,0,0,0,0,1,0,"28.3624° N, 76.9787° E",28.3624,76.9787
1168,flat,sector 102,emaar gurgaon greens,1.55,9393.94,1315.0,3,4,3,7.0,Relatively New,0,1,0,0,0,2,152,"28.4750° N, 76.9715° E",28.475,76.9715
1170,flat,sector 91,tarc maceo,0.96,5411.5,1271.0,2,2,3+,8.0,Moderately Old,0,0,0,0,0,1,85,"28.4014° N, 76.9225° E",28.4014,76.9225
1171,flat,sector 102,emaar gurgaon greens,1.6,9696.97,1315.0,3,3,3,8.0,Relatively New,0,0,0,0,0,1,46,"28.4750° N, 76.9715° E",28.475,76.9715
1172,flat,sector 112,experion windchants,3.1,20666.67,1500.0,2,2,3,9.0,Relatively New,1,1,1,0,0,2,80,"28.5189° N, 77.0183° E",28.5189,77.0183
1173,flat,sector 49,orchid petals,2.45,11887.43,1865.0,3,3,3,0.0,Relatively New,1,0,0,0,0,1,49,"28.4121° N, 77.0480° E",28.4121,77.048
1175,flat,sector 102,suncity avenue,0.48,9022.56,582.0,2,2,1,5.0,Relatively New,0,0,1,0,0,1,159,"28.4750° N, 76.9715° E",28.475,76.9715
1176,house,sector 109,international city by sobha phase 2,6.25,10035.32,6228.0,5,7,3+,3.0,Relatively New,1,1,1,1,0,1,147,"28.5073° N, 77.0089° E",28.5073,77.0089
1177,flat,sector 43,dlf carlton estate,2.0,14214.64,1273.0,3,3,2,5.0,Moderately Old,0,0,0,0,0,1,65,"28.4629° N, 77.0772° E",28.4629,77.0772
1178,flat,sector 67a,pyramid urban,0.55,10516.25,581.0,2,2,2,3.0,Relatively New,0,0,0,0,0,1,73,"28.3960° N, 77.0372° E",28.396,77.0372
1179,house,sector 2,palam vihar extension west zone rwa,0.65,5777.78,1125.0,2,2,1,1.0,Moderately Old,0,0,1,0,0,1,23,"28.5095° N, 77.0320° E",28.5095,77.032
1180,flat,sector 37d,signature global the millennia,0.55,9166.67,610.0,2,2,3,3.0,New Property,0,0,0,0,0,1,71,"28.4478° N, 76.9703° E",28.4478,76.9703
1181,flat,sector 37c,imperia the esfera,0.98,5399.45,1660.0,3,4,3,9.0,Relatively New,0,1,0,0,1,1,49,"28.4515° N, 76.9882° E",28.4515,76.9882
1182,house,sector 12,independent,6.0,35087.72,1710.0,4,6,2,2.0,Old Property,0,0,0,0,0,1,0,"28.4723° N, 77.0320° E",28.4723,77.032
1183,flat,sector 68,m3m the marina,1.02,8095.24,1250.0,2,2,2,11.0,Relatively New,0,0,0,0,1,2,49,"28.3853° N, 77.0484° E",28.3853,77.0484
1184,flat,sector 85,ss,2.1,7467.99,2600.0,4,4,3,2.0,Relatively New,0,0,0,0,0,1,49,"28.4042° N, 76.9513° E",28.4042,76.9513
1186,flat,sector 30,afnhb jalvayu vihar,0.69,7270.81,896.0,2,2,1,3.0,Old Property,0,0,0,0,0,1,65,"28.4604° N, 77.0579° E",28.4604,77.0579
1188,flat,sector 104,ats triumph,2.6,8813.56,3064.0,4,4,3+,16.0,Relatively New,0,1,0,0,0,2,150,"28.4788° N, 76.9960° E",28.4788,76.996
1192,flat,sector 92,gls avenue 51,0.5,7812.5,711.0,3,3,1,12.0,New Property,0,0,0,0,0,0,95,"28.4079° N, 76.9153° E",28.4079,76.9153
1195,flat,sector 102,shapoorji pallonji joyville gurugram,2.03,11997.64,1337.0,3,3,2,1.0,New Property,0,0,0,0,0,1,67,"28.4750° N, 76.9715° E",28.475,76.9715
1196,flat,sector 85,ss the leaf,1.31,7987.8,1822.0,2,2,2,5.0,Relatively New,0,1,0,0,0,1,89,"28.4042° N, 76.9513° E",28.4042,76.9513
1197,flat,sector 50,the close north,3.0,11516.31,2357.0,3,3,3+,14.0,Old Property,0,1,0,0,0,2,121,"28.4178° N, 77.0628° E",28.4178,77.0628
1198,flat,sector 68,supertech new soft launch,0.84,7118.64,1180.0,2,2,2,7.0,New Property,0,0,0,0,0,1,0,"28.3853° N, 77.0484° E",28.3853,77.0484
1201,house,sector 26,dlf city plots,4.0,4530.52,8829.0,4,3,2,2.0,Relatively New,0,0,0,0,0,2,0,"28.4757° N, 77.1032° E",28.4757,77.1032
1202,flat,sector 95,ramsons kshitij,0.28,3650.59,694.0,2,2,2,5.0,New Property,0,0,0,0,1,1,0,"28.4172° N, 76.9081° E",28.4172,76.9081
1203,flat,sector 95,ramsons kshitij,0.45,4591.84,887.0,2,2,1,2.0,Relatively New,1,0,0,0,0,1,89,"28.4172° N, 76.9081° E",28.4172,76.9081
1204,flat,sector 69,tulip violet,1.4,8917.2,1419.0,3,3,1,12.0,Relatively New,0,0,0,1,0,1,86,"28.3966° N, 77.0341° E",28.3966,77.0341
1205,flat,sector 65,m3m golfestate,5.2,17455.52,2696.0,3,3,3,18.0,Relatively New,1,1,0,0,0,2,76,"28.4030° N, 77.0690° E",28.403,77.069
1206,house,sector 10a,independent,4.25,17955.22,2367.0,4,3,2,1.0,Moderately Old,0,0,0,0,0,1,0,"28.4469° N, 77.0106° E",28.4469,77.0106
1208,flat,sector 65,m3m heights,3.0,17996.4,1667.0,3,3,3,20.0,Under Construction,0,0,0,0,0,1,60,"28.4030° N, 77.0690° E",28.403,77.069
1209,flat,sector 99a,pareena coban residences,1.32,6609.91,1737.0,3,5,3,11.0,New Property,0,1,0,0,0,1,88,"28.4561° N, 76.9542° E",28.4561,76.9542
1210,flat,sector 68,m3m the marina,1.0,12500.0,889.0,2,2,3,21.0,Relatively New,0,0,0,0,0,1,31,"28.3853° N, 77.0484° E",28.3853,77.0484
1211,flat,sector 82,mapsko royale ville,0.99,5530.73,1620.0,3,4,2,14.0,New Property,0,1,0,0,0,1,95,"28.3935° N, 76.9600° E",28.3935,76.96
1212,flat,sector 79,mapsko mount ville,1.5,8264.46,1416.0,3,4,3+,11.0,Relatively New,0,1,0,0,0,2,144,"28.3624° N, 76.9787° E",28.3624,76.9787
1213,flat,sector 56,the lions cghs,1.99,11055.56,2000.0,4,4,3+,4.0,Old Property,0,0,0,1,1,2,105,"28.4245° N, 77.0991° E",28.4245,77.0991
1214,flat,sector 50,the close south,3.25,12810.41,2819.0,3,4,3+,4.0,Old Property,0,1,0,0,0,2,135,"28.4178° N, 77.0628° E",28.4178,77.0628
1217,flat,sector 102,shapoorji pallonji joyville gurugram,1.95,17287.23,1465.0,3,3,3,12.0,New Property,0,0,1,0,0,1,72,"28.4750° N, 76.9715° E",28.475,76.9715
1218,flat,sector 90,dlf new town heights,1.95,7150.72,2456.0,4,4,3+,24.0,Relatively New,0,1,1,0,0,1,174,"28.4085° N, 76.9369° E",28.4085,76.9369
1219,flat,sector 83,vatika city homes,0.8,6060.61,1195.0,2,2,2,8.0,Moderately Old,0,0,1,0,0,1,22,"28.3986° N, 76.9647° E",28.3986,76.9647
1220,flat,sector 102,shapoorji pallonji joyville gurugram,1.2,14563.11,1073.0,2,2,3,0.0,Relatively New,0,0,0,0,0,1,49,"28.4750° N, 76.9715° E",28.475,76.9715
1221,flat,sector 59,mahindra luminare,5.5,18181.82,2738.0,3,3,1,26.0,Under Construction,0,1,0,0,0,1,24,"28.4051° N, 77.1097° E",28.4051,77.1097
1222,flat,sector 104,hero homes,1.9,11249.26,1365.0,3,3,3,16.0,Under Construction,0,0,0,1,0,2,103,"28.4788° N, 76.9960° E",28.4788,76.996
1223,flat,sector 65,emaar mgf emerald floors premier,2.36,14303.03,1524.0,3,3,3,2.0,Relatively New,1,1,0,0,0,2,136,"28.4030° N, 77.0690° E",28.403,77.069
1224,flat,sector 71,chd avenue,0.95,7916.67,1200.0,2,2,0,5.0,Moderately Old,0,0,0,0,0,1,0,"28.4104° N, 77.0281° E",28.4104,77.0281
1225,flat,sector 41,unitech the palms,2.75,16768.29,1640.0,3,3,2,14.0,Old Property,0,0,0,0,0,0,79,"28.4557° N, 77.0632° E",28.4557,77.0632
1226,flat,sector 63,adani brahma samsara vilasa,3.25,29545.45,2700.0,3,3,3,4.0,New Property,0,0,0,0,1,1,41,"28.3971° N, 77.0867° E",28.3971,77.0867
1227,flat,sector 33,godrej nature plus,1.7,12592.59,1500.0,3,3,3+,6.0,New Property,0,1,0,0,0,1,38,"28.4420° N, 77.0207° E",28.442,77.0207
1228,flat,sector 67,ireo victory valley,4.5,14097.74,3160.0,4,4,3+,0.0,Relatively New,0,1,0,1,0,2,42,"28.3859° N, 77.0608° E",28.3859,77.0608
1229,flat,sector 109,ats tourmaline,1.5,8571.43,1466.0,3,3,3+,7.0,Relatively New,0,0,0,0,0,1,165,"28.5073° N, 77.0089° E",28.5073,77.0089
1230,flat,sector 83,emaar palm gardens,1.75,9210.53,1600.0,3,3,3,6.0,Relatively New,0,1,0,0,0,2,150,"28.3986° N, 76.9647° E",28.3986,76.9647
1231,flat,sector 45,antriksh green,2.25,7826.09,3194.0,4,4,2,9.0,Old Property,0,1,0,0,0,0,23,"28.4466° N, 77.0660° E",28.4466,77.066
1232,flat,sector 65,emaar mgf emerald floors premier,2.4,14545.45,1600.0,3,3,3,3.0,Relatively New,1,1,0,0,0,2,49,"28.4030° N, 77.0690° E",28.403,77.069
1233,house,sector 72,spaze privy,3.09,6981.47,3653.0,5,5,3+,14.0,Relatively New,0,1,0,0,0,2,33,"28.4225° N, 77.0211° E",28.4225,77.0211
1234,flat,sector 69,tulip violet,1.9,9452.74,1743.0,4,4,2,6.0,Relatively New,0,0,1,0,0,1,174,"28.3966° N, 77.0341° E",28.3966,77.0341
1235,house,sector 46,independent,4.35,23692.81,1836.0,3,8,2,3.0,Relatively New,1,0,0,1,0,2,19,"28.4374° N, 77.0586° E",28.4374,77.0586
1236,flat,sector 81,signature global synera,0.31,7434.05,366.0,1,1,1,13.0,Relatively New,0,0,0,0,0,0,123,"28.3867° N, 76.9485° E",28.3867,76.9485
1237,flat,sector 102,shapoorji pallonji joyville gurugram,1.95,13928.57,1616.0,3,3,3,6.0,New Property,0,0,0,1,0,2,174,"28.4750° N, 76.9715° E",28.475,76.9715
1238,house,sector 108,sobha city,10.5,14322.74,7331.0,5,4,3+,1.0,Relatively New,0,0,0,0,0,1,59,"28.5134° N, 76.9830° E",28.5134,76.983
1239,flat,sector 92,raheja navodaya,0.62,4806.2,1498.0,2,2,2,5.0,New Property,0,0,0,0,0,1,0,"28.4079° N, 76.9153° E",28.4079,76.9153
1241,flat,sector 79,godrej aria,1.45,9062.5,1494.0,2,2,3+,9.0,Relatively New,1,0,0,0,0,1,113,"28.3624° N, 76.9787° E",28.3624,76.9787
1242,flat,sector 81,bestech park view grand spa,4.0,9523.81,3801.0,4,5,3+,15.0,Relatively New,0,1,0,0,0,2,127,"28.3867° N, 76.9485° E",28.3867,76.9485
1245,flat,sector 56,sagar apartment,1.45,7250.0,1900.0,3,3,3+,7.0,Old Property,1,1,0,1,1,1,166,"28.4245° N, 77.0991° E",28.4245,77.0991
1246,flat,sector 61,smart world orchard,1.7,15004.41,1278.0,2,2,2,4.0,Under Construction,0,0,0,0,0,1,24,"28.4050° N, 77.0963° E",28.405,77.0963
1247,house,sector 41,independent,4.25,26234.57,1620.0,2,9,3+,4.0,Moderately Old,1,1,0,0,0,2,36,"28.4557° N, 77.0632° E",28.4557,77.0632
1248,flat,sector 37d,ramprastha primera,1.08,6000.0,1700.0,3,3,3,9.0,Relatively New,0,0,0,0,0,1,158,"28.4478° N, 76.9703° E",28.4478,76.9703
1249,flat,sector 99,assotech blith,1.9,6701.94,2835.0,4,4,3+,2.0,New Property,0,0,0,0,0,1,51,"28.4640° N, 76.9614° E",28.464,76.9614
1250,flat,sector 48,bestech park view city,1.78,10022.52,1526.0,3,4,2,5.0,Relatively New,1,0,0,1,0,1,53,"28.4177° N, 77.0359° E",28.4177,77.0359
1251,flat,sector 102,adani m2k oyster grande,2.5,7817.39,2894.0,4,5,3+,5.0,Relatively New,0,1,0,0,0,1,76,"28.4750° N, 76.9715° E",28.475,76.9715
1252,flat,sector 48,parsvnath green ville,2.5,12820.51,2167.0,4,5,3,1.0,Moderately Old,0,0,0,0,1,2,49,"28.4177° N, 77.0359° E",28.4177,77.0359
1253,flat,sector 2,bestech park view residency,0.95,6709.04,1573.0,2,2,3,10.0,Old Property,0,0,0,0,0,2,88,"28.5095° N, 77.0320° E",28.5095,77.032
1254,house,sector 11,sai kripa floors 5,0.9,11250.0,800.0,2,5,3,3.0,Relatively New,0,0,0,0,0,1,0,"28.4531° N, 77.0202° E",28.4531,77.0202
1255,flat,sector 71,chd avenue,1.1,6790.12,1466.0,3,3,3,11.0,Relatively New,0,0,0,0,1,1,72,"28.4104° N, 77.0281° E",28.4104,77.0281
1256,flat,sector 92,gls avenue 51,0.45,7614.21,646.0,2,2,1,10.0,New Property,1,0,0,0,0,2,20,"28.4079° N, 76.9153° E",28.4079,76.9153
1257,flat,sector 85,ss the leaf,2.0,8305.65,2300.0,3,4,3,6.0,Relatively New,0,1,0,0,0,1,49,"28.4042° N, 76.9513° E",28.4042,76.9513
1259,flat,sector 85,ss the leaf,1.24,7122.34,1730.0,2,2,3,10.0,Relatively New,0,0,0,0,0,1,49,"28.4042° N, 76.9513° E",28.4042,76.9513
1261,flat,sector 15,park view apartments,1.6,11034.48,1611.0,3,3,3+,2.0,Moderately Old,0,0,0,1,0,1,56,"28.4621° N, 77.0464° E",28.4621,77.0464
1262,house,sector 28,independent,11.25,34722.22,3240.0,9,9,3+,2.0,Moderately Old,0,1,1,1,0,2,126,"28.4728° N, 77.0865° E",28.4728,77.0865
1263,flat,sector 58,ireo the grand arch,4.0,18484.29,2164.0,3,4,3,5.0,Old Property,0,1,0,0,0,2,49,"28.4200° N, 77.1105° E",28.42,77.1105
1264,flat,sector 108,sobha city,4.1,23401.83,2343.0,4,5,3,25.0,New Property,1,1,0,0,0,0,97,"28.5134° N, 76.9830° E",28.5134,76.983
1265,flat,sector 90,dlf new town heights,1.2,6217.62,2144.0,3,3,3+,8.0,Moderately Old,0,1,0,1,0,1,59,"28.4085° N, 76.9369° E",28.4085,76.9369
1266,flat,manesar,eden landmark,0.5,3846.15,1300.0,2,2,0,7.0,Under Construction,0,0,0,0,0,1,0,"28.3515° N, 76.9428° E",28.3515,76.9428
1267,flat,sector 89,adani aangan arcade,0.5,7763.98,672.0,2,2,1,4.0,Relatively New,0,0,0,0,0,0,69,"28.4253° N, 76.9439° E",28.4253,76.9439
1268,house,sector 82,vatika india next,6.8,20987.65,3240.0,4,4,3+,3.0,Relatively New,0,1,0,0,0,0,110,"28.3935° N, 76.9600° E",28.3935,76.96
1269,flat,sector 67,ireo victory valley,3.15,12846.66,2219.0,3,4,3+,15.0,Relatively New,0,1,0,1,0,2,149,"28.3859° N, 77.0608° E",28.3859,77.0608
1270,flat,sector 92,sare petioles,1.22,5249.57,2093.0,4,3,3,9.0,Under Construction,0,1,0,0,0,1,99,"28.4079° N, 76.9153° E",28.4079,76.9153
1271,flat,sector 33,central park flower valley,3.3,13750.0,2667.0,3,3,3,2.0,Under Construction,1,1,1,1,0,1,61,"28.4420° N, 77.0207° E",28.442,77.0207
1272,flat,sector 69,tulip violet,1.7,8625.06,1783.0,4,4,1,12.0,Relatively New,0,0,0,0,0,1,88,"28.3966° N, 77.0341° E",28.3966,77.0341
1273,flat,sector 81,dlf the ultima,2.25,10553.47,1929.0,3,3,3+,15.0,Relatively New,0,1,0,0,0,0,165,"28.3867° N, 76.9485° E",28.3867,76.9485
1274,flat,sector 103,indiabulls centrum park,1.34,7882.35,1725.0,3,3,3+,12.0,Relatively New,1,1,1,1,0,2,38,"28.4949° N, 76.9845° E",28.4949,76.9845
1275,flat,sector 81,signature global synera,0.5,6802.72,700.0,2,2,3,6.0,Relatively New,0,0,0,0,0,1,117,"28.3867° N, 76.9485° E",28.3867,76.9485
1276,flat,sector 112,experion windchants,3.4,12134.19,2225.56,3,3,2,14.0,Relatively New,0,0,0,0,0,2,159,"28.5189° N, 77.0183° E",28.5189,77.0183
1277,house,sector 11,independent,2.1,17283.95,1215.0,2,6,3+,3.0,Relatively New,0,0,0,0,0,1,14,"28.4531° N, 77.0202° E",28.4531,77.0202
1278,house,sector 43,independent,9.85,29641.89,3323.0,5,5,2,3.0,Old Property,1,1,0,1,0,1,21,"28.4629° N, 77.0772° E",28.4629,77.0772
1279,flat,sector 106,paras dews,2.1,8917.2,2131.0,4,6,3+,6.0,Relatively New,0,1,0,0,1,1,60,"28.5007° N, 77.0003° E",28.5007,77.0003
1280,flat,sector 37d,ramprastha the atrium,1.0,7782.1,1163.0,3,3,2,4.0,Relatively New,0,0,0,0,0,1,13,"28.4478° N, 76.9703° E",28.4478,76.9703
1281,flat,sector 37c,corona optus,1.2,6916.43,1635.0,3,4,3,8.0,Relatively New,0,0,0,0,0,1,149,"28.4515° N, 76.9882° E",28.4515,76.9882
1282,flat,sector 83,vatika gurgaon,1.4,6628.79,1570.0,3,3,2,7.0,Relatively New,0,0,0,0,0,2,74,"28.3986° N, 76.9647° E",28.3986,76.9647
1283,flat,sector 81,bestech park view grand spa,2.2,8270.68,2481.0,3,4,3+,8.0,Relatively New,0,1,0,0,0,2,165,"28.3867° N, 76.9485° E",28.3867,76.9485
1284,flat,sector 82,mapsko casa bella,1.25,6377.55,1774.0,3,4,3+,8.0,Under Construction,0,0,0,0,0,1,54,"28.3935° N, 76.9600° E",28.3935,76.96
1285,house,sector 108,independent,1.34,5000.0,2680.0,1,1,0,1.0,Relatively New,0,0,0,0,0,1,0,"28.5134° N, 76.9830° E",28.5134,76.983
1286,flat,sector 90,dlf regal gardens,1.26,7403.06,1603.0,3,3,3,6.0,Relatively New,0,0,0,0,1,2,28,"28.4085° N, 76.9369° E",28.4085,76.9369
1287,house,sector 26,dlf city plots,13.5,29880.48,4518.0,5,5,2,2.0,Moderately Old,1,1,0,0,1,2,104,"28.4757° N, 77.1032° E",28.4757,77.1032
1289,flat,sector 111,puri diplomatic greens,3.9,13000.0,2996.0,4,5,3+,6.0,Relatively New,0,1,0,0,0,0,160,"28.5238° N, 77.0320° E",28.5238,77.032
1290,flat,sector 88a,godrej oasis,2.65,16750.95,1582.0,3,3,3+,10.0,New Property,0,0,0,0,0,1,110,"28.4347° N, 76.9557° E",28.4347,76.9557
1291,house,sector 7,independent,1.2,11194.03,1072.0,2,4,2,3.0,Old Property,0,0,0,0,0,1,0,"28.4644° N, 77.0143° E",28.4644,77.0143
1292,flat,sector 102,shapoorji pallonji joyville gurugram,1.26,10370.37,1100.0,2,2,3,7.0,Relatively New,0,0,0,0,0,2,49,"28.4750° N, 76.9715° E",28.475,76.9715
1293,flat,sector 113,la vida by tata housing,1.5,11755.49,1418.0,2,2,2,13.0,New Property,0,0,0,0,0,1,71,"28.5287° N, 77.0233° E",28.5287,77.0233
1294,flat,sector 38,navjyoti apartment,2.1,11938.6,1954.0,4,4,3+,10.0,Old Property,0,0,0,0,0,0,22,"28.4347° N, 77.0430° E",28.4347,77.043
1295,flat,sector 24,ambience caitriona,14.0,22222.22,6300.0,4,5,3,3.0,Old Property,0,0,0,0,0,1,0,"28.4939° N, 77.1038° E",28.4939,77.1038
1296,flat,sector 93,signature global orchard avenue,0.85,14237.86,597.0,2,2,0,10.0,Relatively New,0,0,0,0,0,1,0,"28.4153° N, 76.9326° E",28.4153,76.9326
1297,house,sector 26,dlf city plots,18.0,39840.64,4518.0,6,6,2,3.0,Old Property,0,1,0,1,1,2,49,"28.4757° N, 77.1032° E",28.4757,77.1032
1298,house,sector 43,independent,8.5,31481.48,2700.0,5,5,3,3.0,Moderately Old,0,1,0,0,0,2,113,"28.4629° N, 77.0772° E",28.4629,77.0772
1299,flat,sector 84,pivotal devaan,0.35,7276.51,531.0,2,2,1,10.0,Relatively New,0,0,1,0,0,1,103,"28.3979° N, 76.9736° E",28.3979,76.9736
1300,flat,sector 81,bestech park view grand spa,3.3,12222.22,3070.0,4,5,3+,4.0,Relatively New,1,1,0,0,0,2,174,"28.3867° N, 76.9485° E",28.3867,76.9485
1301,house,sector 55,independent,1.64,10123.46,1620.0,3,3,2,4.0,New Property,1,1,0,0,0,2,54,"28.4281° N, 77.1100° E",28.4281,77.11
1302,flat,sector 67,m3m urbana,0.95,10894.5,826.0,1,1,1,17.0,Relatively New,0,0,0,0,0,1,49,"28.3859° N, 77.0608° E",28.3859,77.0608
1304,house,sector 10a,independent,1.7,18888.89,900.0,2,1,2,2.0,Old Property,0,0,0,0,1,1,8,"28.4469° N, 77.0106° E",28.4469,77.0106
1305,flat,sector 95,rof ananda,0.2,5464.48,407.0,1,1,1,9.0,Relatively New,0,0,0,1,0,1,52,"28.4172° N, 76.9081° E",28.4172,76.9081
1306,flat,sector 66,emaar mgf the palm drive,4.6,18400.0,2882.0,3,3,3,11.0,Relatively New,1,1,1,1,0,1,131,"28.3925° N, 77.0541° E",28.3925,77.0541
1307,flat,sector 107,m3m woodshire,0.98,6422.02,1281.0,2,2,3,7.0,Relatively New,1,0,0,0,0,2,174,"28.5052° N, 76.9729° E",28.5052,76.9729
1308,house,sector 33,central park flower valley,1.15,9349.59,1400.0,2,2,3,2.0,Relatively New,1,0,0,0,0,2,71,"28.4420° N, 77.0207° E",28.442,77.0207
1309,flat,gwal pahari,krrish provence estate,7.5,7500.0,9050.0,5,6,3+,23.0,Relatively New,0,1,0,1,1,1,49,"28.4484° N, 77.0210° E",28.4484,77.021
1310,flat,sector 77,umang winter hills,0.75,5588.67,1140.0,2,2,2,8.0,Relatively New,0,0,1,0,0,2,102,"28.3801° N, 76.9845° E",28.3801,76.9845
1311,flat,sector 109,ats kocoon,2.2,10022.78,1860.0,3,4,3,8.0,Relatively New,0,1,0,0,0,1,156,"28.5073° N, 77.0089° E",28.5073,77.0089
1312,house,sector 110,independent,1.0,8795.07,120.0,3,2,2,1.0,Old Property,0,0,0,1,0,1,0,"28.5145° N, 77.0197° E",28.5145,77.0197
1313,flat,sector 85,ss the leaf,1.15,11966.7,1263.0,2,2,3,20.0,Relatively New,0,0,0,1,0,1,107,"28.4042° N, 76.9513° E",28.4042,76.9513
1314,flat,sector 79,godrej,1.47,16261.06,93.0,2,2,3,9.0,New Property,1,0,0,0,0,1,99,"28.3624° N, 76.9787° E",28.3624,76.9787
1315,flat,sector 112,experion windchants,5.6,11529.75,3662.34,4,6,3+,15.0,Moderately Old,0,1,0,0,0,2,157,"28.5189° N, 77.0183° E",28.5189,77.0183
1316,flat,sector 112,experion windchants,5.6,11529.75,3662.34,4,6,3+,15.0,Moderately Old,0,1,0,0,0,2,157,"28.5189° N, 77.0183° E",28.5189,77.0183
1317,flat,sector 65,emaar mgf emerald floors premier,2.35,14242.42,1650.0,3,3,3,2.0,Relatively New,1,1,0,0,0,1,158,"28.4030° N, 77.0690° E",28.403,77.069
1318,flat,sector 4,"ganpati apartment  2, laxman vihar phase 1",0.45,4707.11,944.0,2,2,1,0.0,Relatively New,0,0,0,0,0,1,46,"28.4738° N, 77.0107° E",28.4738,77.0107
1319,flat,sector 90,dlf new town heights,2.0,7334.07,2468.0,4,4,3+,20.0,Moderately Old,0,1,0,0,1,1,49,"28.4085° N, 76.9369° E",28.4085,76.9369
1320,flat,sector 14,essel towers,2.2,12500.0,1956.0,3,4,3+,3.0,Old Property,0,0,0,0,0,1,0,"28.4711° N, 77.0454° E",28.4711,77.0454
1321,flat,sector 69,tulip violet,1.55,9822.56,1428.0,3,3,2,9.0,Relatively New,0,0,0,1,0,2,165,"28.3966° N, 77.0341° E",28.3966,77.0341
1322,flat,sector 41,south city 1 floors,3.4,11724.14,2900.0,4,4,3,0.0,Old Property,0,0,0,0,0,1,0,"28.4557° N, 77.0632° E",28.4557,77.0632
1323,flat,sector 66,ireo uptown,1.5,11219.15,1330.0,2,3,3,1.0,Relatively New,0,1,0,0,1,2,79,"28.3925° N, 77.0541° E",28.3925,77.0541
1324,flat,sector 85,orris carnation residency,0.55,5789.47,1050.0,2,2,2,5.0,Relatively New,0,0,0,0,1,1,174,"28.4042° N, 76.9513° E",28.4042,76.9513
1325,flat,sector 66,ireo uptown,4.85,12999.2,3500.0,4,4,3+,15.0,Relatively New,1,1,1,1,0,2,156,"28.3925° N, 77.0541° E",28.3925,77.0541
1326,flat,sector 99a,pareena laxmi apartments,0.32,5517.24,577.0,2,2,1,2.0,New Property,0,0,0,0,0,1,43,"28.4561° N, 76.9542° E",28.4561,76.9542
1327,house,sector 23,independent,2.9,11600.0,2500.0,4,4,3,2.0,Relatively New,0,1,0,0,0,2,43,"28.5121° N, 77.0478° E",28.5121,77.0478
1328,flat,sector 99a,pareena coban residences,1.05,6774.19,1390.0,2,2,3,2.0,Relatively New,1,0,0,0,0,1,49,"28.4561° N, 76.9542° E",28.4561,76.9542
1329,flat,sector 81,signature global synera,0.39,6500.0,667.0,2,2,2,6.0,Relatively New,0,0,0,0,0,1,37,"28.3867° N, 76.9485° E",28.3867,76.9485
1330,flat,sector 60,ireo skyon,2.12,15531.14,1350.0,2,2,2,2.0,Relatively New,0,0,0,1,0,2,174,"28.4003° N, 77.0975° E",28.4003,77.0975
1331,house,sector 92,independent,1.8,7627.12,2360.0,4,5,0,13.0,Relatively New,0,0,0,0,0,1,0,"28.4079° N, 76.9153° E",28.4079,76.9153
1334,flat,sector 48,parsvnath green ville,1.75,7201.65,2200.0,3,3,3,7.0,Old Property,0,1,0,0,0,2,109,"28.4177° N, 77.0359° E",28.4177,77.0359
1335,flat,sector 28,chanderlok society,0.9,7234.73,1382.0,4,2,3+,1.0,Old Property,0,0,0,0,0,1,0,"28.4728° N, 77.0865° E",28.4728,77.0865
1336,flat,sector 65,m3m heights,2.25,13611.62,1592.0,2,2,3,5.0,Under Construction,0,0,0,0,0,1,48,"28.4030° N, 77.0690° E",28.403,77.069
1337,flat,sector 102,emaar imperial gardens,1.91,9550.0,1587.0,3,4,2,17.0,Relatively New,1,1,0,0,0,2,152,"28.4750° N, 76.9715° E",28.475,76.9715
1338,flat,sector 109,ats tourmaline,1.75,8139.53,1797.0,3,4,3+,7.0,Relatively New,0,1,0,0,0,1,165,"28.5073° N, 77.0089° E",28.5073,77.0089
1339,flat,sector 70,shree vardhman victoria,1.65,8461.54,1765.0,3,4,3,12.0,Relatively New,0,1,1,0,0,1,56,"28.3968° N, 77.0233° E",28.3968,77.0233
1340,house,sector 47,independent,0.99,17187.5,576.0,1,4,3,4.0,Relatively New,0,0,0,0,0,1,13,"28.4276° N, 77.0492° E",28.4276,77.0492
1341,house,sector 11,shivaji nagar residential,3.08,11407.41,2700.0,6,4,2,1.0,Moderately Old,0,0,0,0,0,1,0,"28.4531° N, 77.0202° E",28.4531,77.0202
1343,flat,sector 99,vatika sovereign park,3.2,9922.48,3225.0,4,4,0,5.0,Under Construction,0,0,0,0,0,1,23,"28.4640° N, 76.9614° E",28.464,76.9614
1344,flat,sector 66,emaar mgf the palm drive,2.8,14358.97,1950.0,3,3,2,12.0,New Property,1,1,0,1,0,0,69,"28.3925° N, 77.0541° E",28.3925,77.0541
1345,flat,sector 53,parsvnath exotica,6.5,19174.04,3000.0,4,5,3+,10.0,Relatively New,1,1,0,1,0,2,174,"28.4433° N, 77.0948° E",28.4433,77.0948
1346,flat,sector 99a,pareena laxmi apartments,0.32,6106.87,473.0,2,2,2,2.0,New Property,0,0,0,0,0,1,50,"28.4561° N, 76.9542° E",28.4561,76.9542
1347,flat,sector 56,the lions cghs,2.05,9534.88,2000.0,4,4,3,7.0,Relatively New,0,1,0,0,1,2,49,"28.4245° N, 77.0991° E",28.4245,77.0991
1348,flat,sector 109,brisk lumbini terrace homes,1.5,6616.67,2519.0,3,3,1,4.0,New Property,0,1,0,0,0,1,37,"28.5073° N, 77.0089° E",28.5073,77.0089
1349,flat,sector 53,tulip monsella,8.25,28004.07,2661.0,3,4,3,8.0,Under Construction,0,1,0,0,0,0,35,"28.4433° N, 77.0948° E",28.4433,77.0948
1352,flat,sector 71,signature andour heights,0.55,8607.2,600.0,2,2,1,7.0,Relatively New,0,0,0,0,0,2,24,"28.4104° N, 77.0281° E",28.4104,77.0281
1353,flat,sector 85,godrej air,1.83,10005.47,2032.0,3,3,3+,18.0,Under Construction,0,0,0,0,0,1,110,"28.4042° N, 76.9513° E",28.4042,76.9513
1354,flat,sector 65,m3m heights,2.8,14997.32,1867.0,3,3,3,20.0,Under Construction,0,0,0,0,0,1,91,"28.4030° N, 77.0690° E",28.403,77.069
1355,flat,sector 37d,signature global city,0.68,11724.14,644.0,2,2,3,9.0,New Property,0,0,0,0,1,1,58,"28.4478° N, 76.9703° E",28.4478,76.9703
1356,flat,sector 109,ats tourmaline,1.4,8000.0,1466.0,3,3,3+,8.0,Relatively New,0,0,1,0,0,1,119,"28.5073° N, 77.0089° E",28.5073,77.0089
1357,flat,sector 49,bestech park view city,3.0,12589.17,2200.0,4,4,3,5.0,Moderately Old,0,1,0,1,0,2,141,"28.4121° N, 77.0480° E",28.4121,77.048
1358,flat,sector 65,emaar mgf emerald floors premier,2.79,14126.58,2194.0,4,4,3+,2.0,Relatively New,1,1,0,0,0,0,174,"28.4030° N, 77.0690° E",28.403,77.069
1359,flat,sector 43,dlf carlton estate,2.0,14214.64,1273.0,3,3,2,5.0,Moderately Old,0,0,0,0,0,1,65,"28.4629° N, 77.0772° E",28.4629,77.0772
1360,flat,sector 69,surendra avenue 69,0.75,6818.18,1100.0,2,2,2,4.0,Moderately Old,0,0,0,0,0,1,0,"28.3966° N, 77.0341° E",28.3966,77.0341
1361,flat,sector 89,smart world gems,0.95,8903.47,804.0,2,2,2,1.0,Under Construction,1,0,0,0,0,1,122,"28.4253° N, 76.9439° E",28.4253,76.9439
1362,flat,sector 84,pivotal devaan,0.35,7246.38,537.0,2,2,2,4.0,Relatively New,0,0,0,0,0,1,37,"28.3979° N, 76.9736° E",28.3979,76.9736
1363,flat,sector 54,shree arihant apartment,1.55,8611.11,1900.0,3,3,3,3.0,Moderately Old,0,1,0,0,0,2,109,"28.4348° N, 77.1089° E",28.4348,77.1089
1364,house,sector 50,unitech espace,7.45,34490.74,4500.0,4,4,3,3.0,Old Property,0,1,0,0,0,2,59,"28.4178° N, 77.0628° E",28.4178,77.0628
1365,flat,sector 92,sare green parc 2,1.07,5245.1,2040.0,4,3,3,10.0,Under Construction,1,1,0,0,0,1,86,"28.4079° N, 76.9153° E",28.4079,76.9153
1366,flat,sector 89,tulip petals,1.55,10000.0,1403.0,3,2,3,6.0,Moderately Old,0,0,1,0,0,2,111,"28.4253° N, 76.9439° E",28.4253,76.9439
1367,flat,sector 99,lotus elise,0.95,6551.72,1611.0,2,3,3,7.0,Relatively New,0,1,0,0,0,1,0,"28.4640° N, 76.9614° E",28.464,76.9614
1368,house,sector 4,independent,0.58,9618.57,67.0,2,2,1,2.0,Moderately Old,0,0,0,1,1,1,7,"28.4738° N, 77.0107° E",28.4738,77.0107
1369,flat,sector 10a,maxworth city residences,0.9,7081.04,1086.0,2,2,3,9.0,New Property,0,0,0,0,1,1,52,"28.4469° N, 77.0106° E",28.4469,77.0106
1370,house,sector 33,nitin vihar,0.85,9444.44,900.0,3,2,0,1.0,Relatively New,0,0,0,0,0,1,15,"28.4420° N, 77.0207° E",28.442,77.0207
1371,flat,sector 28,dlf regency park,1.35,11989.34,1109.0,2,2,2,1.0,Moderately Old,0,0,0,0,0,1,0,"28.4728° N, 77.0865° E",28.4728,77.0865
1372,flat,sector 108,sobha city,2.45,14040.11,1460.0,3,3,3,15.0,Relatively New,0,0,0,0,0,1,49,"28.5134° N, 76.9830° E",28.5134,76.983
1373,flat,sector 56,smriti apartment,0.6,10000.0,543.0,1,1,1,2.0,Moderately Old,0,0,0,0,0,1,49,"28.4245° N, 77.0991° E",28.4245,77.0991
1374,flat,sector 111,lotus homz,0.7,10057.47,773.0,2,2,2,8.0,Relatively New,0,0,0,0,0,1,68,"28.5238° N, 77.0320° E",28.5238,77.032
1375,flat,sector 70,shree vardhman victoria,1.6,8205.13,1527.0,3,3,3,10.0,Relatively New,1,1,0,1,1,1,43,"28.3968° N, 77.0233° E",28.3968,77.0233
1376,flat,sector 108,experion the heartsong,1.36,6541.61,1343.0,3,2,3+,2.0,Relatively New,1,1,0,0,0,2,77,"28.5134° N, 76.9830° E",28.5134,76.983
1377,flat,sector 83,vatika emilia floors,0.65,6190.48,950.0,2,2,2,1.0,Relatively New,0,0,0,0,0,2,174,"28.3986° N, 76.9647° E",28.3986,76.9647
1378,flat,sector 99a,pareena coban residences,1.08,6625.77,1750.0,3,5,3,2.0,Relatively New,0,1,0,0,1,1,49,"28.4561° N, 76.9542° E",28.4561,76.9542
1379,flat,sector 90,dlf new town heights,1.42,4864.68,2139.0,4,4,3+,8.0,Moderately Old,0,1,1,0,0,1,31,"28.4085° N, 76.9369° E",28.4085,76.9369
1380,flat,sector 88a,adani aangan arcade,0.45,7200.0,694.0,2,2,1,3.0,New Property,0,0,0,0,0,1,14,"28.4347° N, 76.9557° E",28.4347,76.9557
1381,flat,sector 107,signature global solera,0.5,4761.9,850.0,3,2,2,5.0,Relatively New,0,0,0,0,1,1,35,"28.5052° N, 76.9729° E",28.5052,76.9729
1382,flat,sector 76,whiteland blissville,1.92,11793.61,1628.0,3,3,2,3.0,Under Construction,0,0,0,0,0,1,61,"28.3935° N, 76.9888° E",28.3935,76.9888
1383,flat,sector 43,dlf royalton tower,6.5,20687.46,2712.0,4,4,3+,9.0,Moderately Old,0,1,0,0,0,1,7,"28.4629° N, 77.0772° E",28.4629,77.0772
1384,flat,manesar,hsiidc sidco aravali,0.9,3477.59,1900.0,3,3,3,2.0,Old Property,0,1,0,0,0,0,21,"28.3515° N, 76.9428° E",28.3515,76.9428
1385,flat,sector 12,511 sarahah tower,0.6,8333.33,800.0,2,2,1,0.0,New Property,0,0,0,1,0,0,0,"28.4723° N, 77.0320° E",28.4723,77.032
1386,house,sector 41,dlf south city 1,2.65,18928.57,1400.0,3,3,3,4.0,New Property,0,1,0,0,0,2,22,"28.4557° N, 77.0632° E",28.4557,77.0632
1387,flat,sector 90,shree vardhman flora,0.96,5120.0,1697.0,3,4,3,3.0,New Property,0,1,0,0,0,1,106,"28.4085° N, 76.9369° E",28.4085,76.9369
1388,house,sector 1,independent,1.85,16003.46,1284.0,4,3,2,3.0,Moderately Old,0,0,0,0,0,1,0,"28.3663° N, 76.9456° E",28.3663,76.9456
1389,flat,sector 2,bestech park view residency,1.51,7889.24,1738.0,3,4,3+,8.0,Moderately Old,0,1,0,0,0,1,92,"28.5095° N, 77.0320° E",28.5095,77.032
1390,flat,sector 37d,bptp terra,1.5,8255.37,1686.0,3,3,3,12.0,Relatively New,0,0,0,0,1,1,49,"28.4478° N, 76.9703° E",28.4478,76.9703
1391,flat,sector 48,bestech park view city,2.7,11713.67,2000.0,3,3,3+,7.0,Relatively New,1,1,0,0,0,2,174,"28.4177° N, 77.0359° E",28.4177,77.0359
1392,flat,sector 70,tulip ivory,2.1,8750.0,2114.0,4,5,3+,5.0,Moderately Old,0,1,0,0,0,2,120,"28.3968° N, 77.0233° E",28.3968,77.0233
1394,flat,sector 2,bestech park view residency,1.4,7865.17,1611.0,3,3,3+,6.0,Old Property,0,0,0,0,0,0,107,"28.5095° N, 77.0320° E",28.5095,77.032
1396,flat,sector 69,tulip violet,1.36,8618.5,1428.0,3,3,2,12.0,Relatively New,0,0,0,1,0,2,49,"28.3966° N, 77.0341° E",28.3966,77.0341
1397,house,sector 60,adani brahma samsara,18.02,28200.31,6390.0,9,12,3+,3.0,Relatively New,0,1,0,0,0,2,146,"28.4003° N, 77.0975° E",28.4003,77.0975
1398,house,sector 4,not applicable,0.65,13000.0,500.0,2,1,1,3.0,Moderately Old,0,0,0,0,0,1,7,"28.4738° N, 77.0107° E",28.4738,77.0107
1399,house,sector 55,independent,2.8,18666.67,1500.0,4,4,0,2.0,Old Property,0,0,0,0,0,1,0,"28.4281° N, 77.1100° E",28.4281,77.11
1400,flat,sector 37d,signature global city,1.1,8494.21,1439.0,3,3,2,2.0,Under Construction,0,0,0,0,0,1,36,"28.4478° N, 76.9703° E",28.4478,76.9703
1401,flat,sector 102,shapoorji pallonji joyville gurugram,2.0,17730.5,1456.0,3,3,3+,1.0,Relatively New,0,0,1,0,0,1,139,"28.4750° N, 76.9715° E",28.475,76.9715
1402,flat,sector 106,elan the presidential,6.3,15384.62,3797.0,5,6,3+,10.0,Under Construction,0,0,0,0,0,2,62,"28.5007° N, 77.0003° E",28.5007,77.0003
1403,flat,sector 37c,ild grand,1.35,7142.86,1820.0,3,3,0,1.0,New Property,0,0,0,0,0,1,60,"28.4515° N, 76.9882° E",28.4515,76.9882
1404,house,sector 24,dlf city plots phase 3,1.44,2962.96,540.0,4,2,2,1.0,Old Property,0,0,0,0,0,1,8,"28.4939° N, 77.1038° E",28.4939,77.1038
1405,house,sector 43,independent,2.55,13178.29,1935.0,3,3,2,3.0,Relatively New,0,0,0,0,0,2,60,"28.4629° N, 77.0772° E",28.4629,77.0772
1406,flat,sector 43,dlf carlton estate,2.1,15418.5,1233.0,3,3,1,2.0,Old Property,0,0,1,0,0,2,88,"28.4629° N, 77.0772° E",28.4629,77.0772
1407,flat,sector 33,godrej nature plus,1.62,13977.57,129.42,3,4,3+,3.0,New Property,0,1,0,0,0,1,100,"28.4420° N, 77.0207° E",28.442,77.0207
1408,flat,sector 99,vatika sovereign park,3.2,9922.48,3225.0,4,4,0,5.0,Under Construction,0,0,0,0,0,1,23,"28.4640° N, 76.9614° E",28.464,76.9614
1410,house,sector 40,independent,2.15,23888.89,900.0,3,3,3,3.0,Moderately Old,1,0,1,1,0,1,45,"28.4498° N, 77.0567° E",28.4498,77.0567
1412,flat,sector 107,m3m woodshire,1.32,6330.94,1758.0,3,3,3,10.0,Relatively New,0,0,0,0,0,1,117,"28.5052° N, 76.9729° E",28.5052,76.9729
1413,flat,sector 95,ramsons kshitij,0.19,590.98,3569.0,1,1,1,14.0,Relatively New,0,0,0,0,0,1,49,"28.4172° N, 76.9081° E",28.4172,76.9081
1414,flat,sector 74,m3m skywalk,1.48,12333.33,1300.0,2,2,3,13.0,Relatively New,0,0,1,0,0,1,158,"28.4158° N, 77.0118° E",28.4158,77.0118
1415,flat,sector 23,radhakrishna society,0.55,5000.0,995.0,2,2,1,1.0,Moderately Old,0,0,0,0,0,2,29,"28.5121° N, 77.0478° E",28.5121,77.0478
1416,flat,sector 104,puri emerald bay,2.55,10408.16,2303.0,4,4,3+,5.0,Relatively New,0,1,0,0,0,1,49,"28.4788° N, 76.9960° E",28.4788,76.996
1417,house,sector 7,independent,0.27,12000.0,225.0,2,2,1,2.0,Moderately Old,0,0,0,0,0,1,12,"28.4644° N, 77.0143° E",28.4644,77.0143
1418,flat,sector 2,bestech park view residency,0.98,6261.98,1416.0,2,2,3,14.0,Moderately Old,1,0,0,0,0,1,92,"28.5095° N, 77.0320° E",28.5095,77.032
1419,house,sector 7,independent,3.1,13777.78,2250.0,3,3,2,2.0,Old Property,0,0,0,0,0,1,22,"28.4644° N, 77.0143° E",28.4644,77.0143
1420,flat,sector 109,brisk lumbini terrace homes,1.38,6339.0,2419.0,3,3,1,4.0,Moderately Old,0,0,0,0,0,1,20,"28.5073° N, 77.0089° E",28.5073,77.0089
1421,flat,sector 66,ireo uptown,1.85,12567.93,1470.0,2,3,3,16.0,Relatively New,0,1,0,0,1,2,79,"28.3925° N, 77.0541° E",28.3925,77.0541
1422,flat,sector 55,siddhi vinayak apartments,1.44,9600.0,1700.0,3,3,2,6.0,Moderately Old,0,0,0,0,1,2,47,"28.4281° N, 77.1100° E",28.4281,77.11
1423,flat,sector 2,bestech park view residency,0.56,8549.62,722.0,1,1,2,7.0,Moderately Old,0,0,0,0,0,1,92,"28.5095° N, 77.0320° E",28.5095,77.032
1425,flat,sector 67a,pyramid urban,0.6,8571.43,633.0,2,2,2,14.0,New Property,0,0,0,0,0,1,15,"28.3960° N, 77.0372° E",28.396,77.0372
1426,house,sector 11,independent,1.35,3857.14,3500.0,10,6,3+,3.0,Old Property,0,0,0,0,0,1,0,"28.4531° N, 77.0202° E",28.4531,77.0202
1427,flat,sector 88a,godrej oasis,1.45,8366.99,133.0,2,2,3+,9.0,Relatively New,1,0,0,0,0,0,85,"28.4347° N, 76.9557° E",28.4347,76.9557
1428,flat,sector 99a,prime habitat,0.27,6053.81,498.0,2,2,1,10.0,Relatively New,0,0,0,0,0,1,67,"28.4561° N, 76.9542° E",28.4561,76.9542
1429,flat,sector 92,gls avenue 51,0.5,7812.5,579.0,3,3,1,0.0,Relatively New,0,0,0,0,0,1,0,"28.4079° N, 76.9153° E",28.4079,76.9153
1430,house,sector 2,independent,4.99,18887.21,2642.0,4,4,3+,3.0,Moderately Old,0,1,1,1,0,1,43,"28.5095° N, 77.0320° E",28.5095,77.032
1431,flat,sector 70,shree vardhman victoria,1.65,8461.54,1527.0,3,4,3,5.0,Relatively New,0,1,0,0,1,2,49,"28.3968° N, 77.0233° E",28.3968,77.0233
1432,flat,sector 81,signature global synera,0.48,8026.76,547.0,2,2,1,14.0,Relatively New,0,0,0,0,0,2,14,"28.3867° N, 76.9485° E",28.3867,76.9485
1433,flat,sector 84,pivotal devaan,0.34,5831.9,533.0,2,2,1,3.0,Relatively New,0,0,1,0,0,1,75,"28.3979° N, 76.9736° E",28.3979,76.9736
1434,flat,sector 79,godrej aria,1.95,8519.0,1659.0,3,4,3+,10.0,New Property,0,1,0,0,0,1,32,"28.3624° N, 76.9787° E",28.3624,76.9787
1435,flat,manesar,hsiidc sidco shivalik apartments,0.6,4000.0,1277.0,3,2,2,5.0,Moderately Old,0,0,0,0,0,1,80,"28.3515° N, 76.9428° E",28.3515,76.9428
1436,flat,sector 67,m3m urbana,1.0,12106.54,826.0,1,1,1,17.0,Relatively New,0,0,0,0,0,1,49,"28.3859° N, 77.0608° E",28.3859,77.0608
1437,flat,sector 81,dlf the ultima,2.34,11185.47,1760.0,3,4,3+,14.0,Relatively New,0,1,0,0,0,0,174,"28.3867° N, 76.9485° E",28.3867,76.9485
1438,flat,sector 36,breez global heights,0.24,5825.24,458.0,1,1,1,8.0,New Property,0,0,0,0,0,1,57,"28.4160° N, 76.9914° E",28.416,76.9914
1439,flat,sector 86,pyramid urban homes 2,0.41,8282.83,557.0,2,2,1,7.0,New Property,1,1,0,1,1,1,49,"28.3986° N, 76.9384° E",28.3986,76.9384
1440,flat,sector 88a,godrej oasis,1.15,9854.33,120.0,2,2,1,12.0,New Property,1,0,0,0,0,1,79,"28.4347° N, 76.9557° E",28.4347,76.9557
1441,flat,sector 106,paras dews,0.97,8818.18,1200.0,2,2,3,6.0,New Property,0,0,0,1,0,2,174,"28.5007° N, 77.0003° E",28.5007,77.0003
1442,house,sector 38,huda,3.5,24005.49,1458.0,3,2,3,2.0,Moderately Old,0,0,1,0,0,2,85,"28.4347° N, 77.0430° E",28.4347,77.043
1443,flat,sector 90,dlf regal gardens,1.3,7150.72,1700.0,3,3,3+,7.0,Relatively New,0,0,0,0,0,1,141,"28.4085° N, 76.9369° E",28.4085,76.9369
1444,flat,sector 37c,imperia the esfera,0.87,5513.31,1428.0,2,3,3+,9.0,New Property,1,0,0,0,0,1,49,"28.4515° N, 76.9882° E",28.4515,76.9882
1445,flat,sector 65,emaar mgf emerald estate,1.3,20602.22,812.0,2,2,2,7.0,Relatively New,1,0,0,0,0,1,78,"28.4030° N, 77.0690° E",28.403,77.069
1446,flat,sector 103,landmark the residency,0.9,6666.67,1222.0,2,2,2,1.0,Relatively New,0,0,0,0,0,1,44,"28.4949° N, 76.9845° E",28.4949,76.9845
1447,flat,sector 65,emaar mgf emerald floors premier,2.9,14683.54,1975.0,4,4,3+,4.0,Relatively New,1,1,0,0,0,2,152,"28.4030° N, 77.0690° E",28.403,77.069
1448,flat,sector 67,ireo victory valley,3.65,13528.54,2490.0,3,4,3+,18.0,Relatively New,0,1,0,1,0,2,61,"28.3859° N, 77.0608° E",28.3859,77.0608
1450,flat,sector 65,emaar mgf emerald estate,1.75,12544.8,1081.0,3,3,3,10.0,Relatively New,0,1,0,0,0,2,124,"28.4030° N, 77.0690° E",28.403,77.069
1451,flat,sector 89,smart world gems,0.88,7963.8,1228.0,2,2,3,2.0,New Property,1,0,0,0,0,1,44,"28.4253° N, 76.9439° E",28.4253,76.9439
1452,flat,sector 2,bestech park view residency,1.4,7865.17,1611.0,3,3,3+,8.0,Moderately Old,0,0,0,0,0,1,92,"28.5095° N, 77.0320° E",28.5095,77.032
1453,flat,sector 102,emaar gurgaon greens,1.39,8424.24,1493.0,3,3,3,7.0,Relatively New,0,1,0,0,0,2,21,"28.4750° N, 76.9715° E",28.475,76.9715
1454,flat,sector 70,tulip ivory,2.0,8333.33,2114.0,4,5,3+,6.0,Moderately Old,0,1,0,0,0,2,95,"28.3968° N, 77.0233° E",28.3968,77.0233
1455,flat,sector 2,rk tower,0.95,9595.96,1100.0,2,2,1,1.0,Relatively New,0,0,0,0,0,1,99,"28.5095° N, 77.0320° E",28.5095,77.032
1456,flat,sector 83,emaar palm gardens,1.3,11872.15,1387.0,3,3,3,16.0,Relatively New,0,1,0,0,0,2,174,"28.3986° N, 76.9647° E",28.3986,76.9647
1457,flat,sector 86,dlf new town heights,1.28,8205.13,1740.0,3,4,3+,12.0,Moderately Old,0,1,0,1,0,1,96,"28.3986° N, 76.9384° E",28.3986,76.9384
1459,house,sector 26,dlf city plots,12.5,38580.25,3240.0,4,5,2,2.0,Moderately Old,1,1,0,0,0,2,121,"28.4757° N, 77.1032° E",28.4757,77.1032
1460,house,sector 12,independent,1.5,11111.11,1350.0,5,5,2,3.0,Old Property,0,0,0,0,0,1,16,"28.4723° N, 77.0320° E",28.4723,77.032
1461,flat,sector 69,tulip violet,1.66,8409.32,1783.0,4,4,1,12.0,Relatively New,0,0,0,1,0,1,102,"28.3966° N, 77.0341° E",28.3966,77.0341
1462,house,sector 9,independent,3.5,13409.96,2610.0,9,9,3+,3.0,Relatively New,1,0,0,0,0,1,23,"28.4603° N, 77.0000° E",28.4603,77.0
1463,flat,sector 56,kiran residency,1.55,7750.0,1810.0,3,3,3,5.0,Old Property,0,1,0,0,0,2,52,"28.4245° N, 77.0991° E",28.4245,77.0991
1464,house,sector 7,independent,1.15,8518.52,1350.0,5,3,2,2.0,Old Property,0,0,0,1,0,1,15,"28.4644° N, 77.0143° E",28.4644,77.0143
1465,flat,sector 65,emaar mgf emerald floors premier,2.85,14430.38,2194.0,4,4,3,3.0,Relatively New,1,1,0,0,0,1,28,"28.4030° N, 77.0690° E",28.403,77.069
1466,flat,sector 33,eldeco accolade,1.2,8042.9,1492.0,2,2,2,0.0,New Property,1,0,0,0,0,1,55,"28.4420° N, 77.0207° E",28.442,77.0207
1467,house,sector 7,independent,0.66,12000.0,550.0,3,1,1,3.0,Relatively New,0,0,0,0,1,1,22,"28.4644° N, 77.0143° E",28.4644,77.0143
1468,flat,sector 70,shree vardhman victoria,1.23,9111.11,1222.0,2,2,3,1.0,Relatively New,1,0,0,0,0,1,43,"28.3968° N, 77.0233° E",28.3968,77.0233
1469,flat,sector 12,adarsh nagar,0.65,6190.48,1167.0,3,3,1,1.0,New Property,0,0,0,0,0,2,42,"28.4723° N, 77.0320° E",28.4723,77.032
1470,flat,sector 74,m3m skywalk,1.5,12500.0,1300.0,2,2,3,17.0,Relatively New,0,0,1,0,0,1,174,"28.4158° N, 77.0118° E",28.4158,77.0118
1472,flat,sector 61,smart world orchard,1.47,12782.61,1278.0,2,2,2,4.0,Under Construction,1,0,0,0,0,1,31,"28.4050° N, 77.0963° E",28.405,77.0963
1473,house,sector 48,vipul tatvam villa,6.4,24691.36,2592.0,3,4,3,2.0,Relatively New,1,1,1,0,0,2,148,"28.4177° N, 77.0359° E",28.4177,77.0359
1474,flat,sector 89,greenopolis,1.3,6806.28,2122.0,3,3,3+,1.0,New Property,0,1,0,0,0,1,35,"28.4253° N, 76.9439° E",28.4253,76.9439
1475,flat,sector 2,bestech park view residency,1.01,7137.81,1281.0,2,2,3,0.0,Moderately Old,0,0,0,0,0,1,92,"28.5095° N, 77.0320° E",28.5095,77.032
1476,house,sector 24,independent,5.25,38888.89,1350.0,4,4,3+,2.0,Relatively New,0,1,0,1,0,2,72,"28.4939° N, 77.1038° E",28.4939,77.1038
1477,flat,sector 86,ansal heights 86,0.9,5325.44,1690.0,3,3,2,10.0,New Property,0,0,0,0,0,1,29,"28.3986° N, 76.9384° E",28.3986,76.9384
1478,flat,sector 79,mapsko mount ville,1.2,13840.83,1165.0,3,3,3,18.0,Relatively New,1,0,0,1,0,2,160,"28.3624° N, 76.9787° E",28.3624,76.9787
1479,flat,sector 92,sare green parc phase 3,0.95,4856.85,1770.0,4,3,3,4.0,Moderately Old,0,0,0,0,0,1,67,"28.4079° N, 76.9153° E",28.4079,76.9153
1480,flat,sector 31,raheja teachers apartments,1.2,7272.73,1450.0,3,2,2,1.0,Moderately Old,0,0,0,0,1,0,105,"28.4528° N, 77.0498° E",28.4528,77.0498
1481,flat,sector 85,ss the leaf,1.22,13318.78,1300.0,2,2,3,16.0,Relatively New,0,0,1,0,0,1,81,"28.4042° N, 76.9513° E",28.4042,76.9513
1482,flat,sector 37d,ramprastha the atrium,0.9,6224.07,1185.0,3,3,2,13.0,Relatively New,0,0,0,0,0,0,37,"28.4478° N, 76.9703° E",28.4478,76.9703
1483,flat,sector 56,professors enclave cghs,1.55,7750.0,1810.0,3,3,3+,6.0,Moderately Old,0,1,0,0,0,2,49,"28.4245° N, 77.0991° E",28.4245,77.0991
1484,flat,sector 86,dlf new town heights,1.25,6476.68,1747.0,3,4,3+,2.0,Relatively New,0,1,0,1,0,1,65,"28.3986° N, 76.9384° E",28.3986,76.9384
1485,flat,sector 85,ss the leaf,2.05,7290.18,2500.0,4,4,3+,4.0,Relatively New,0,1,0,0,0,2,49,"28.4042° N, 76.9513° E",28.4042,76.9513
1487,flat,sector 37d,bptp terra,1.72,9497.52,1373.0,3,3,3,9.0,Relatively New,1,0,0,0,0,2,24,"28.4478° N, 76.9703° E",28.4478,76.9703
1488,flat,sector 65,m3m golfestate,5.3,24211.97,2506.0,3,3,3,38.0,Moderately Old,0,1,0,0,0,0,49,"28.4030° N, 77.0690° E",28.403,77.069
1489,flat,sector 68,supertech hues,0.9,7627.12,1311.0,2,2,2,1.0,New Property,0,0,0,0,0,1,44,"28.3853° N, 77.0484° E",28.3853,77.0484
1490,flat,sector 65,m3m heights,2.79,14169.63,1969.0,3,3,3,26.0,New Property,0,0,0,0,0,1,15,"28.4030° N, 77.0690° E",28.403,77.069
1491,flat,sector 84,pivotal devaan,0.35,6003.43,528.0,2,2,1,4.0,Relatively New,0,0,0,0,0,1,37,"28.3979° N, 76.9736° E",28.3979,76.9736
1492,flat,sector 86,ansal heights 86,0.9,5325.44,1690.0,3,3,2,10.0,New Property,0,0,0,0,0,1,29,"28.3986° N, 76.9384° E",28.3986,76.9384
1493,flat,sector 92,sare crescent parc royal greens phase 1,1.0,3713.33,1828.0,4,4,3,15.0,New Property,0,0,0,0,0,1,31,"28.4079° N, 76.9153° E",28.4079,76.9153
1494,flat,sector 110,indiabulls enigma,3.4,10000.0,3077.0,4,5,3,3.0,Relatively New,0,1,1,0,0,1,90,"28.5145° N, 77.0197° E",28.5145,77.0197
1495,flat,sector 109,ats kocoon,1.6,9169.05,1550.0,3,3,3,10.0,Relatively New,0,0,0,0,0,1,86,"28.5073° N, 77.0089° E",28.5073,77.0089
1496,flat,sector 84,alpha corp gurgaonone,1.15,7496.74,1394.0,2,2,3,14.0,Relatively New,1,0,0,0,0,1,28,"28.3979° N, 76.9736° E",28.3979,76.9736
1500,flat,sector 108,experion the heartsong,2.28,8204.39,2515.0,4,5,3+,8.0,Relatively New,0,0,0,0,0,1,101,"28.5134° N, 76.9830° E",28.5134,76.983
1501,flat,sector 86,ansal height 86,0.8,5882.35,1360.0,2,2,0,1.0,Relatively New,0,0,0,0,0,1,0,"28.3986° N, 76.9384° E",28.3986,76.9384
1502,flat,sector 92,sare green parc phase 3,0.95,4856.85,1770.0,4,3,3,4.0,Moderately Old,0,0,0,0,0,1,67,"28.4079° N, 76.9153° E",28.4079,76.9153
1503,flat,sector 108,experion the heartsong,3.0,18393.62,2204.25,4,5,3+,2.0,Relatively New,0,1,0,0,0,0,149,"28.5134° N, 76.9830° E",28.5134,76.983
1505,house,sector 104,independent,0.6,5128.21,1170.0,4,3,1,2.0,Moderately Old,0,0,0,0,0,1,0,"28.4788° N, 76.9960° E",28.4788,76.996
1506,flat,sector 70,shree vardhman victoria,1.8,9230.77,1527.0,3,4,3,2.0,New Property,0,1,0,0,1,1,45,"28.3968° N, 77.0233° E",28.3968,77.0233
1508,flat,sector 39,hector trimurti heights,1.5,6382.98,2611.0,4,3,3,10.0,Old Property,0,1,0,0,0,0,49,"28.4434° N, 77.0515° E",28.4434,77.0515
1509,flat,sector 60,ireo skyon,2.15,23344.19,1250.0,2,3,2,5.0,Relatively New,0,1,0,0,0,2,49,"28.4003° N, 77.0975° E",28.4003,77.0975
1510,flat,sector 2,mittal cosmos executive apartments,0.75,6550.22,1100.0,2,2,2,15.0,Old Property,0,0,0,0,0,2,42,"28.5095° N, 77.0320° E",28.5095,77.032
1511,flat,sector 43,dlf trinity towers,3.8,15510.2,2450.0,3,3,3+,1.0,Moderately Old,0,1,0,1,0,2,68,"28.4629° N, 77.0772° E",28.4629,77.0772
1512,flat,sector 85,orris aster court premier,1.73,6757.81,2017.0,4,5,3+,8.0,Relatively New,0,1,0,0,0,1,16,"28.4042° N, 76.9513° E",28.4042,76.9513
1513,flat,manesar,dlf express greens,1.2,6504.07,1670.0,3,4,2,5.0,Relatively New,0,1,0,0,1,1,43,"28.3515° N, 76.9428° E",28.3515,76.9428
1514,flat,sector 89,ats marigold,1.5,8571.43,1944.0,3,3,3,2.0,New Property,0,0,0,0,1,1,49,"28.4253° N, 76.9439° E",28.4253,76.9439
1515,house,sector 25,dlf city plots phase 2,10.5,29021.56,3618.0,4,4,2,2.0,Old Property,0,1,0,1,0,2,91,"28.4844° N, 77.0860° E",28.4844,77.086
1516,flat,sector 65,m3m skycity,2.85,15590.81,1828.0,3,3,3,43.0,Under Construction,0,0,0,0,0,1,115,"28.4030° N, 77.0690° E",28.403,77.069
1517,flat,sector 84,antriksh heights,0.88,4821.92,1652.0,3,3,3,16.0,Relatively New,0,0,0,1,0,1,67,"28.3979° N, 76.9736° E",28.3979,76.9736
1518,flat,sector 107,m3m woodshire,1.49,6310.89,2137.0,3,4,3+,5.0,Relatively New,0,1,1,0,0,2,174,"28.5052° N, 76.9729° E",28.5052,76.9729
1519,flat,sector 65,emaar mgf emerald floors premier,2.25,13636.36,1600.0,3,3,3,3.0,Relatively New,1,1,0,0,0,2,49,"28.4030° N, 77.0690° E",28.403,77.069
1520,flat,sector 72,tata primanti,4.0,13769.36,2800.0,4,5,3+,9.0,Relatively New,0,1,0,0,0,2,165,"28.4225° N, 77.0211° E",28.4225,77.0211
1521,flat,sector 70,tulip ivory,5.0,10416.67,5333.0,6,7,3+,0.0,Relatively New,1,1,0,0,0,1,119,"28.3968° N, 77.0233° E",28.3968,77.0233
1522,flat,sector 104,zara aavaas,0.49,6577.18,695.0,3,2,2,7.0,Under Construction,0,0,0,0,0,1,74,"28.4788° N, 76.9960° E",28.4788,76.996
1523,flat,gwal pahari,suncity vatsal valley,1.38,12212.39,1130.0,2,2,2,4.0,Under Construction,0,0,0,0,0,1,133,"28.4484° N, 77.0210° E",28.4484,77.021
1524,flat,sector 106,paras dews,1.4,9978.62,1535.0,4,6,3+,10.0,Relatively New,0,1,0,0,0,1,174,"28.5007° N, 77.0003° E",28.5007,77.0003
1525,flat,sector 92,raheja sampada,0.7,4452.93,1572.0,3,3,0,7.0,Relatively New,0,0,0,0,0,1,0,"28.4079° N, 76.9153° E",28.4079,76.9153
1526,flat,sector 89,ats marigold,1.7,9714.29,1944.0,3,3,3+,8.0,Under Construction,1,0,0,0,0,1,65,"28.4253° N, 76.9439° E",28.4253,76.9439
1527,flat,gwal pahari,suncity vatsal valley,1.28,9552.24,1489.0,3,3,3,1.0,Relatively New,0,0,0,0,0,2,49,"28.4484° N, 77.0210° E",28.4484,77.021
1528,flat,sector 79,godrej aria,1.7,7426.82,1659.0,3,4,3+,6.0,New Property,0,1,0,0,0,1,81,"28.3624° N, 76.9787° E",28.3624,76.9787
1529,flat,sector 72,tata primanti,3.4,15560.64,2185.0,3,4,3+,9.0,Moderately Old,0,1,0,0,0,1,38,"28.4225° N, 77.0211° E",28.4225,77.0211
1530,flat,sector 77,umang winter hills,0.86,6408.35,1214.0,2,2,2,16.0,New Property,0,0,0,0,0,2,79,"28.3801° N, 76.9845° E",28.3801,76.9845
1531,flat,sector 95,rof ananda,0.55,5500.0,866.0,3,2,2,14.0,New Property,1,0,0,0,0,0,30,"28.4172° N, 76.9081° E",28.4172,76.9081
1532,flat,sector 99a,pareena coban residences,1.3,6509.76,1997.0,3,3,0,16.0,Relatively New,0,0,0,0,0,1,0,"28.4561° N, 76.9542° E",28.4561,76.9542
1533,flat,sector 2,bestech park view residency,1.5,7824.73,1738.0,3,4,3+,10.0,Moderately Old,0,1,0,0,0,1,93,"28.5095° N, 77.0320° E",28.5095,77.032
1534,flat,sector 61,pioneer park,2.0,11764.71,1538.0,3,3,3,24.0,Moderately Old,0,0,0,0,0,2,75,"28.4050° N, 77.0963° E",28.405,77.0963
1535,flat,sector 48,central park resorts,9.3,24926.29,3831.0,4,4,3+,10.0,Moderately Old,1,1,1,1,0,2,67,"28.4177° N, 77.0359° E",28.4177,77.0359
1538,flat,sector 37d,bptp terra,1.4,7730.54,1711.0,3,3,3,5.0,Relatively New,0,0,0,0,0,2,149,"28.4478° N, 76.9703° E",28.4478,76.9703
1539,flat,sector 50,the penthouses at the hibiscus,8.5,8500.0,11111.0,4,4,3,9.0,Moderately Old,0,1,0,0,0,1,35,"28.4178° N, 77.0628° E",28.4178,77.0628
1540,flat,sector 85,godrej air,1.05,10606.06,97.0,2,2,1,15.0,Under Construction,0,0,0,0,0,1,45,"28.4042° N, 76.9513° E",28.4042,76.9513
1541,flat,sector 3,godrej habitat,1.25,8656.51,1161.0,2,2,3,14.0,Under Construction,0,0,0,0,0,1,36,"28.4909° N, 77.0176° E",28.4909,77.0176
1542,flat,sector 77,umang winter hills,1.2,6586.17,1822.0,3,3,3,14.0,Relatively New,0,0,0,0,0,1,46,"28.3801° N, 76.9845° E",28.3801,76.9845
1543,flat,sector 72,tata primanti,3.5,11426.71,2625.0,4,5,3+,16.0,Relatively New,0,1,0,0,1,1,31,"28.4225° N, 77.0211° E",28.4225,77.0211
1544,flat,sector 107,m3m woodshire,1.4,5929.69,2137.0,3,4,0,1.0,New Property,0,0,0,0,0,1,67,"28.5052° N, 76.9729° E",28.5052,76.9729
1545,flat,sector 107,m3m woodshire,1.29,8835.62,1690.0,3,3,3+,1.0,Relatively New,0,0,0,1,0,2,174,"28.5052° N, 76.9729° E",28.5052,76.9729
1546,flat,sector 90,shree vardhman flora,1.25,4854.37,2330.0,4,5,2,8.0,Relatively New,1,1,0,0,0,1,165,"28.4085° N, 76.9369° E",28.4085,76.9369
1547,house,sector 28,suncity essel towers,6.0,22222.22,2700.0,4,4,3+,3.0,Old Property,1,0,0,0,0,2,89,"28.4728° N, 77.0865° E",28.4728,77.0865
1548,flat,sector 81,bestech spa signature,4.45,10595.24,3850.0,4,4,3+,8.0,Relatively New,1,1,0,1,1,2,49,"28.3867° N, 76.9485° E",28.3867,76.9485
1550,flat,sector 89,m3m soulitude,1.14,8000.0,1581.0,3,3,2,2.0,Under Construction,1,0,0,0,0,1,77,"28.4253° N, 76.9439° E",28.4253,76.9439
1551,flat,sector 37d,ramprastha the edge towers,0.8,8888.89,1310.0,2,2,3,10.0,Relatively New,0,0,0,0,1,1,166,"28.4478° N, 76.9703° E",28.4478,76.9703
1552,house,sector 4,independent,0.47,8006.81,624.0,2,1,1,1.0,Moderately Old,0,0,1,0,0,1,0,"28.4738° N, 77.0107° E",28.4738,77.0107
1553,flat,sector 107,m3m woodshire,1.7,6141.62,2505.0,4,5,3+,9.0,Relatively New,0,1,0,0,0,1,79,"28.5052° N, 76.9729° E",28.5052,76.9729
1554,flat,sector 47,unitech uniworld gardens,2.15,10306.81,1950.0,3,4,3+,10.0,Moderately Old,0,1,0,0,0,1,49,"28.4276° N, 77.0492° E",28.4276,77.0492
1555,flat,sector 50,the close north,2.75,12500.0,2400.0,3,3,3,3.0,Moderately Old,0,1,0,0,0,1,110,"28.4178° N, 77.0628° E",28.4178,77.0628
1556,flat,sector 74,m3m skywalk,1.5,10714.29,1556.0,2,2,1,8.0,New Property,0,0,0,0,0,1,16,"28.4158° N, 77.0118° E",28.4158,77.0118
1557,flat,sector 89,smart world gems,1.2,8432.89,1581.0,3,3,2,2.0,New Property,0,0,0,0,0,1,44,"28.4253° N, 76.9439° E",28.4253,76.9439
1558,flat,sector 48,parsvnath green ville,2.0,7763.98,1923.0,3,3,0,15.0,Relatively New,0,1,0,0,0,1,74,"28.4177° N, 77.0359° E",28.4177,77.0359
1560,flat,sector 99a,pareena coban residences,1.3,6509.76,1997.0,3,3,0,16.0,Relatively New,0,0,0,0,0,1,0,"28.4561° N, 76.9542° E",28.4561,76.9542
1561,flat,sector 109,ats kocoon,2.15,10262.53,1896.0,3,4,3,9.0,Relatively New,0,1,0,0,0,1,97,"28.5073° N, 77.0089° E",28.5073,77.0089
1562,flat,sector 85,ss the leaf,1.91,5026.32,3890.0,4,6,3,6.0,Relatively New,0,1,0,0,0,1,174,"28.4042° N, 76.9513° E",28.4042,76.9513
1563,flat,sector 83,emaar palm gardens,1.48,7789.47,1549.0,3,3,3,7.0,Relatively New,0,1,0,0,0,1,66,"28.3986° N, 76.9647° E",28.3986,76.9647
1565,flat,sector 107,signature global solera,0.28,5679.51,543.0,2,2,2,6.0,Relatively New,0,0,0,0,0,1,45,"28.5052° N, 76.9729° E",28.5052,76.9729
1566,flat,sector 102,shapoorji pallonji joyville gurugram,1.9,10259.18,1700.0,3,3,3+,15.0,New Property,0,0,0,1,0,1,174,"28.4750° N, 76.9715° E",28.475,76.9715
1567,flat,sector 37c,ild greens,0.95,5066.67,1697.0,3,3,3+,0.0,New Property,0,0,0,0,0,1,51,"28.4515° N, 76.9882° E",28.4515,76.9882
1568,flat,sector 109,ats tourmaline,2.1,8123.79,2100.0,3,4,3+,11.0,Relatively New,0,1,0,0,0,2,165,"28.5073° N, 77.0089° E",28.5073,77.0089
1570,flat,sector 84,ss the coralwood,1.05,6774.19,1610.0,3,3,3,6.0,Relatively New,0,0,0,0,1,1,129,"28.3979° N, 76.9736° E",28.3979,76.9736
1571,flat,sector 99a,raheja vanya,0.85,6789.14,1133.0,2,2,2,3.0,New Property,0,0,0,0,0,1,43,"28.4561° N, 76.9542° E",28.4561,76.9542
1573,flat,sector 56,kiran residency,1.54,8324.32,1900.0,3,4,3+,5.0,Old Property,0,1,0,0,0,2,98,"28.4245° N, 77.0991° E",28.4245,77.0991
1575,flat,sector 69,tulip violet,1.92,15360.0,1389.0,4,4,2,0.0,Relatively New,0,0,0,0,0,1,174,"28.3966° N, 77.0341° E",28.3966,77.0341
1576,flat,sector 28,dlf regency park,2.35,13224.54,1608.0,3,3,2,18.0,Old Property,0,1,0,0,0,1,120,"28.4728° N, 77.0865° E",28.4728,77.0865
1577,flat,sector 103,signature global grand iva,0.3,8287.29,402.0,1,2,2,5.0,New Property,0,0,0,0,0,1,37,"28.4949° N, 76.9845° E",28.4949,76.9845
1578,flat,sector 85,ss the leaf,1.06,6343.51,1512.0,2,2,2,12.0,Relatively New,0,0,0,0,0,1,44,"28.4042° N, 76.9513° E",28.4042,76.9513
1579,house,sector 48,eldeco mansionz,5.0,21367.52,2340.0,7,7,3,2.0,Moderately Old,0,0,0,0,0,2,40,"28.4177° N, 77.0359° E",28.4177,77.0359
1580,flat,sector 102,shapoorji pallonji joyville gurugram,1.05,11475.41,1017.0,2,2,2,0.0,Under Construction,0,0,0,0,0,1,49,"28.4750° N, 76.9715° E",28.475,76.9715
1581,flat,sector 92,sare crescent parc,0.8,4210.53,1719.0,4,3,2,10.0,Relatively New,0,0,0,0,1,1,37,"28.4079° N, 76.9153° E",28.4079,76.9153
1582,flat,sector 112,earth copia,0.7,4672.9,1498.0,2,2,2,4.0,Relatively New,0,0,0,0,0,1,65,"28.5189° N, 77.0183° E",28.5189,77.0183
1583,flat,sector 79,godrej,2.0,8453.09,2629.0,3,4,3+,2.0,Relatively New,0,1,0,0,0,2,156,"28.3624° N, 76.9787° E",28.3624,76.9787
1584,flat,sector 78,umang monsoon breeze,0.88,4746.49,1668.0,3,4,3,8.0,Moderately Old,0,1,0,1,0,1,111,"28.3733° N, 76.9729° E",28.3733,76.9729
1585,flat,sector 67,m3m merlin,3.4,14419.0,2134.0,3,4,3+,16.0,Relatively New,0,1,0,0,0,2,158,"28.3859° N, 77.0608° E",28.3859,77.0608
1586,flat,sector 89,smart world gems,1.05,9519.49,1103.0,2,2,2,4.0,Under Construction,1,0,0,0,1,1,38,"28.4253° N, 76.9439° E",28.4253,76.9439
1587,flat,sector 102,emaar gurgaon greens,1.42,8606.06,1314.0,3,3,3,4.0,Relatively New,0,0,0,0,1,1,49,"28.4750° N, 76.9715° E",28.475,76.9715
1589,flat,sector 59,raisina residency,5.0,13058.24,4254.0,4,4,3+,13.0,Relatively New,1,1,1,1,0,2,174,"28.4051° N, 77.1097° E",28.4051,77.1097
1590,flat,sector 95,rof ananda,0.55,8527.13,811.0,3,2,2,14.0,New Property,1,0,0,0,0,2,81,"28.4172° N, 76.9081° E",28.4172,76.9081
1591,flat,sector 110,indiabulls enigma,4.0,9849.79,3350.0,4,4,3,17.0,New Property,0,0,0,0,0,1,59,"28.5145° N, 77.0197° E",28.5145,77.0197
1592,flat,sector 103,spire woods now ananda by alpha corp,1.25,6902.26,2012.0,3,4,3,11.0,Under Construction,1,1,0,0,0,1,105,"28.4949° N, 76.9845° E",28.4949,76.9845
1593,flat,sector 89,greenopolis,0.8,4819.28,1502.0,2,3,3,8.0,Under Construction,1,0,0,0,1,1,60,"28.4253° N, 76.9439° E",28.4253,76.9439
1594,flat,sector 1,the nav manesar apartment,0.85,3953.49,1946.0,3,3,3+,5.0,Moderately Old,0,1,0,0,0,1,5,"28.3663° N, 76.9456° E",28.3663,76.9456
1595,flat,sector 85,ss,1.2,7151.37,1660.0,2,2,3,15.0,Relatively New,0,0,0,0,0,1,49,"28.4042° N, 76.9513° E",28.4042,76.9513
1596,flat,sector 57,bptp freedom park life,5.5,8982.52,5010.0,5,6,3+,19.0,Moderately Old,0,1,0,1,0,2,153,"28.4232° N, 77.0752° E",28.4232,77.0752
1597,flat,sector 110,indiabulls enigma,3.49,10264.71,3077.0,4,5,3,7.0,Relatively New,0,1,0,0,0,1,165,"28.5145° N, 77.0197° E",28.5145,77.0197
1598,house,sector 76,suncity avenue 76,0.75,10067.11,745.0,2,2,2,11.0,New Property,0,0,0,0,0,1,40,"28.3935° N, 76.9888° E",28.3935,76.9888
1599,house,sector 24,dlf floors phase 3,3.51,12341.77,2844.0,4,4,3,4.0,Under Construction,1,1,1,1,0,2,160,"28.4939° N, 77.1038° E",28.4939,77.1038
1600,flat,sector 89,m3m soulitude,1.3,8701.47,1179.0,3,3,2,1.0,New Property,0,0,0,0,1,1,45,"28.4253° N, 76.9439° E",28.4253,76.9439
1601,house,sector 109,international city by sobha phase 1,5.5,21602.51,2430.0,4,4,3+,2.0,New Property,0,1,0,0,0,1,61,"28.5073° N, 77.0089° E",28.5073,77.0089
1602,flat,sector 67,ireo victory valley,4.75,13929.62,3200.0,4,4,3+,0.0,Relatively New,1,1,1,1,0,2,165,"28.3859° N, 77.0608° E",28.3859,77.0608
1604,flat,sector 107,signature global solera,0.5,7692.31,494.0,2,2,1,11.0,Relatively New,0,0,0,0,0,1,55,"28.5052° N, 76.9729° E",28.5052,76.9729
1606,flat,sector 12,bhagwati sadan,1.15,5499.76,2000.0,3,4,2,2.0,Old Property,0,1,0,0,1,1,0,"28.4723° N, 77.0320° E",28.4723,77.032
1607,flat,sector 2,bestech park view residency,1.02,7208.48,1281.0,2,2,3,11.0,Moderately Old,0,0,0,0,0,1,92,"28.5095° N, 77.0320° E",28.5095,77.032
1608,house,sector 38,huda floor,4.0,22222.22,4800.0,4,9,3+,2.0,Relatively New,0,0,1,1,0,2,152,"28.4347° N, 77.0430° E",28.4347,77.043
1609,flat,sector 84,alpha corp gurgaonone,2.2,6406.52,3108.0,4,4,3+,15.0,Relatively New,0,1,0,0,0,1,97,"28.3979° N, 76.9736° E",28.3979,76.9736
1610,flat,sector 99a,pareena laxmi apartments,0.3,5424.95,511.0,2,1,2,5.0,New Property,0,0,0,0,0,1,66,"28.4561° N, 76.9542° E",28.4561,76.9542
1611,flat,sector 56,madhur jeevan apartments,1.59,8594.59,1900.0,4,3,3+,3.0,Old Property,0,0,0,0,1,2,33,"28.4245° N, 77.0991° E",28.4245,77.0991
1612,flat,sector 12,lord krishna,2.7,8571.43,3150.0,4,3,3,6.0,Old Property,0,0,0,0,0,1,0,"28.4723° N, 77.0320° E",28.4723,77.032
1613,flat,sector 67,m3m merlin,2.78,13580.85,2047.0,3,3,3+,4.0,Relatively New,0,0,0,1,0,2,157,"28.3859° N, 77.0608° E",28.3859,77.0608
1614,flat,sector 73,today callidora,1.0,7692.31,1444.0,2,2,2,13.0,New Property,0,0,0,0,0,1,0,"28.4072° N, 77.0118° E",28.4072,77.0118
1615,house,sector 63,dlf the arbour,8.5,21518.99,3950.0,4,4,3+,27.0,New Property,0,0,0,0,0,1,61,"28.3971° N, 77.0867° E",28.3971,77.0867
1616,flat,sector 82,vatika the seven lamps,1.28,6819.39,1800.0,3,3,3,3.0,Relatively New,1,0,0,0,0,2,165,"28.3935° N, 76.9600° E",28.3935,76.96
1617,flat,sector 95,sidhartha ncr one phase,0.6,4800.0,1250.0,2,2,3,10.0,New Property,0,0,0,0,0,1,0,"28.4172° N, 76.9081° E",28.4172,76.9081
1618,flat,sector 89,m3m soulitude,1.25,8784.26,1423.0,3,3,0,4.0,New Property,0,0,0,0,0,1,61,"28.4253° N, 76.9439° E",28.4253,76.9439
1619,flat,sector 85,ss the leaf,1.1,12471.66,1173.0,2,2,3,12.0,Relatively New,1,0,0,0,0,1,75,"28.4042° N, 76.9513° E",28.4042,76.9513
1620,flat,sector 33,shree balaji appartment,0.4,5000.0,724.0,2,2,2,1.0,Relatively New,0,0,0,0,0,0,0,"28.4420° N, 77.0207° E",28.442,77.0207
1621,flat,sector 81,dlf the ultima,2.4,11257.04,1800.0,3,3,2,10.0,Relatively New,0,1,0,0,0,0,174,"28.3867° N, 76.9485° E",28.3867,76.9485
1623,flat,sector 92,sare homes,0.95,4750.0,1983.0,4,3,2,17.0,New Property,0,0,0,0,0,1,7,"28.4079° N, 76.9153° E",28.4079,76.9153
1624,flat,sector 113,tata gurgaon gateway,6.0,9139.38,7294.0,5,6,3+,24.0,Moderately Old,0,0,0,0,0,1,117,"28.5287° N, 77.0233° E",28.5287,77.0233
1625,flat,sector 102,emaar gurgaon greens,1.35,8181.82,1315.0,3,3,3,5.0,Relatively New,0,1,0,0,0,1,119,"28.4750° N, 76.9715° E",28.475,76.9715
1626,flat,sector 28,dlf regency park,1.6,14545.45,1222.0,2,2,2,3.0,Relatively New,0,0,0,0,0,1,52,"28.4728° N, 77.0865° E",28.4728,77.0865
1628,flat,sector 76,corona gracieux,1.05,5949.01,1597.0,3,3,3+,7.0,Relatively New,0,0,0,0,0,2,133,"28.3935° N, 76.9888° E",28.3935,76.9888
1629,house,sector 57,independent,4.75,28787.88,1650.0,3,3,3,2.0,Moderately Old,0,0,1,0,0,2,96,"28.4232° N, 77.0752° E",28.4232,77.0752
1630,flat,sector 90,dlf regal gardens,1.26,7636.36,1650.0,3,3,2,12.0,Relatively New,0,0,0,0,1,1,8,"28.4085° N, 76.9369° E",28.4085,76.9369
1631,flat,sector 2,ansal api celebrity suites,0.6,8163.27,665.0,1,1,1,5.0,Moderately Old,0,0,0,0,0,2,88,"28.5095° N, 77.0320° E",28.5095,77.032
1632,flat,sector 92,sare crescent parc,0.51,4080.0,1131.0,3,2,2,2.0,Relatively New,0,0,0,0,0,1,72,"28.4079° N, 76.9153° E",28.4079,76.9153
1633,house,sector 109,independent,1.55,6567.8,2360.0,3,2,0,1.0,Relatively New,0,0,0,0,0,1,0,"28.5073° N, 77.0089° E",28.5073,77.0089
1634,flat,sector 54,sunischit apartments,1.75,7954.55,2100.0,3,3,3+,6.0,Moderately Old,0,1,0,0,0,2,126,"28.4348° N, 77.1089° E",28.4348,77.1089
1635,flat,sector 65,m3m skycity,3.5,17039.92,2282.0,3,3,3,15.0,New Property,1,1,0,1,0,2,166,"28.4030° N, 77.0690° E",28.403,77.069
1636,flat,sector 90,dlf new town heights,1.2,6217.62,1747.0,3,3,3+,15.0,Relatively New,0,0,0,0,0,1,37,"28.4085° N, 76.9369° E",28.4085,76.9369
1637,flat,sector 67a,ireo the corridors,1.5,11111.11,1500.0,2,2,2,10.0,Relatively New,0,0,1,0,0,2,38,"28.3960° N, 77.0372° E",28.396,77.0372
1638,flat,sector 92,sare homes,0.56,4729.73,1316.0,3,1,3,1.0,Moderately Old,0,0,0,0,0,2,75,"28.4079° N, 76.9153° E",28.4079,76.9153
1639,flat,sector 92,sare crescent parc,0.82,5384.11,1523.0,3,3,3+,12.0,Relatively New,0,0,0,0,0,1,0,"28.4079° N, 76.9153° E",28.4079,76.9153
1641,house,sector 109,international city by sobha phase 1,6.1,25102.88,2430.0,5,6,3+,2.0,Moderately Old,0,1,0,0,0,1,30,"28.5073° N, 77.0089° E",28.5073,77.0089
1642,house,sector 9,independent,0.6,10752.69,558.0,2,2,1,1.0,Moderately Old,0,0,0,0,0,1,8,"28.4603° N, 77.0000° E",28.4603,77.0
1643,flat,sector 104,ats triumph,2.65,8412.7,2898.0,4,4,3+,14.0,Relatively New,0,1,0,0,0,1,21,"28.4788° N, 76.9960° E",28.4788,76.996
1644,flat,sector 85,ss the leaf,1.93,8075.31,2400.0,3,4,3,7.0,Relatively New,0,1,0,0,0,1,174,"28.4042° N, 76.9513° E",28.4042,76.9513
1645,flat,sector 109,sbtl caladium,1.7,6679.76,2303.0,3,3,3+,9.0,Relatively New,0,1,0,0,0,1,159,"28.5073° N, 77.0089° E",28.5073,77.0089
1646,flat,sector 99,pivotal riddhi siddhi,0.72,946.99,784.0,2,2,2,12.0,Relatively New,0,0,1,0,0,1,31,"28.4640° N, 76.9614° E",28.464,76.9614
1647,flat,sector 85,ss the leaf,1.84,7641.2,2026.0,3,4,3,8.0,Relatively New,0,0,0,1,0,1,158,"28.4042° N, 76.9513° E",28.4042,76.9513
1649,flat,sector 85,orris aster court premier,1.45,6839.62,1616.0,3,4,2,3.0,New Property,0,1,0,0,0,1,16,"28.4042° N, 76.9513° E",28.4042,76.9513
1650,flat,sector 65,m3m heights,2.86,13999.02,2267.0,3,3,3,45.0,Under Construction,0,1,0,0,0,1,48,"28.4030° N, 77.0690° E",28.403,77.069
1651,flat,sector 85,ss,1.19,7121.48,1670.0,2,2,3,11.0,Relatively New,0,0,0,0,0,1,49,"28.4042° N, 76.9513° E",28.4042,76.9513
1653,flat,sector 82,vatika the seven lamps,0.89,8846.92,1202.0,2,2,2,14.0,Relatively New,1,0,0,0,0,2,129,"28.3935° N, 76.9600° E",28.3935,76.96
1654,flat,sector 111,puri diplomatic greens,2.25,13235.29,1538.0,3,3,2,12.0,Relatively New,0,0,0,0,0,1,101,"28.5238° N, 77.0320° E",28.5238,77.032
1655,flat,sector 67,m3m merlin,3.4,14419.0,2134.0,3,4,3,17.0,Relatively New,0,1,0,0,0,2,174,"28.3859° N, 77.0608° E",28.3859,77.0608
1656,flat,sector 84,pivotal devaan,0.36,7594.94,531.0,2,2,1,9.0,Relatively New,0,0,1,0,0,0,80,"28.3979° N, 76.9736° E",28.3979,76.9736
1657,flat,sector 56,shri banke bihari society,1.37,9133.33,1450.0,3,3,3+,2.0,Old Property,0,0,0,0,1,1,174,"28.4245° N, 77.0991° E",28.4245,77.0991
1658,house,sector 33,unitech uniworld resorts,9.5,19332.52,4914.0,6,6,3+,3.0,Moderately Old,0,0,0,0,0,2,40,"28.4420° N, 77.0207° E",28.442,77.0207
1659,flat,sector 90,shree vardhman flora,1.3,5252.53,2134.0,4,5,2,9.0,Relatively New,1,1,0,0,0,1,110,"28.4085° N, 76.9369° E",28.4085,76.9369
1660,house,sector 103,satya the hermitage,3.15,6702.13,4700.0,4,5,0,12.0,Relatively New,0,0,0,0,0,1,61,"28.4949° N, 76.9845° E",28.4949,76.9845
1662,house,sector 108,independent,1.7,5666.67,3000.0,4,4,3+,1.0,Relatively New,0,0,0,0,0,1,0,"28.5134° N, 76.9830° E",28.5134,76.983
1663,flat,sector 53,tulip monsella,6.02,20816.04,2892.0,3,3,3,29.0,Under Construction,0,0,0,0,0,1,68,"28.4433° N, 77.0948° E",28.4433,77.0948
1664,flat,sector 106,paras dews,1.15,7419.35,1650.0,3,3,3,11.0,Relatively New,0,1,0,1,0,2,174,"28.5007° N, 77.0003° E",28.5007,77.0003
1665,flat,sector 58,ireo the grand arch,3.8,17560.07,2164.0,3,4,1,19.0,Moderately Old,0,1,0,0,0,2,167,"28.4200° N, 77.1105° E",28.42,77.1105
1666,flat,sector 108,sobha city,1.9,13758.15,1250.0,2,2,2,8.0,Relatively New,0,0,0,0,0,1,85,"28.5134° N, 76.9830° E",28.5134,76.983
1667,house,sector 31,independent,3.25,22429.26,1449.0,4,4,3+,3.0,Moderately Old,1,1,1,1,0,2,29,"28.4528° N, 77.0498° E",28.4528,77.0498
1668,house,sector 4,independent,4.12,8888.89,4635.0,2,1,3+,2.0,Moderately Old,0,0,0,0,0,1,0,"28.4738° N, 77.0107° E",28.4738,77.0107
1669,flat,sector 78,umang monsoon breeze,0.69,5390.62,1422.0,2,2,2,11.0,Moderately Old,0,0,0,0,0,1,60,"28.3733° N, 76.9729° E",28.3733,76.9729
1670,flat,sector 81,dlf the ultima,2.45,11491.56,1800.0,3,3,2,9.0,Relatively New,0,1,0,0,0,2,174,"28.3867° N, 76.9485° E",28.3867,76.9485
1671,flat,sector 79,supertech araville,0.71,6063.19,1280.0,2,2,3+,17.0,New Property,0,0,0,0,1,1,53,"28.3624° N, 76.9787° E",28.3624,76.9787
1673,flat,sector 107,signature global solera,0.36,6569.34,496.0,2,2,1,9.0,Relatively New,0,0,0,0,0,1,28,"28.5052° N, 76.9729° E",28.5052,76.9729
1675,flat,sector 65,m3m heights,1.9,13991.16,1358.0,2,2,2,40.0,Relatively New,0,0,0,0,0,1,48,"28.4030° N, 77.0690° E",28.403,77.069
1676,flat,sector 92,sare crescent parc,0.9,4277.57,1692.0,4,5,3+,14.0,Relatively New,0,1,0,0,1,1,62,"28.4079° N, 76.9153° E",28.4079,76.9153
1678,flat,sector 85,ss the leaf,2.0,6578.95,2545.0,4,5,3+,1.0,Relatively New,0,1,1,0,0,1,106,"28.4042° N, 76.9513° E",28.4042,76.9513
1679,flat,sector 110,indiabulls enigma,3.3,9850.75,3032.0,4,5,3,7.0,Relatively New,0,1,0,0,0,1,101,"28.5145° N, 77.0197° E",28.5145,77.0197
1680,house,sector 46,rwa sector 46,3.5,21604.94,1620.0,4,4,2,2.0,Relatively New,0,0,0,1,0,2,30,"28.4374° N, 77.0586° E",28.4374,77.0586
1681,flat,manesar,green campus chs,0.9,3935.29,2070.0,3,3,3+,6.0,Moderately Old,0,1,0,0,0,1,5,"28.3515° N, 76.9428° E",28.3515,76.9428
1683,flat,sector 47,unitech uniworld gardens,1.05,10531.59,1108.0,2,2,2,3.0,Relatively New,0,0,0,0,0,2,34,"28.4276° N, 77.0492° E",28.4276,77.0492
1685,flat,sector 71,chd avenue,1.12,6215.32,1631.0,3,4,3,0.0,Moderately Old,0,1,0,0,0,1,65,"28.4104° N, 77.0281° E",28.4104,77.0281
1686,flat,sector 50,woodstock floors,1.05,10627.53,1098.0,2,2,2,2.0,Moderately Old,0,0,0,0,0,1,53,"28.4178° N, 77.0628° E",28.4178,77.0628
1687,flat,sector 108,experion the heartsong,1.3,8344.03,1661.0,3,3,3+,7.0,Relatively New,1,0,0,0,0,1,150,"28.5134° N, 76.9830° E",28.5134,76.983
1688,flat,sector 69,tulip purple,1.92,8000.0,2172.0,4,5,3+,5.0,Relatively New,0,1,0,0,0,2,158,"28.3966° N, 77.0341° E",28.3966,77.0341
1689,flat,sector 54,sunischit apartments,1.69,7952.94,1991.0,3,3,3+,5.0,Old Property,0,1,0,0,0,2,65,"28.4348° N, 77.1089° E",28.4348,77.1089
1690,flat,sector 85,ss the leaf,2.0,8305.65,2179.0,3,4,3,8.0,Relatively New,0,1,0,0,0,1,21,"28.4042° N, 76.9513° E",28.4042,76.9513
1691,house,sector 25,independent,4.35,32222.22,1350.0,5,4,3,3.0,Old Property,0,1,0,0,0,1,49,"28.4844° N, 77.0860° E",28.4844,77.086
1692,flat,sector 106,paras dews,1.25,7102.27,1186.0,3,4,3+,5.0,Relatively New,0,1,0,0,0,1,165,"28.5007° N, 77.0003° E",28.5007,77.0003
1693,flat,sector 90,dlf regal gardens,1.7,7221.75,2005.0,4,4,3+,15.0,Moderately Old,0,1,0,0,0,1,38,"28.4085° N, 76.9369° E",28.4085,76.9369
1695,flat,sector 14,vasant appartments,1.7,7391.3,2556.0,5,5,2,2.0,Old Property,1,0,1,1,0,0,71,"28.4711° N, 77.0454° E",28.4711,77.0454
1696,flat,sector 30,afnhb jalvayu vihar,1.3,10000.0,1401.0,3,3,2,2.0,Old Property,0,0,0,0,0,1,19,"28.4604° N, 77.0579° E",28.4604,77.0579
1697,flat,sector 65,m3m heights,2.29,15980.46,1592.0,2,2,3,8.0,Under Construction,1,0,0,0,0,1,15,"28.4030° N, 77.0690° E",28.403,77.069
1698,flat,sector 86,microtek greenburg,1.45,9797.3,1480.0,3,2,3,8.0,Relatively New,0,0,0,0,0,0,72,"28.3986° N, 76.9384° E",28.3986,76.9384
1699,house,sector 23,independent,2.4,12000.0,2000.0,3,3,2,2.0,Moderately Old,0,0,1,1,0,1,28,"28.5121° N, 77.0478° E",28.5121,77.0478
1700,flat,sector 36,signature global park 4,0.85,11333.33,833.0,3,2,3,1.0,New Property,0,0,0,0,0,1,33,"28.4160° N, 76.9914° E",28.416,76.9914
1701,flat,sector 113,la vida by tata housing,2.85,12855.21,2006.0,3,3,3+,10.0,New Property,0,1,0,0,0,1,72,"28.5287° N, 77.0233° E",28.5287,77.0233
1702,flat,sector 37d,signature global the millennia,0.65,10906.04,625.0,2,2,3,0.0,New Property,0,0,0,0,0,1,40,"28.4478° N, 76.9703° E",28.4478,76.9703
1703,flat,sector 89,smart world gems,0.86,7796.92,998.0,2,3,3,4.0,Under Construction,0,0,0,0,0,1,45,"28.4253° N, 76.9439° E",28.4253,76.9439
1704,flat,sector 33,godrej nature plus serenity,1.39,11583.33,1333.0,3,2,3+,23.0,Under Construction,0,0,0,0,0,1,105,"28.4420° N, 77.0207° E",28.442,77.0207
1705,house,sector 86,dlf new town heights,2.47,7718.75,2800.0,4,4,3+,2.0,Moderately Old,0,1,0,1,0,2,130,"28.3986° N, 76.9384° E",28.3986,76.9384
1706,flat,sector 85,ss the leaf,1.15,10017.42,1380.0,2,2,3+,18.0,Relatively New,0,0,1,0,0,1,156,"28.4042° N, 76.9513° E",28.4042,76.9513
1707,flat,sector 63,dlf the arbour,7.52,18999.49,3956.0,4,4,3,15.0,New Property,0,0,0,0,0,1,61,"28.3971° N, 77.0867° E",28.3971,77.0867
1708,flat,sector 109,sbtl caladium,1.2,6382.98,1701.0,3,2,2,8.0,Relatively New,0,0,0,0,0,1,151,"28.5073° N, 77.0089° E",28.5073,77.0089
1709,flat,sector 95,ramsons kshitij,0.4,5839.42,761.0,3,2,2,6.0,New Property,0,0,0,0,0,1,0,"28.4172° N, 76.9081° E",28.4172,76.9081
1710,flat,sector 25,dlf belvedere towers,3.4,13765.18,2744.0,4,4,3,1.0,Old Property,0,1,0,0,0,1,26,"28.4844° N, 77.0860° E",28.4844,77.086
1711,flat,sector 84,pivotal devaan,0.37,6346.48,532.0,2,2,1,5.0,Relatively New,0,0,0,0,0,1,73,"28.3979° N, 76.9736° E",28.3979,76.9736
1712,flat,gwal pahari,suncity vatsal valley,1.0,13333.33,833.0,2,2,2,3.0,New Property,0,0,0,0,0,2,13,"28.4484° N, 77.0210° E",28.4484,77.021
1714,house,sector 7,independent,1.16,11693.55,1102.0,2,4,2,3.0,Moderately Old,0,0,0,0,1,1,39,"28.4644° N, 77.0143° E",28.4644,77.0143
1715,flat,sector 113,m3m capital,2.9,12619.67,2553.0,4,4,3+,11.0,Under Construction,1,1,0,0,0,1,49,"28.5287° N, 77.0233° E",28.5287,77.0233
1716,flat,sector 2,palam vihar society,0.4,8602.15,450.0,1,1,1,5.0,Moderately Old,0,0,0,0,0,2,39,"28.5095° N, 77.0320° E",28.5095,77.032
1717,flat,sector 83,vatika gurgaon,1.1,6050.61,1570.0,3,3,3,12.0,Relatively New,0,1,0,0,0,2,66,"28.3986° N, 76.9647° E",28.3986,76.9647
1718,flat,sector 109,sbtl caladium,1.3,6914.89,1701.0,3,2,3,16.0,Moderately Old,0,0,0,0,0,1,134,"28.5073° N, 77.0089° E",28.5073,77.0089
1719,flat,sector 49,vatika city,1.98,9074.24,1750.75,3,4,3,9.0,Moderately Old,0,1,0,0,0,2,101,"28.4121° N, 77.0480° E",28.4121,77.048
1720,flat,sector 65,m3m golfestate,6.15,15998.96,4271.0,3,5,3+,1.0,Relatively New,0,1,0,0,0,0,49,"28.4030° N, 77.0690° E",28.403,77.069
1721,flat,sector 103,ansal housing highland park,0.8,5878.03,1089.0,2,2,3,3.0,New Property,0,0,0,1,0,1,174,"28.4949° N, 76.9845° E",28.4949,76.9845
1722,flat,sector 72,tata primanti,3.3,15384.62,2000.0,3,3,3+,10.0,Relatively New,0,1,0,0,0,2,165,"28.4225° N, 77.0211° E",28.4225,77.0211
1723,house,sector 3,independent,0.55,6707.32,810.0,2,2,1,2.0,Moderately Old,0,0,0,0,0,1,0,"28.4909° N, 77.0176° E",28.4909,77.0176
1724,flat,sector 70,shree vardhman victoria,1.9,9743.59,1765.0,3,3,3,10.0,New Property,0,1,1,1,1,1,36,"28.3968° N, 77.0233° E",28.3968,77.0233
1725,flat,sector 71,chd avenue,1.4,7945.52,1958.0,3,3,2,1.0,Moderately Old,0,0,0,1,0,2,125,"28.4104° N, 77.0281° E",28.4104,77.0281
1726,flat,sector 107,m3m woodshire,0.8,5856.52,1236.0,2,2,3+,14.0,New Property,0,0,0,0,0,1,67,"28.5052° N, 76.9729° E",28.5052,76.9729
1727,flat,sector 113,la vida by tata housing,2.78,10334.57,2350.0,3,4,3+,5.0,Relatively New,0,1,0,0,0,1,174,"28.5287° N, 77.0233° E",28.5287,77.0233
1729,flat,sector 67,ansal api esencia,1.2,7407.41,200.0,3,3,2,1.0,Relatively New,0,0,0,0,0,1,49,"28.3859° N, 77.0608° E",28.3859,77.0608
1730,flat,sector 65,emaar mgf emerald floors premier,2.35,16206.9,1500.0,3,3,3,2.0,Relatively New,1,1,0,0,0,2,64,"28.4030° N, 77.0690° E",28.403,77.069
1731,flat,sector 65,m3m golfestate,6.15,18330.85,3355.0,3,4,2,20.0,Relatively New,0,0,0,0,0,1,34,"28.4030° N, 77.0690° E",28.403,77.069
1733,flat,sector 28,dlf ridgewood estate,2.0,14598.54,1240.0,3,3,1,12.0,Old Property,0,0,0,0,0,2,96,"28.4728° N, 77.0865° E",28.4728,77.0865
1734,flat,sector 90,dlf regal gardens,1.79,8081.26,2461.0,4,3,3+,10.0,Moderately Old,0,0,0,0,0,1,63,"28.4085° N, 76.9369° E",28.4085,76.9369
1735,flat,sector 102,emaar gurgaon greens,1.35,10800.0,1400.0,3,4,3+,9.0,Relatively New,0,1,0,1,0,2,174,"28.4750° N, 76.9715° E",28.475,76.9715
1736,house,sector 26,independent,16.0,35555.56,4500.0,5,6,3,2.0,Old Property,0,0,0,0,0,1,0,"28.4757° N, 77.1032° E",28.4757,77.1032
1737,flat,sector 50,the close north,2.92,11209.21,2600.0,3,3,3,10.0,Moderately Old,0,1,0,0,0,2,174,"28.4178° N, 77.0628° E",28.4178,77.0628
1738,flat,sector 86,dlf new town heights,1.55,6578.95,2038.0,4,4,3+,12.0,Moderately Old,0,1,0,1,0,2,120,"28.3986° N, 76.9384° E",28.3986,76.9384
1739,flat,sector 89,m3m soulitude,1.25,8784.26,1581.0,3,3,2,3.0,New Property,1,0,0,0,0,1,49,"28.4253° N, 76.9439° E",28.4253,76.9439
1740,house,sector 109,international city by sobha phase 1,5.7,10555.56,5400.0,4,4,3+,4.0,Relatively New,1,1,0,0,0,1,98,"28.5073° N, 77.0089° E",28.5073,77.0089
1741,house,sector 82,vatika signature villas,5.0,15432.1,3240.0,4,4,3+,3.0,Relatively New,0,1,1,1,0,1,24,"28.3935° N, 76.9600° E",28.3935,76.96
1743,flat,sector 107,signature global solera,0.36,6581.35,608.0,2,2,2,8.0,Relatively New,0,0,0,0,0,1,45,"28.5052° N, 76.9729° E",28.5052,76.9729
1744,flat,sector 91,dlf new town heights,1.65,6346.15,2139.0,4,4,3+,11.0,Moderately Old,0,1,0,0,0,1,72,"28.4014° N, 76.9225° E",28.4014,76.9225
1745,flat,sector 83,vatika gurgaon,1.25,7812.5,1970.0,4,4,3,12.0,Moderately Old,0,1,0,0,0,1,103,"28.3986° N, 76.9647° E",28.3986,76.9647
1746,flat,sector 95,sidhartha ncr one phase,0.56,4105.57,1234.0,2,2,2,10.0,Relatively New,0,0,0,0,0,2,60,"28.4172° N, 76.9081° E",28.4172,76.9081
1747,house,sector 28,independent,8.4,34567.9,2430.0,4,4,3+,2.0,Relatively New,0,1,1,1,0,2,139,"28.4728° N, 77.0865° E",28.4728,77.0865
1748,flat,sector 72,tata primanti,3.5,11426.71,2625.0,4,5,3+,10.0,Relatively New,0,1,0,0,1,1,38,"28.4225° N, 77.0211° E",28.4225,77.0211
1749,flat,sector 77,umang winter hills,1.0,7501.88,1489.0,2,2,2,3.0,New Property,0,0,0,0,0,1,74,"28.3801° N, 76.9845° E",28.3801,76.9845
1750,flat,sector 67,m3m merlin,2.8,13671.88,2048.0,3,3,3,2.0,Relatively New,0,0,1,0,0,0,174,"28.3859° N, 77.0608° E",28.3859,77.0608
1751,flat,sector 83,vatika gurgaon,0.83,6666.67,1154.0,2,2,2,12.0,Relatively New,0,0,0,1,0,1,165,"28.3986° N, 76.9647° E",28.3986,76.9647
1752,flat,sector 70,shree vardhman victoria,1.07,7925.93,1222.0,2,2,3,8.0,Relatively New,1,0,0,0,0,1,108,"28.3968° N, 77.0233° E",28.3968,77.0233
1753,house,sector 4,independent,1.25,8680.56,160.0,2,3,0,1.0,Moderately Old,0,0,0,0,0,1,0,"28.4738° N, 77.0107° E",28.4738,77.0107
1754,flat,sector 92,sare green parc phase 3,1.08,5150.21,1891.0,4,4,2,16.0,New Property,0,1,0,0,0,1,107,"28.4079° N, 76.9153° E",28.4079,76.9153
1755,flat,sector 21,mittal surya vihar,0.8,7079.65,1256.0,2,2,2,6.0,Old Property,0,0,0,0,0,1,0,"28.5134° N, 77.0723° E",28.5134,77.0723
1756,flat,sector 65,emaar mgf emerald floors premier,2.85,14430.38,1975.0,4,4,3+,0.0,Relatively New,1,1,0,0,0,2,151,"28.4030° N, 77.0690° E",28.403,77.069
1757,flat,sector 60,ireo skyon,3.6,12815.95,2604.0,4,5,3,24.0,Relatively New,0,1,0,0,0,2,49,"28.4003° N, 77.0975° E",28.4003,77.0975
1758,flat,sector 72,tata primanti,4.0,16032.06,2701.0,4,5,3+,22.0,Relatively New,0,1,0,0,0,2,174,"28.4225° N, 77.0211° E",28.4225,77.0211
1759,flat,sector 33,central park flower valley aqua front towers,1.7,9449.69,1697.0,3,3,3+,5.0,New Property,0,0,0,0,0,2,44,"28.4420° N, 77.0207° E",28.442,77.0207
1760,house,sector 105,independent,1.3,11555.56,1125.0,3,3,1,2.0,Moderately Old,0,0,0,0,0,1,16,"28.4952° N, 77.0114° E",28.4952,77.0114
1761,flat,sector 90,shree vardhman flora,0.8,5925.93,1350.0,2,3,2,0.0,Relatively New,0,0,0,0,0,1,60,"28.4085° N, 76.9369° E",28.4085,76.9369
1762,flat,sector 77,emaar mgf palm hills,1.09,5382.72,1833.0,3,4,3+,5.0,Relatively New,0,1,0,0,1,2,167,"28.3801° N, 76.9845° E",28.3801,76.9845
1763,flat,sector 67a,ireo the corridors,1.8,14657.98,1551.0,3,3,3,6.0,New Property,0,1,1,0,0,2,150,"28.3960° N, 77.0372° E",28.396,77.0372
1764,flat,sector 1,nagata group housing society,0.85,3695.65,2081.0,3,3,3+,4.0,Relatively New,0,1,0,0,0,1,5,"28.3663° N, 76.9456° E",28.3663,76.9456
1765,flat,sector 84,alpha corp gurgaonone,0.85,6692.91,1158.0,2,2,3,6.0,Relatively New,0,0,0,0,0,2,28,"28.3979° N, 76.9736° E",28.3979,76.9736
1766,flat,sector 65,m3m golfestate,6.1,18138.57,3027.0,3,3,3,19.0,Moderately Old,1,1,0,0,0,2,174,"28.4030° N, 77.0690° E",28.403,77.069
1767,flat,sector 14,unitech heritage city,4.26,13107.69,3250.0,4,4,0,9.0,Old Property,0,0,0,0,0,1,0,"28.4711° N, 77.0454° E",28.4711,77.0454
1769,flat,sector 81,dlf the ultima,2.29,10925.57,1900.0,3,4,3+,15.0,Relatively New,0,1,0,0,0,0,103,"28.3867° N, 76.9485° E",28.3867,76.9485
1770,house,sector 72,spaze privy,3.1,8486.18,3653.0,5,5,3+,21.0,Relatively New,0,0,0,0,0,1,0,"28.4225° N, 77.0211° E",28.4225,77.0211
1771,flat,sector 30,afnhb jalvayu vihar,1.45,11153.85,1300.0,3,2,2,2.0,Old Property,0,0,0,0,0,0,75,"28.4604° N, 77.0579° E",28.4604,77.0579
1772,flat,sector 40,lig flat,1.5,5555.56,300.0,1,1,0,0.0,Moderately Old,0,0,0,0,0,1,0,"28.4498° N, 77.0567° E",28.4498,77.0567
1773,flat,sector 86,dlf the skycourt,1.55,8031.09,1900.0,3,3,3,5.0,Relatively New,0,0,0,0,0,1,49,"28.3986° N, 76.9384° E",28.3986,76.9384
1774,flat,sector 104,godrej summit premia towers,0.9,7148.53,1259.0,2,2,0,16.0,Relatively New,0,0,0,0,0,1,0,"28.4788° N, 76.9960° E",28.4788,76.996
1776,flat,sector 85,ss the leaf,1.25,7179.78,1730.0,2,2,3,10.0,Relatively New,0,0,0,0,0,1,49,"28.4042° N, 76.9513° E",28.4042,76.9513
1777,flat,sector 109,ats tourmaline,1.75,10000.0,1466.0,3,3,3,4.0,New Property,0,0,0,0,0,1,31,"28.5073° N, 77.0089° E",28.5073,77.0089
1778,flat,sector 104,hero homes,1.4,15819.21,1120.0,3,2,2,4.0,Under Construction,0,0,0,0,0,1,49,"28.4788° N, 76.9960° E",28.4788,76.996
1779,flat,sector 69,tulip violet,1.43,9039.19,1428.0,3,3,2,1.0,Relatively New,0,0,0,1,0,1,102,"28.3966° N, 77.0341° E",28.3966,77.0341
1780,flat,sector 53,parsvnath exotica,5.0,17241.38,3222.0,3,4,3,7.0,Old Property,0,1,0,0,0,2,24,"28.4433° N, 77.0948° E",28.4433,77.0948
1781,flat,sector 83,emaar palm gardens,1.6,8648.65,1674.0,3,3,3+,6.0,Relatively New,1,1,1,1,0,2,167,"28.3986° N, 76.9647° E",28.3986,76.9647
1782,flat,sector 83,vatika gurgaon,0.85,8947.37,1100.0,2,2,2,18.0,Moderately Old,0,0,0,1,0,2,119,"28.3986° N, 76.9647° E",28.3986,76.9647
1783,flat,sector 65,emaar mgf emerald floors premier,2.7,16363.64,1650.0,3,3,3,5.0,Relatively New,0,1,1,0,0,2,108,"28.4030° N, 77.0690° E",28.403,77.069
1785,flat,sector 104,ats triumph,1.75,7641.92,2036.0,3,4,3+,12.0,Relatively New,1,1,0,1,1,2,21,"28.4788° N, 76.9960° E",28.4788,76.996
1786,flat,sector 88a,godrej oasis,1.45,8082.5,1993.0,3,3,3,12.0,Relatively New,0,0,0,0,0,1,49,"28.4347° N, 76.9557° E",28.4347,76.9557
1787,flat,sector 70,shree vardhman victoria,1.75,8204.41,1527.0,3,5,3,7.0,New Property,0,1,0,1,0,1,37,"28.3968° N, 77.0233° E",28.3968,77.0233
1788,flat,sector 86,pyramid elite,0.45,7745.27,646.0,2,2,1,4.0,Under Construction,0,0,0,0,0,1,66,"28.3986° N, 76.9384° E",28.3986,76.9384
1789,flat,sector 102,shapoorji pallonji joyville gurugram,1.6,11695.91,1368.0,2,2,3,14.0,Moderately Old,0,0,0,0,0,1,0,"28.4750° N, 76.9715° E",28.475,76.9715
1790,flat,sector 47,malibu towers,2.45,10698.69,2544.0,3,4,2,1.0,Old Property,1,0,0,0,0,2,42,"28.4276° N, 77.0492° E",28.4276,77.0492
1791,flat,sector 83,emaar palm gardens,1.8,9473.68,1551.0,3,4,3,4.0,Relatively New,1,1,1,1,0,2,174,"28.3986° N, 76.9647° E",28.3986,76.9647
1792,flat,sector 85,ss the leaf,1.78,7392.03,2179.0,3,4,3+,6.0,New Property,0,0,1,0,0,1,113,"28.4042° N, 76.9513° E",28.4042,76.9513
1793,flat,sector 113,m3m capital,2.57,15575.76,2060.0,4,5,3+,25.0,Under Construction,1,0,0,0,0,2,79,"28.5287° N, 77.0233° E",28.5287,77.0233
1794,flat,sector 104,godrej summit,1.35,5000.0,3000.0,4,5,3+,0.0,Relatively New,1,1,1,1,0,1,112,"28.4788° N, 76.9960° E",28.4788,76.996
1795,flat,sector 58,ireo the grand arch,2.2,16000.0,1244.0,2,2,2,6.0,Relatively New,0,0,0,0,0,1,42,"28.4200° N, 77.1105° E",28.42,77.1105
1796,flat,sector 85,ss the leaf,1.2,10452.96,1380.0,2,2,3+,2.0,Relatively New,0,0,1,0,0,1,156,"28.4042° N, 76.9513° E",28.4042,76.9513
1797,flat,sector 22,ambience creacions,3.2,11498.38,2517.0,3,4,3+,2.0,New Property,0,0,0,0,0,1,42,"28.5072° N, 77.0640° E",28.5072,77.064
1798,flat,sector 50,eros wembley estate,1.4,10174.42,1245.0,3,3,2,9.0,Relatively New,0,0,1,0,0,2,117,"28.4178° N, 77.0628° E",28.4178,77.0628
1799,flat,sector 63,dlf the arbour,7.8,19746.84,3950.0,4,4,0,6.0,New Property,0,0,0,0,0,1,61,"28.3971° N, 77.0867° E",28.3971,77.0867
1800,flat,sector 84,antriksh heights,0.79,4579.71,1561.0,3,3,3+,8.0,New Property,0,0,0,0,0,1,24,"28.3979° N, 76.9736° E",28.3979,76.9736
1802,flat,sector 68,m3m sierra 68,1.2,9002.25,982.0,2,2,3,1.0,Relatively New,0,0,0,0,0,0,76,"28.3853° N, 77.0484° E",28.3853,77.0484
1803,flat,sector 81,bestech park view ananda,1.1,6686.93,1319.0,3,2,3+,5.0,Relatively New,0,0,0,0,0,1,150,"28.3867° N, 76.9485° E",28.3867,76.9485
1804,flat,sector 81,lavanya apartments,0.9,5056.18,1780.0,3,3,0,7.0,Relatively New,0,0,0,0,0,1,0,"28.3867° N, 76.9485° E",28.3867,76.9485
1805,flat,sector 11,global hill view,0.36,5150.21,699.0,2,2,0,15.0,Relatively New,0,0,0,0,0,1,0,"28.4531° N, 77.0202° E",28.4531,77.0202
1806,flat,sector 43,sushant lok 1 builder floors,2.5,12919.9,195.0,3,3,2,2.0,New Property,0,0,0,0,0,1,0,"28.4629° N, 77.0772° E",28.4629,77.0772
1807,house,sector 7,independent,2.25,16891.89,148.0,5,3,0,2.0,Old Property,0,0,0,0,0,1,0,"28.4644° N, 77.0143° E",28.4644,77.0143
1808,flat,sector 57,ansal harmony homes,1.12,10666.67,950.0,2,2,1,0.0,Old Property,0,0,0,0,0,1,72,"28.4232° N, 77.0752° E",28.4232,77.0752
1809,flat,sector 69,tulip violet,1.4,8928.57,1419.0,3,3,1,12.0,Relatively New,0,0,0,0,0,1,157,"28.3966° N, 77.0341° E",28.3966,77.0341
1811,flat,sector 83,sapphire eighty three,0.65,9285.71,700.0,1,1,0,6.0,Relatively New,0,0,0,0,0,1,0,"28.3986° N, 76.9647° E",28.3986,76.9647
1812,flat,sector 92,bestech park view sanskruti,1.6,8020.05,1615.0,3,4,3+,10.0,Relatively New,0,1,0,0,1,2,174,"28.4079° N, 76.9153° E",28.4079,76.9153
1813,flat,sector 84,antriksh heights,0.9,4931.51,1652.0,3,3,3,11.0,Relatively New,0,0,0,0,0,1,87,"28.3979° N, 76.9736° E",28.3979,76.9736
1814,flat,sector 69,tulip violet,1.75,9459.46,2056.0,3,4,2,0.0,Relatively New,0,0,0,0,0,2,174,"28.3966° N, 77.0341° E",28.3966,77.0341
1815,flat,sector 77,emaar mgf palm hills,1.08,5400.0,1810.0,3,4,3+,5.0,Relatively New,1,1,0,0,1,2,167,"28.3801° N, 76.9845° E",28.3801,76.9845
1816,flat,sector 104,ats triumph,2.63,9563.64,2953.0,4,4,3+,21.0,Relatively New,0,1,0,0,0,2,161,"28.4788° N, 76.9960° E",28.4788,76.996
1818,flat,sector 90,shree vardhman flora,0.64,4923.08,1199.0,2,2,3,6.0,Old Property,1,0,0,0,0,1,103,"28.4085° N, 76.9369° E",28.4085,76.9369
1819,flat,sector 89,smart world gems,1.01,9156.84,1226.0,2,2,2,4.0,Under Construction,1,0,0,0,0,1,38,"28.4253° N, 76.9439° E",28.4253,76.9439
1820,flat,sector 55,sidhivinayak apartments,1.9,10555.56,2000.0,4,3,3+,9.0,Moderately Old,0,0,0,1,0,0,35,"28.4281° N, 77.1100° E",28.4281,77.11
1821,flat,sector 69,tulip violet,1.72,8730.96,1783.0,4,4,1,12.0,Relatively New,0,0,0,0,0,1,86,"28.3966° N, 77.0341° E",28.3966,77.0341
1822,flat,gwal pahari,krrish provence estate,5.25,9051.72,5249.0,4,5,3+,2.0,New Property,1,1,0,1,0,1,49,"28.4484° N, 77.0210° E",28.4484,77.021
1823,flat,sector 102,emaar gurgaon greens,1.52,9212.12,1315.0,3,3,3,7.0,Relatively New,0,1,0,0,0,2,137,"28.4750° N, 76.9715° E",28.475,76.9715
1824,flat,sector 102,shapoorji pallonji joyville gurugram,2.04,14068.97,1644.0,3,3,3+,1.0,Relatively New,0,0,0,0,0,1,72,"28.4750° N, 76.9715° E",28.475,76.9715
1825,flat,sector 61,smart world orchard,2.2,14202.71,1721.0,3,3,2,4.0,New Property,0,0,0,0,0,1,152,"28.4050° N, 77.0963° E",28.405,77.0963
1826,house,sector 43,ansal sushant lok plots,3.3,26570.05,1242.0,1,1,0,2.0,Under Construction,0,0,0,0,0,1,0,"28.4629° N, 77.0772° E",28.4629,77.0772
1828,flat,sector 102,rof aalayas,0.45,6000.0,750.0,1,1,2,6.0,Relatively New,0,0,0,0,0,1,0,"28.4750° N, 76.9715° E",28.475,76.9715
1829,flat,sector 69,tulip violet,2.0,9583.13,1889.0,4,4,2,0.0,Relatively New,0,0,0,0,0,1,157,"28.3966° N, 77.0341° E",28.3966,77.0341
1830,house,sector 41,unitech palms south city 1,9.35,28858.02,7500.0,10,10,3+,4.0,Moderately Old,1,1,0,0,0,2,70,"28.4557° N, 77.0632° E",28.4557,77.0632
1831,flat,sector 85,ss the leaf,2.0,11869.44,2026.0,3,4,3,5.0,Relatively New,0,1,0,0,0,1,156,"28.4042° N, 76.9513° E",28.4042,76.9513
1832,flat,sector 76,suncity avenue 76,0.55,7422.4,823.0,2,2,2,9.0,Under Construction,0,0,0,0,0,1,26,"28.3935° N, 76.9888° E",28.3935,76.9888
1833,house,sector 4,independent,3.3,14666.67,2250.0,3,3,2,1.0,Old Property,0,0,0,0,0,1,34,"28.4738° N, 77.0107° E",28.4738,77.0107
1836,flat,sector 51,orchid island,1.7,10651.63,1773.0,3,4,3,2.0,Moderately Old,0,0,1,1,0,1,90,"28.4320° N, 77.0686° E",28.432,77.0686
1837,flat,sector 74,m3m skywalk,1.57,11002.1,1300.0,2,2,3+,10.0,Relatively New,0,0,0,0,1,1,137,"28.4158° N, 77.0118° E",28.4158,77.0118
1838,flat,sector 76,whiteland blissville,1.92,11497.01,1672.0,3,3,2,2.0,Under Construction,0,0,0,0,0,1,61,"28.3935° N, 76.9888° E",28.3935,76.9888
1839,flat,sector 59,conscient elevate,3.9,16993.46,2295.0,3,1,0,0.0,Under Construction,0,0,0,0,0,1,0,"28.4051° N, 77.1097° E",28.4051,77.1097
1840,flat,sector 69,tulip violet,1.38,8972.69,1392.0,3,3,1,12.0,Relatively New,0,0,0,0,0,1,157,"28.3966° N, 77.0341° E",28.3966,77.0341
1842,flat,sector 107,m3m woodshire,1.02,6649.28,1388.0,2,2,3,6.0,Relatively New,1,0,0,0,0,1,112,"28.5052° N, 76.9729° E",28.5052,76.9729
1843,flat,sector 86,dlf the skycourt,1.6,8294.45,1548.0,3,3,3+,9.0,Relatively New,0,0,0,0,1,2,167,"28.3986° N, 76.9384° E",28.3986,76.9384
1844,flat,sector 77,emaar palm premier,2.1,10500.0,1600.0,3,4,3+,11.0,New Property,0,1,0,0,0,2,129,"28.3801° N, 76.9845° E",28.3801,76.9845
1845,house,sector 82,independent,7.5,23148.15,3240.0,5,5,3+,2.0,Relatively New,0,1,0,1,0,2,135,"28.3935° N, 76.9600° E",28.3935,76.96
1846,house,sector 39,independent,7.0,10000.0,7000.0,10,11,3+,4.0,Relatively New,0,0,0,1,0,2,38,"28.4434° N, 77.0515° E",28.4434,77.0515
1849,flat,sector 102,adani m2k oyster grande,2.61,10046.19,2200.0,3,3,3,14.0,Relatively New,1,1,0,0,0,1,21,"28.4750° N, 76.9715° E",28.475,76.9715
1850,flat,sector 69,tulip violet,1.28,8111.53,1428.0,3,3,2,12.0,Relatively New,0,0,0,1,0,2,49,"28.3966° N, 77.0341° E",28.3966,77.0341
1851,flat,sector 61,suposhaa smartworld orchard,2.25,14525.5,1721.0,3,3,2,3.0,Under Construction,0,0,0,0,0,1,0,"28.4050° N, 77.0963° E",28.405,77.0963
1852,flat,sector 107,m3m woodshire,0.9,6588.58,1236.0,2,2,3+,14.0,New Property,0,0,0,0,0,1,67,"28.5052° N, 76.9729° E",28.5052,76.9729
1853,flat,sector 50,unitech fresco,1.8,9589.77,1870.0,3,4,3+,6.0,Moderately Old,0,1,0,0,0,2,174,"28.4178° N, 77.0628° E",28.4178,77.0628
1854,flat,sector 111,puri diplomatic greens,2.65,11963.88,2005.0,3,4,3+,19.0,Relatively New,1,1,1,1,0,1,65,"28.5238° N, 77.0320° E",28.5238,77.032
1855,flat,sector 103,satya the hermitage,0.8,5517.24,1450.0,2,2,0,10.0,Relatively New,0,0,0,0,0,1,61,"28.4949° N, 76.9845° E",28.4949,76.9845
1856,house,sector 12,project mianwali colony,1.7,9444.44,2000.0,1,1,2,1.0,Old Property,0,0,0,0,0,1,0,"28.4723° N, 77.0320° E",28.4723,77.032
1857,flat,sector 102,conscient heritage max,1.75,9011.33,1757.0,3,4,3+,13.0,Relatively New,0,1,0,0,0,2,94,"28.4750° N, 76.9715° E",28.475,76.9715
1858,house,sector 22,independent,4.75,20067.6,2367.0,7,5,3+,3.0,Old Property,0,0,0,1,1,2,49,"28.5072° N, 77.0640° E",28.5072,77.064
1859,house,sector 14,independent,6.46,18888.89,3420.0,5,5,2,3.0,Moderately Old,1,1,0,1,0,2,27,"28.4711° N, 77.0454° E",28.4711,77.0454
1860,flat,sector 83,vatika lifestyle homes,1.3,4545.45,2588.0,3,3,1,6.0,Relatively New,0,0,0,0,0,1,79,"28.3986° N, 76.9647° E",28.3986,76.9647
1861,house,sector 24,independent,2.6,24074.07,1080.0,4,4,3+,4.0,Relatively New,1,0,1,1,0,0,0,"28.4939° N, 77.1038° E",28.4939,77.1038
1862,flat,sector 95,signature the roselia,0.41,7295.37,670.0,2,2,2,12.0,New Property,0,0,0,0,0,2,93,"28.4172° N, 76.9081° E",28.4172,76.9081
1863,house,sector 38,independent,3.5,20325.2,1722.0,3,2,2,1.0,Moderately Old,0,0,0,0,0,1,0,"28.4347° N, 77.0430° E",28.4347,77.043
1864,flat,sector 86,dlf the skycourt,1.56,8087.09,1580.0,3,4,3+,17.0,Relatively New,0,0,1,0,0,1,174,"28.3986° N, 76.9384° E",28.3986,76.9384
1865,flat,sector 99,assotech blith,1.15,6594.04,1235.0,2,2,2,2.0,New Property,0,0,0,0,1,2,72,"28.4640° N, 76.9614° E",28.464,76.9614
1866,flat,sector 92,sare homes,0.95,4250.56,1983.0,4,3,2,16.0,New Property,0,0,0,0,0,1,95,"28.4079° N, 76.9153° E",28.4079,76.9153
1867,flat,sector 61,smart world orchard,2.2,13496.93,1778.0,3,3,2,1.0,Under Construction,0,0,0,0,0,1,49,"28.4050° N, 77.0963° E",28.405,77.0963
1868,flat,sector 112,experion windchants,5.49,11584.72,3655.35,4,5,3+,5.0,Relatively New,0,1,0,0,0,2,168,"28.5189° N, 77.0183° E",28.5189,77.0183
1869,flat,sector 67,ansal api esencia,1.0,6435.01,1406.0,3,3,3+,2.0,Moderately Old,0,0,0,0,0,1,9,"28.3859° N, 77.0608° E",28.3859,77.0608
1870,flat,sector 12,ss radiance residency,0.6,5660.38,1178.0,3,3,2,3.0,Relatively New,0,0,0,0,0,1,44,"28.4723° N, 77.0320° E",28.4723,77.032
1871,flat,sector 92,sare petioles,1.3,6372.55,2040.0,4,4,0,7.0,Relatively New,0,0,0,0,0,1,0,"28.4079° N, 76.9153° E",28.4079,76.9153
1873,flat,sector 67,bestech park view spa next,2.35,12144.7,1751.0,3,4,3+,14.0,Moderately Old,0,1,0,0,0,2,156,"28.3859° N, 77.0608° E",28.3859,77.0608
1874,house,sector 43,independent,15.5,28233.15,5490.0,5,6,3,3.0,Moderately Old,1,1,1,1,0,1,76,"28.4629° N, 77.0772° E",28.4629,77.0772
1876,flat,sector 72,tata primanti,3.19,12152.38,2376.0,4,5,3+,20.0,Relatively New,0,1,0,0,0,2,159,"28.4225° N, 77.0211° E",28.4225,77.0211
1877,flat,sector 102,shapoorji pallonji joyville gurugram,0.95,10382.51,915.0,2,2,2,14.0,Relatively New,0,0,0,0,0,1,0,"28.4750° N, 76.9715° E",28.475,76.9715
1878,house,sector 4,independent,0.5,9259.26,540.0,2,3,2,3.0,Old Property,0,0,0,0,0,1,0,"28.4738° N, 77.0107° E",28.4738,77.0107
1879,flat,sector 113,la vida by tata housing,1.9,18500.49,1285.0,3,2,2,10.0,Relatively New,0,0,0,1,0,2,174,"28.5287° N, 77.0233° E",28.5287,77.0233
1880,flat,sector 92,signature global city 92,0.78,7722.77,846.0,2,2,3,2.0,Under Construction,0,0,0,0,1,1,24,"28.4079° N, 76.9153° E",28.4079,76.9153
1881,house,sector 48,vipul tatvam villa,8.5,26234.57,3240.0,4,4,2,2.0,Moderately Old,0,1,1,1,0,1,88,"28.4177° N, 77.0359° E",28.4177,77.0359
1882,flat,sector 52,residency grand,5.0,7692.31,5778.0,5,7,3+,1.0,Moderately Old,0,1,0,1,0,1,77,"28.4379° N, 77.0785° E",28.4379,77.0785
1883,flat,sector 103,indiabulls centrum park,1.9,5681.82,3716.0,3,4,3+,10.0,Relatively New,1,1,0,1,1,2,49,"28.4949° N, 76.9845° E",28.4949,76.9845
1884,flat,sector 83,vatika gurgaon,1.1,6162.46,1600.0,3,3,3+,5.0,Relatively New,0,0,0,0,0,2,96,"28.3986° N, 76.9647° E",28.3986,76.9647
1885,flat,sector 79,godrej,1.3,8269.72,1423.0,2,2,3,3.0,New Property,1,0,0,0,0,1,49,"28.3624° N, 76.9787° E",28.3624,76.9787
1886,house,sector 55,independent,3.1,20025.84,1548.0,5,4,3+,2.0,Moderately Old,0,1,1,0,0,2,59,"28.4281° N, 77.1100° E",28.4281,77.11
1887,flat,sector 71,signature andour heights,0.65,10172.14,590.0,2,2,1,10.0,Relatively New,0,0,0,0,0,2,23,"28.4104° N, 77.0281° E",28.4104,77.0281
1888,flat,sector 90,green court,0.45,7188.5,696.0,2,2,1,2.0,New Property,0,0,0,0,0,2,42,"28.4085° N, 76.9369° E",28.4085,76.9369
1889,flat,sector 111,kashish manor one,1.65,7096.77,2104.0,3,4,3+,14.0,Under Construction,0,1,0,0,1,1,8,"28.5238° N, 77.0320° E",28.5238,77.032
1890,flat,sector 52,ardee city,1.55,7380.95,2100.0,4,4,3,1.0,Moderately Old,0,0,0,0,0,1,0,"28.4379° N, 77.0785° E",28.4379,77.0785
1891,flat,sector 84,antriksh heights,1.05,5011.93,1896.0,4,4,3+,3.0,New Property,1,0,0,0,0,1,66,"28.3979° N, 76.9736° E",28.3979,76.9736
1893,house,sector 43,ansal sushant lok,10.5,27910.69,3762.0,4,4,2,2.0,Old Property,0,1,0,0,0,1,59,"28.4629° N, 77.0772° E",28.4629,77.0772
1895,flat,sector 99,pivotal riddhi siddhi,0.5,8517.89,652.0,2,1,2,7.0,New Property,0,0,0,0,0,1,24,"28.4640° N, 76.9614° E",28.464,76.9614
1896,flat,sector 86,dlf the skycourt,1.58,8190.77,1750.0,3,3,1,16.0,Relatively New,0,0,0,1,0,2,152,"28.3986° N, 76.9384° E",28.3986,76.9384
1897,flat,sector 37d,signature global city 37d ph 2,1.07,8237.11,1450.0,3,3,2,2.0,Under Construction,0,0,0,0,0,1,86,"28.4478° N, 76.9703° E",28.4478,76.9703
1898,flat,sector 113,m3m capital,2.0,12012.01,1507.0,3,3,2,24.0,Under Construction,0,0,0,0,0,1,47,"28.5287° N, 77.0233° E",28.5287,77.0233
1899,house,sector 82,vatika signature villas,4.7,21759.26,2160.0,3,3,3+,3.0,New Property,0,1,0,0,0,1,33,"28.3935° N, 76.9600° E",28.3935,76.96
1900,flat,sector 81,signature global synera,0.4,6319.12,586.0,2,2,1,12.0,Relatively New,0,0,0,0,0,1,23,"28.3867° N, 76.9485° E",28.3867,76.9485
1901,flat,sector 21,surya vihar rwa,1.3,6500.0,2400.0,5,5,2,2.0,Old Property,1,1,1,0,0,2,42,"28.5134° N, 77.0723° E",28.5134,77.0723
1902,flat,sector 103,indiabulls centrum park,1.35,7541.9,1620.0,3,3,3+,3.0,Relatively New,1,0,0,0,0,2,168,"28.4949° N, 76.9845° E",28.4949,76.9845
1903,house,sector 12,project mianwali colony,2.0,14814.81,1350.0,5,5,2,3.0,Old Property,0,0,0,0,0,1,0,"28.4723° N, 77.0320° E",28.4723,77.032
1904,flat,sector 79,godrej,1.12,7147.42,1325.0,2,2,3,6.0,Relatively New,1,0,0,0,0,1,49,"28.3624° N, 76.9787° E",28.3624,76.9787
1905,flat,sector 102,shapoorji pallonji joyville gurugram,1.24,10205.76,1100.0,2,2,2,10.0,Relatively New,0,0,0,0,0,1,141,"28.4750° N, 76.9715° E",28.475,76.9715
1906,flat,sector 77,emaar mgf palm hills,1.25,8620.69,1611.0,3,4,3,1.0,Relatively New,0,1,0,0,0,2,104,"28.3801° N, 76.9845° E",28.3801,76.9845
1907,flat,sector 54,suncity heights,3.85,16445.96,2119.0,3,3,3+,8.0,Old Property,0,1,0,0,0,1,67,"28.4348° N, 77.1089° E",28.4348,77.1089
1908,flat,sector 85,ss the leaf,2.3,8179.23,2545.0,4,4,3+,8.0,Relatively New,0,1,0,0,0,1,21,"28.4042° N, 76.9513° E",28.4042,76.9513
1909,flat,sector 79,mapsko mount ville,1.3,8724.83,1176.0,3,3,3,19.0,Relatively New,0,0,1,0,0,2,102,"28.3624° N, 76.9787° E",28.3624,76.9787
1910,flat,sector 70,krrish florence estate,1.65,7764.71,1923.0,3,4,3+,27.0,New Property,1,1,0,0,0,1,81,"28.3968° N, 77.0233° E",28.3968,77.0233
1911,flat,sector 2,ansal api celebrity suites,0.6,8163.27,665.0,1,1,1,5.0,Moderately Old,0,0,0,0,0,2,67,"28.5095° N, 77.0320° E",28.5095,77.032
1912,flat,sector 66,emaar mgf the palm drive,3.5,15901.86,2200.0,3,3,2,4.0,Relatively New,1,0,0,0,0,1,89,"28.3925° N, 77.0541° E",28.3925,77.0541
1913,flat,sector 92,sare crescent parc royal greens phase 1,0.79,6086.29,1175.0,3,2,2,15.0,New Property,0,0,0,0,0,1,25,"28.4079° N, 76.9153° E",28.4079,76.9153
1914,flat,sector 104,zara aavaas,0.65,8519.0,848.0,3,2,2,7.0,New Property,0,0,0,0,0,1,65,"28.4788° N, 76.9960° E",28.4788,76.996
1915,flat,sector 71,chd avenue,1.3,5531.91,2127.0,4,4,3,5.0,Moderately Old,0,1,0,0,0,1,126,"28.4104° N, 77.0281° E",28.4104,77.0281
1918,house,sector 50,unitech aspen greens,7.0,32407.41,2160.0,4,4,2,2.0,Old Property,0,1,0,0,0,1,29,"28.4178° N, 77.0628° E",28.4178,77.0628
1919,flat,sector 71,chd avenue,0.79,6594.32,1084.0,2,2,2,8.0,Relatively New,0,0,0,0,1,1,0,"28.4104° N, 77.0281° E",28.4104,77.0281
1920,flat,sector 92,sare homes,1.19,5219.3,2533.0,4,3,3,14.0,Relatively New,0,1,0,0,0,1,100,"28.4079° N, 76.9153° E",28.4079,76.9153
1921,flat,sector 89,nbcc heights,0.75,6578.95,1032.0,2,2,2,6.0,Moderately Old,0,0,0,0,0,1,0,"28.4253° N, 76.9439° E",28.4253,76.9439
1922,house,sector 109,international city by sobha phase 2,12.5,26669.51,4500.0,5,6,3,3.0,Relatively New,1,1,1,1,0,1,63,"28.5073° N, 77.0089° E",28.5073,77.0089
1923,flat,sector 4,shreeram apartment ii,0.21,4666.67,500.0,1,1,1,2.0,Relatively New,0,0,0,0,0,1,7,"28.4738° N, 77.0107° E",28.4738,77.0107
1924,flat,sector 69,tulip violet,1.31,8517.56,1392.0,3,3,2,12.0,Relatively New,0,0,0,1,0,2,174,"28.3966° N, 77.0341° E",28.3966,77.0341
1925,flat,sector 48,central park resorts,3.65,15240.08,2395.0,3,3,3+,9.0,Relatively New,0,0,0,0,1,2,157,"28.4177° N, 77.0359° E",28.4177,77.0359
1926,flat,sector 107,m3m woodshire,1.45,6141.47,1900.0,3,4,3+,7.0,Relatively New,0,1,0,0,0,1,67,"28.5052° N, 76.9729° E",28.5052,76.9729
1927,flat,sector 92,green court,0.38,5507.25,767.0,2,2,1,7.0,Under Construction,0,0,0,0,0,1,35,"28.4079° N, 76.9153° E",28.4079,76.9153
1928,flat,sector 92,sare green parc phase 3,0.7,5279.03,1325.0,3,2,2,4.0,Relatively New,0,0,0,0,0,1,56,"28.4079° N, 76.9153° E",28.4079,76.9153
1929,flat,sector 90,shree vardhman flora,0.9,4615.38,1765.0,3,4,3,4.0,Relatively New,0,1,0,0,0,1,165,"28.4085° N, 76.9369° E",28.4085,76.9369
1930,flat,sector 104,godrej summit,1.25,6778.74,1669.0,3,4,3+,12.0,Relatively New,0,1,0,0,1,1,79,"28.4788° N, 76.9960° E",28.4788,76.996
1931,flat,sector 90,dlf new town heights,1.8,6600.66,2468.0,4,4,3+,23.0,Moderately Old,0,0,0,0,0,1,67,"28.4085° N, 76.9369° E",28.4085,76.9369
1932,flat,sector 110,my home,0.22,4400.0,556.0,2,2,1,1.0,New Property,0,0,0,0,0,2,0,"28.5145° N, 77.0197° E",28.5145,77.0197
1933,flat,sector 49,vatika city,2.64,11722.91,2252.0,3,4,3+,2.0,Moderately Old,0,1,0,1,0,2,140,"28.4121° N, 77.0480° E",28.4121,77.048
1934,flat,sector 103,satya the hermitage,0.89,6137.93,1257.0,2,3,3,1.0,Relatively New,0,1,0,0,0,1,75,"28.4949° N, 76.9845° E",28.4949,76.9845
1935,flat,sector 86,dlf the skycourt,1.55,8035.25,1500.0,3,3,3+,12.0,Relatively New,0,0,0,0,1,0,166,"28.3986° N, 76.9384° E",28.3986,76.9384
1936,house,sector 26,independent,23.0,25555.56,9000.0,4,4,3+,2.0,Relatively New,1,1,1,1,0,2,145,"28.4757° N, 77.1032° E",28.4757,77.1032
1937,flat,sector 89,smart world gems,0.95,8903.47,804.0,2,2,2,1.0,Under Construction,1,0,0,0,0,1,122,"28.4253° N, 76.9439° E",28.4253,76.9439
1938,flat,sector 37d,bptp terra,1.65,8790.62,1699.0,3,3,2,15.0,Relatively New,0,0,0,0,0,1,116,"28.4478° N, 76.9703° E",28.4478,76.9703
1939,flat,sector 92,apartment,0.75,4687.5,1778.0,3,4,3,2.0,Moderately Old,1,0,0,0,0,1,113,"28.4079° N, 76.9153° E",28.4079,76.9153
1940,flat,sector 63a,birla navya,2.1,16666.67,1400.0,2,2,2,2.0,Under Construction,0,0,0,0,0,1,38,"28.3923° N, 77.0888° E",28.3923,77.0888
1941,flat,sector 92,gls avenue 51,0.42,7106.6,657.0,2,2,1,4.0,Relatively New,1,0,0,1,0,2,42,"28.4079° N, 76.9153° E",28.4079,76.9153
1943,flat,sector 43,the rama apartment cghs,2.5,10204.08,2722.0,4,4,3+,4.0,Moderately Old,0,1,0,0,0,1,26,"28.4629° N, 77.0772° E",28.4629,77.0772
1944,flat,sector 108,raheja vedaanta,0.95,5214.05,1649.0,3,3,3,3.0,Relatively New,0,0,0,0,1,1,95,"28.5134° N, 76.9830° E",28.5134,76.983
1945,flat,sector 81,vipul lavanya,0.75,5966.59,1397.0,2,2,2,7.0,Moderately Old,0,0,0,0,0,1,37,"28.3867° N, 76.9485° E",28.3867,76.9485
1946,flat,sector 70,tulip ivory,2.35,9791.67,2667.0,4,4,3+,10.0,Moderately Old,0,1,0,0,0,2,65,"28.3968° N, 77.0233° E",28.3968,77.0233
1947,flat,sector 90,dlf regal gardens,1.2,6837.61,1572.0,3,3,3+,15.0,Relatively New,0,0,0,0,0,1,118,"28.4085° N, 76.9369° E",28.4085,76.9369
1948,flat,sector 77,emaar mgf palm hills,1.9,9500.0,1582.0,3,4,3+,6.0,New Property,0,1,0,0,0,2,42,"28.3801° N, 76.9845° E",28.3801,76.9845
1949,flat,sector 102,emaar gurgaon greens,1.4,13685.24,1315.0,3,3,3,7.0,Relatively New,0,1,0,0,0,1,67,"28.4750° N, 76.9715° E",28.475,76.9715
1950,flat,sector 108,experion the heartsong,0.98,13351.5,978.223232,2,3,3,12.0,Relatively New,1,1,1,1,0,1,31,"28.5134° N, 76.9830° E",28.5134,76.983
1951,flat,sector 4,shri ram apartments,0.32,3368.42,1056.0,2,2,1,4.0,Relatively New,0,0,0,0,0,2,7,"28.4738° N, 77.0107° E",28.4738,77.0107
1952,flat,sector 79,godrej aria,1.69,8522.44,1795.0,3,3,2,7.0,Relatively New,0,0,0,0,0,1,112,"28.3624° N, 76.9787° E",28.3624,76.9787
1953,flat,sector 85,ss the leaf,1.17,7001.8,1660.0,2,2,3,11.0,Relatively New,0,0,0,0,0,1,49,"28.4042° N, 76.9513° E",28.4042,76.9513
1954,flat,sector 79,bestech altura,2.69,12500.0,2152.0,3,4,3+,3.0,New Property,0,1,0,0,0,1,49,"28.3624° N, 76.9787° E",28.3624,76.9787
1955,house,sector 109,international city by sobha phase 2,7.0,12962.96,5400.0,4,4,3+,2.0,Relatively New,0,0,0,0,0,2,102,"28.5073° N, 77.0089° E",28.5073,77.0089
1956,flat,sector 61,smart world orchard,2.57,15766.87,1630.0,3,3,2,3.0,Under Construction,1,0,0,0,0,1,0,"28.4050° N, 77.0963° E",28.405,77.0963
1957,house,sector 51,independent,2.25,2777.78,900.0,6,3,3+,3.0,Relatively New,0,0,0,0,0,1,54,"28.4320° N, 77.0686° E",28.432,77.0686
1958,house,sector 27,independent,8.0,26298.49,3042.0,9,9,3,4.0,Relatively New,1,1,1,1,0,0,110,"28.4658° N, 77.0917° E",28.4658,77.0917
1959,flat,sector 107,m3m woodshire,1.2,6176.02,1750.0,3,3,3,7.0,Relatively New,0,0,0,0,0,2,49,"28.5052° N, 76.9729° E",28.5052,76.9729
1960,house,sector 49,uppal southend,3.75,25562.37,1467.0,2,6,3+,3.0,Moderately Old,1,0,0,0,0,2,26,"28.4121° N, 77.0480° E",28.4121,77.048
1961,flat,sector 92,sare homes,0.58,4098.94,1281.0,3,3,3,3.0,New Property,0,0,0,0,0,1,54,"28.4079° N, 76.9153° E",28.4079,76.9153
1962,house,sector 109,international city by sobha phase 1,6.0,24691.36,2430.0,4,5,3+,2.0,Relatively New,0,1,0,0,0,2,96,"28.5073° N, 77.0089° E",28.5073,77.0089
1963,flat,sector 99a,pareena coban residences,1.6,8000.0,1810.0,3,3,3,6.0,Under Construction,0,0,0,0,0,1,0,"28.4561° N, 76.9542° E",28.4561,76.9542
1964,flat,sector 81,dlf the ultima,2.26,10761.9,1900.0,3,4,3+,17.0,New Property,0,1,0,0,0,0,174,"28.3867° N, 76.9485° E",28.3867,76.9485
1965,flat,sector 66,emaar mgf palm studios,1.45,14795.92,1082.0,2,2,3,3.0,Relatively New,0,0,0,0,0,1,92,"28.3925° N, 77.0541° E",28.3925,77.0541
1966,flat,sector 56,mariners home,2.11,8612.24,2250.0,3,2,3,4.0,Relatively New,0,0,0,0,1,2,126,"28.4245° N, 77.0991° E",28.4245,77.0991
1967,flat,sector 33,central park flower valley aqua front towers,2.1,11738.4,1619.0,3,3,2,6.0,Under Construction,0,0,0,0,0,1,24,"28.4420° N, 77.0207° E",28.442,77.0207
1969,house,sector 45,independent,8.5,26234.57,3240.0,5,4,2,1.0,Moderately Old,0,1,0,1,0,2,49,"28.4466° N, 77.0660° E",28.4466,77.066
1970,flat,sector 67,bestech park view spa next,2.7,11489.36,2127.0,4,4,3+,9.0,Moderately Old,0,1,0,1,0,2,149,"28.3859° N, 77.0608° E",28.3859,77.0608
1971,flat,sector 48,parsvnath green ville,1.6,8376.96,1895.0,3,3,3+,8.0,Old Property,0,0,0,0,1,2,49,"28.4177° N, 77.0359° E",28.4177,77.0359
1972,flat,sector 69,tulip violet,1.32,8413.0,1419.0,3,3,1,12.0,Relatively New,0,0,0,1,0,2,86,"28.3966° N, 77.0341° E",28.3966,77.0341
1973,house,sector 7,independent,2.0,11111.11,1800.0,2,2,1,2.0,Relatively New,0,0,0,0,0,1,0,"28.4644° N, 77.0143° E",28.4644,77.0143
1975,flat,gwal pahari,suncity vatsal valley,1.38,9650.35,1294.0,3,3,2,1.0,Relatively New,0,0,0,0,0,2,151,"28.4484° N, 77.0210° E",28.4484,77.021
1976,house,sector 43,independent,6.5,35403.05,1836.0,5,4,3+,3.0,Moderately Old,0,1,0,1,0,2,54,"28.4629° N, 77.0772° E",28.4629,77.0772
1977,flat,sector 69,tulip violet,1.68,8358.21,1819.0,4,4,2,7.0,Relatively New,0,0,0,0,0,1,127,"28.3966° N, 77.0341° E",28.3966,77.0341
1978,flat,sector 85,ss the leaf,1.04,5973.58,1576.0,2,3,3+,4.0,Relatively New,0,0,1,0,0,1,113,"28.4042° N, 76.9513° E",28.4042,76.9513
1979,flat,sector 72,tata primanti,4.0,13769.36,2629.0,4,5,2,7.0,Moderately Old,0,1,0,0,0,1,38,"28.4225° N, 77.0211° E",28.4225,77.0211
1980,flat,sector 37d,signature global city,1.0,8163.27,1250.0,3,3,3,4.0,Under Construction,0,0,0,0,0,1,49,"28.4478° N, 76.9703° E",28.4478,76.9703
1981,house,sector 2,independent,5.6,17283.95,3240.0,8,6,3+,2.0,Moderately Old,1,1,1,1,0,1,0,"28.5095° N, 77.0320° E",28.5095,77.032
1982,house,sector 7,independent,1.95,13541.67,1440.0,2,2,2,2.0,Old Property,0,0,0,0,0,1,0,"28.4644° N, 77.0143° E",28.4644,77.0143
1983,flat,sector 56,sukhshanti apartment,1.7,7727.27,2200.0,3,3,3,4.0,Moderately Old,1,0,0,0,0,1,49,"28.4245° N, 77.0991° E",28.4245,77.0991
1985,flat,sector 108,raheja vedaanta,1.25,5681.82,1991.0,3,2,0,0.0,Relatively New,0,0,0,0,0,2,65,"28.5134° N, 76.9830° E",28.5134,76.983
1986,flat,sector 89,smart world gems,1.1,9972.8,1103.0,3,1,0,0.0,New Property,0,0,0,0,0,1,45,"28.4253° N, 76.9439° E",28.4253,76.9439
1987,flat,sector 107,m3m woodshire,1.35,5717.92,1950.0,3,4,3+,8.0,Relatively New,0,1,0,0,0,2,74,"28.5052° N, 76.9729° E",28.5052,76.9729
1988,flat,sector 61,suposhaa smartworld orchard,2.17,14000.0,1721.0,3,3,3,1.0,Under Construction,0,0,0,0,0,1,0,"28.4050° N, 77.0963° E",28.405,77.0963
1989,house,sector 25,independent,10.0,37037.04,9500.0,5,5,3+,3.0,Moderately Old,0,1,0,1,0,0,29,"28.4844° N, 77.0860° E",28.4844,77.086
1990,flat,manesar,prasha apartments,0.75,3308.34,1914.0,3,3,3+,3.0,Moderately Old,0,1,0,0,0,1,31,"28.3515° N, 76.9428° E",28.3515,76.9428
1991,flat,sector 69,tulip violet,1.6,10139.42,1428.0,3,3,2,0.0,Relatively New,0,0,0,1,0,1,49,"28.3966° N, 77.0341° E",28.3966,77.0341
1992,flat,sector 56,kanchanjanga tower,1.45,7631.58,1719.0,3,3,3+,2.0,Moderately Old,0,0,0,0,0,2,126,"28.4245° N, 77.0991° E",28.4245,77.0991
1993,house,sector 26,independent,9.0,33333.33,2700.0,5,5,2,3.0,Old Property,1,1,1,1,0,0,110,"28.4757° N, 77.1032° E",28.4757,77.1032
1994,flat,sector 49,orchid petals,2.55,12318.84,2060.0,3,4,3,8.0,Relatively New,1,0,0,0,0,2,49,"28.4121° N, 77.0480° E",28.4121,77.048
1995,flat,sector 67a,ireo the corridors,2.0,11428.57,1584.0,3,3,3,12.0,New Property,1,0,0,0,0,1,38,"28.3960° N, 77.0372° E",28.396,77.0372
1997,flat,sector 79,godrej,1.91,8511.59,2031.0,3,4,3+,7.0,Relatively New,0,1,0,0,0,1,158,"28.3624° N, 76.9787° E",28.3624,76.9787
1998,flat,sector 82,vatika independent floors,1.16,6987.95,1844.0,3,3,3+,1.0,Relatively New,0,1,1,1,0,2,151,"28.3935° N, 76.9600° E",28.3935,76.96
2001,flat,sector 6,bajrang apartments,0.38,4470.59,944.0,2,2,2,1.0,Moderately Old,0,0,0,0,0,1,0,"28.4745° N, 77.0262° E",28.4745,77.0262
2002,flat,sector 52,green homes,1.85,7872.34,2127.0,3,3,3,7.0,Moderately Old,0,1,0,0,0,1,28,"28.4379° N, 77.0785° E",28.4379,77.0785
2003,flat,sector 90,dlf new town heights,1.88,6894.02,2726.0,4,4,3+,20.0,Relatively New,0,1,0,1,0,1,145,"28.4085° N, 76.9369° E",28.4085,76.9369
2006,flat,sector 84,antriksh heights,0.84,4869.57,1561.0,3,3,3+,8.0,New Property,0,0,0,1,0,1,60,"28.3979° N, 76.9736° E",28.3979,76.9736
2007,flat,sector 65,m3m heights,2.44,13297.0,1654.0,3,3,2,7.0,Under Construction,0,0,0,0,0,1,31,"28.4030° N, 77.0690° E",28.403,77.069
2008,flat,sector 103,indiabulls centrum park,2.2,7652.17,2602.0,4,6,3+,4.0,Relatively New,0,1,0,0,0,2,108,"28.4949° N, 76.9845° E",28.4949,76.9845
2009,flat,sector 36,the serenas,0.42,7909.6,590.0,2,2,1,3.0,New Property,0,0,0,0,0,1,0,"28.4160° N, 76.9914° E",28.416,76.9914
2010,flat,sector 90,dlf new town heights,1.75,5720.82,2468.0,4,4,3+,17.0,Relatively New,0,1,0,1,0,1,88,"28.4085° N, 76.9369° E",28.4085,76.9369
2011,flat,sector 102,conscient heritage max,2.65,10375.88,2311.0,4,5,3+,17.0,Moderately Old,0,1,0,0,0,1,125,"28.4750° N, 76.9715° E",28.475,76.9715
2012,flat,sector 79,bestech altura,1.9,9000.47,2389.0,3,4,2,11.0,New Property,0,1,0,0,0,1,49,"28.3624° N, 76.9787° E",28.3624,76.9787
2013,flat,sector 90,shree vardhman flora,0.7,5323.19,1350.0,2,2,3,9.0,New Property,1,0,0,0,0,1,60,"28.4085° N, 76.9369° E",28.4085,76.9369
2014,flat,sector 99a,pareena coban residences,1.16,5808.71,1790.0,3,3,3,3.0,Relatively New,0,1,0,0,1,1,49,"28.4561° N, 76.9542° E",28.4561,76.9542
2015,flat,sector 79,mapsko mount ville,1.28,8556.15,1265.0,3,3,3,16.0,Relatively New,1,0,0,0,0,2,128,"28.3624° N, 76.9787° E",28.3624,76.9787
2016,flat,sector 90,dlf regal gardens,1.27,5497.84,1500.0,3,3,3+,2.0,Relatively New,0,0,0,0,1,1,72,"28.4085° N, 76.9369° E",28.4085,76.9369
2017,flat,sector 59,conscient elevate,4.02,17501.09,2550.0,3,3,1,3.0,Under Construction,0,0,0,0,0,1,31,"28.4051° N, 77.1097° E",28.4051,77.1097
2018,house,sector 7,independent,0.45,5000.0,900.0,3,2,1,2.0,Old Property,0,0,0,0,1,1,12,"28.4644° N, 77.0143° E",28.4644,77.0143
2019,flat,sector 92,signature global city 92,0.99,6622.07,1661.0,3,2,3,1.0,New Property,0,0,0,0,1,1,37,"28.4079° N, 76.9153° E",28.4079,76.9153
2020,flat,sector 61,puri the aravallis,3.9,33219.76,1174.0,3,4,3+,33.0,Under Construction,0,1,0,0,0,1,158,"28.4050° N, 77.0963° E",28.405,77.0963
2021,flat,sector 7,maa bhagwati residency,0.45,5000.0,1000.0,2,2,1,4.0,Relatively New,0,0,0,0,0,1,28,"28.4644° N, 77.0143° E",28.4644,77.0143
2022,flat,sector 93,spaze privvy the address,1.25,5699.95,2105.0,4,4,3,16.0,Relatively New,0,0,0,0,0,1,0,"28.4153° N, 76.9326° E",28.4153,76.9326
2023,flat,sector 65,emaar mgf emerald floors premier,2.35,14242.42,1493.0,3,3,3,2.0,Relatively New,1,1,0,0,0,2,168,"28.4030° N, 77.0690° E",28.403,77.069
2025,house,sector 56,independent,4.0,26613.44,1503.0,4,4,3+,2.0,Relatively New,0,0,0,0,0,2,24,"28.4245° N, 77.0991° E",28.4245,77.0991
2026,house,sector 2,ansal api spanish court,2.9,18625.56,1557.0,4,4,3,2.0,Relatively New,0,0,1,0,0,2,49,"28.5095° N, 77.0320° E",28.5095,77.032
2027,flat,sector 74,m3m skywalk,1.6,11379.8,1272.0,2,2,2,28.0,New Property,0,0,0,0,0,1,15,"28.4158° N, 77.0118° E",28.4158,77.0118
2028,flat,sector 91,tarc maceo,1.5,6465.52,1786.0,3,4,3+,3.0,Relatively New,1,1,0,0,0,1,112,"28.4014° N, 76.9225° E",28.4014,76.9225
2029,flat,sector 56,kiran residency,1.5,6648.94,2250.0,3,5,3+,4.0,Moderately Old,1,0,0,1,0,2,134,"28.4245° N, 77.0991° E",28.4245,77.0991
2031,house,sector 4,not applicable,0.4,9259.26,432.0,1,1,1,1.0,Moderately Old,0,0,0,0,0,1,0,"28.4738° N, 77.0107° E",28.4738,77.0107
2032,flat,sector 68,pareena mi casa,1.1,8835.34,1127.0,2,2,3,11.0,New Property,0,0,0,0,0,1,95,"28.3853° N, 77.0484° E",28.3853,77.0484
2033,flat,sector 89,smart world gems,1.25,8784.26,1288.0,3,3,3,2.0,Under Construction,0,0,0,1,0,1,12,"28.4253° N, 76.9439° E",28.4253,76.9439
2034,house,sector 4,independent,0.7,6647.67,117.0,3,3,0,1.0,Moderately Old,0,0,0,0,0,1,0,"28.4738° N, 77.0107° E",28.4738,77.0107
2035,flat,sector 61,smart world orchard,1.5,12500.0,1333.0,2,2,2,2.0,Under Construction,1,0,0,0,0,1,49,"28.4050° N, 77.0963° E",28.405,77.0963
2036,house,sector 14,independent,6.4,20317.46,3150.0,6,6,3+,3.0,Old Property,0,0,0,0,1,1,35,"28.4711° N, 77.0454° E",28.4711,77.0454
2037,house,sector 2,independent,19.5,27083.33,7200.0,8,9,3+,2.0,New Property,1,1,0,1,0,1,122,"28.5095° N, 77.0320° E",28.5095,77.032
2038,flat,sector 85,godrej air,1.05,10606.06,97.0,2,2,1,15.0,Under Construction,0,0,0,0,0,1,45,"28.4042° N, 76.9513° E",28.4042,76.9513
2039,flat,sector 81,dlf the ultima,3.46,12047.35,2599.0,4,4,3+,10.0,New Property,0,1,0,0,0,0,161,"28.3867° N, 76.9485° E",28.3867,76.9485
2040,flat,sector 83,vatika emilia floors,0.6,5714.29,990.0,2,2,2,1.0,Relatively New,0,0,0,0,0,2,167,"28.3986° N, 76.9647° E",28.3986,76.9647
2041,flat,sector 67,m3m merlin,3.39,14376.59,2100.0,3,4,3,14.0,Relatively New,0,1,0,0,0,2,26,"28.3859° N, 77.0608° E",28.3859,77.0608
2042,flat,sector 106,paras dews,1.42,6029.72,2131.0,4,6,3+,11.0,Relatively New,0,1,0,0,0,1,143,"28.5007° N, 77.0003° E",28.5007,77.0003
2043,house,sector 43,independent,7.85,29074.07,2700.0,9,9,3+,3.0,Relatively New,1,1,0,1,1,0,49,"28.4629° N, 77.0772° E",28.4629,77.0772
2044,flat,sector 67,m3m merlin,3.5,14583.33,2225.0,3,4,3,17.0,Relatively New,0,1,1,0,0,2,167,"28.3859° N, 77.0608° E",28.3859,77.0608
2045,flat,sector 88a,adani aangan arcade,0.45,7188.5,695.0,2,2,1,8.0,New Property,0,0,0,0,0,1,14,"28.4347° N, 76.9557° E",28.4347,76.9557
2046,flat,sector 104,puri emerald bay,2.45,10000.0,2131.0,3,4,3+,14.0,Relatively New,0,1,0,0,0,2,56,"28.4788° N, 76.9960° E",28.4788,76.996
2047,flat,sector 37d,signature global city,1.1,8800.0,1389.0,3,3,3,1.0,Under Construction,0,0,0,0,0,1,16,"28.4478° N, 76.9703° E",28.4478,76.9703
2048,flat,sector 78,umang monsoon breeze,1.2,6493.51,2045.0,3,3,2,8.0,Moderately Old,0,0,0,1,0,0,8,"28.3733° N, 76.9729° E",28.3733,76.9729
2049,house,sector 45,independent,7.35,29696.97,2475.0,6,4,3+,3.0,Old Property,1,1,1,1,0,2,61,"28.4466° N, 77.0660° E",28.4466,77.066
2050,flat,sector 33,godrej,0.95,6859.21,1253.0,2,2,3+,3.0,Under Construction,0,0,0,0,0,1,0,"28.4420° N, 77.0207° E",28.442,77.0207
2051,flat,sector 109,ats kocoon,1.75,10028.65,1550.0,3,3,3,10.0,Relatively New,0,0,0,1,0,2,49,"28.5073° N, 77.0089° E",28.5073,77.0089
2053,flat,sector 85,ss the leaf,1.18,10727.27,1700.0,2,2,3,9.0,Relatively New,1,0,0,0,0,2,150,"28.4042° N, 76.9513° E",28.4042,76.9513
2054,flat,sector 108,raheja vedaanta,0.7,4521.96,1548.0,2,2,3,1.0,Relatively New,0,0,0,0,0,1,0,"28.5134° N, 76.9830° E",28.5134,76.983
2055,flat,sector 81,bestech park view ananda,0.95,6985.29,1260.0,2,2,2,14.0,Relatively New,0,0,0,0,0,2,165,"28.3867° N, 76.9485° E",28.3867,76.9485
2056,house,sector 57,independent,6.25,23496.24,2660.0,9,9,3+,3.0,New Property,0,1,0,0,0,2,61,"28.4232° N, 77.0752° E",28.4232,77.0752
2059,flat,sector 86,pyramid urban homes 2,0.5,9615.38,578.0,2,2,1,10.0,Relatively New,0,0,0,0,0,1,15,"28.3986° N, 76.9384° E",28.3986,76.9384
2060,flat,sector 95,signature the roselia,0.45,7908.61,632.0,2,2,2,2.0,New Property,0,0,0,0,0,2,31,"28.4172° N, 76.9081° E",28.4172,76.9081
2061,flat,sector 99a,pareena coban residences,1.35,6760.14,1807.0,3,5,3,6.0,New Property,0,1,0,0,1,1,60,"28.4561° N, 76.9542° E",28.4561,76.9542
2062,house,sector 4,independent,0.47,3517.96,1350.0,3,4,0,3.0,Moderately Old,0,0,0,0,0,1,0,"28.4738° N, 77.0107° E",28.4738,77.0107
2063,house,sector 109,international city by sobha phase 2,8.75,24305.56,3600.0,5,5,3+,3.0,New Property,1,1,1,1,0,2,153,"28.5073° N, 77.0089° E",28.5073,77.0089
2064,flat,sector 56,meditech apartment,2.45,8166.67,2900.0,4,4,3+,1.0,Relatively New,0,0,0,0,1,2,118,"28.4245° N, 77.0991° E",28.4245,77.0991
2065,house,sector 63a,aindependentt raj estates,8.5,27139.21,3132.0,6,6,3+,3.0,Under Construction,0,0,1,1,0,1,29,"28.3923° N, 77.0888° E",28.3923,77.0888
2066,flat,sector 37d,bptp terra,1.17,8297.87,1276.0,2,2,2,0.0,Relatively New,0,0,0,0,0,1,107,"28.4478° N, 76.9703° E",28.4478,76.9703
2067,flat,sector 108,raheja vedas,2.15,4133.82,4600.0,3,4,3+,12.0,Relatively New,1,0,0,0,0,1,0,"28.5134° N, 76.9830° E",28.5134,76.983
2068,flat,sector 28,dlf regency park,2.25,14516.13,1700.0,3,3,2,16.0,Old Property,0,1,0,0,0,1,89,"28.4728° N, 77.0865° E",28.4728,77.0865
2070,flat,sector 108,sobha city,2.9,14478.28,2003.0,3,4,2,11.0,Relatively New,0,0,0,0,0,1,108,"28.5134° N, 76.9830° E",28.5134,76.983
2071,flat,sector 61,smart world orchard,2.6,14722.54,1766.0,3,3,2,2.0,New Property,0,0,0,0,0,1,47,"28.4050° N, 77.0963° E",28.405,77.0963
2072,flat,sector 82a,dlf the primus,2.6,11438.63,2273.0,4,4,3+,2.0,Relatively New,0,0,0,0,1,1,38,"28.3858° N, 76.9686° E",28.3858,76.9686
2073,flat,sector 67,ireo victory valley,2.99,11832.21,2200.0,3,3,3,4.0,Relatively New,0,1,0,0,0,2,37,"28.3859° N, 77.0608° E",28.3859,77.0608
2074,flat,sector 61,smart world orchard,1.7,15178.57,1244.0,2,2,2,4.0,Under Construction,1,0,0,0,0,1,127,"28.4050° N, 77.0963° E",28.405,77.0963
2075,flat,sector 37d,signature global the millennia,0.6,9230.77,625.0,2,2,3,7.0,New Property,0,0,0,0,0,1,35,"28.4478° N, 76.9703° E",28.4478,76.9703
2076,house,sector 11,independent,2.5,17857.14,1850.0,5,4,3,1.0,Old Property,0,0,1,0,0,1,0,"28.4531° N, 77.0202° E",28.4531,77.0202
2077,house,sector 43,independent,2.15,13030.3,1650.0,1,1,0,1.0,Moderately Old,0,0,0,0,0,1,0,"28.4629° N, 77.0772° E",28.4629,77.0772
2078,flat,gwal pahari,paras quartier,5.9,11028.04,5350.0,4,4,3+,0.0,Moderately Old,0,0,0,0,0,1,63,"28.4484° N, 77.0210° E",28.4484,77.021
2079,flat,sector 37d,bptp terra,1.65,7530.81,2091.0,4,3,3+,6.0,Relatively New,0,0,0,0,0,2,149,"28.4478° N, 76.9703° E",28.4478,76.9703
2080,flat,sector 43,dlf royalton tower,6.2,20687.35,2712.0,4,4,3+,9.0,Moderately Old,0,1,0,0,0,1,7,"28.4629° N, 77.0772° E",28.4629,77.0772
2081,flat,sector 65,emaar mgf emerald floors premier,2.25,13636.36,1493.0,3,3,3+,3.0,Relatively New,1,1,0,0,0,1,152,"28.4030° N, 77.0690° E",28.403,77.069
2082,flat,sector 77,emaar palm heights,1.79,8839.51,1600.0,3,3,3,1.0,New Property,0,1,0,0,0,2,49,"28.3801° N, 76.9845° E",28.3801,76.9845
2083,flat,sector 81,bestech spa signature,4.4,12571.43,3700.0,4,4,3+,6.0,New Property,1,1,0,1,1,0,49,"28.3867° N, 76.9485° E",28.3867,76.9485
2084,flat,sector 99a,laxmi apartment sector 99a gurgaon,0.3,4615.38,600.0,2,2,1,4.0,New Property,0,0,0,0,0,1,44,"28.4561° N, 76.9542° E",28.4561,76.9542
2085,flat,sector 78,raheja revanta,0.99,6099.82,1467.0,2,2,3,14.0,Under Construction,0,0,0,0,1,1,39,"28.3733° N, 76.9729° E",28.3733,76.9729
2086,flat,sector 74,m3m skywalk,1.52,13345.04,1250.0,2,2,3,6.0,Relatively New,0,0,1,0,0,1,174,"28.4158° N, 77.0118° E",28.4158,77.0118
2087,flat,sector 68,pareena mi casa,1.0,8163.27,1361.0,2,2,2,16.0,New Property,0,1,0,0,0,1,65,"28.3853° N, 77.0484° E",28.3853,77.0484
2088,flat,sector 81,bestech park view grand spa,2.3,8646.62,2280.0,3,4,3+,7.0,Relatively New,0,1,0,0,0,2,49,"28.3867° N, 76.9485° E",28.3867,76.9485
2089,flat,sector 65,m3m latitude,4.6,26790.91,1717.0,3,3,3,7.0,New Property,1,1,1,1,0,1,115,"28.4030° N, 77.0690° E",28.403,77.069
2090,house,sector 26,independent,4.6,12198.36,3771.0,4,4,3+,2.0,Old Property,0,0,0,0,0,1,28,"28.4757° N, 77.1032° E",28.4757,77.1032
2091,flat,sector 82a,dlf the primus,2.95,11451.86,2110.0,4,5,3+,10.0,Relatively New,0,1,0,0,0,0,174,"28.3858° N, 76.9686° E",28.3858,76.9686
2092,house,sector 7,independent,1.35,4545.45,330.0,4,5,0,3.0,Old Property,0,0,0,0,0,1,0,"28.4644° N, 77.0143° E",28.4644,77.0143
2093,flat,sector 92,bestech park view sanskruti,1.55,7769.42,1805.0,3,4,3,8.0,Relatively New,0,1,0,0,0,1,49,"28.4079° N, 76.9153° E",28.4079,76.9153
2094,house,sector 43,ansal sushant lok plots,11.5,17692.31,9000.0,7,8,3+,3.0,Old Property,0,1,1,1,0,2,31,"28.4629° N, 77.0772° E",28.4629,77.0772
2096,flat,sector 37d,bptp terra,1.75,7987.22,2100.0,4,4,3,7.0,Relatively New,0,0,0,0,1,2,120,"28.4478° N, 76.9703° E",28.4478,76.9703
2097,flat,sector 67,bestech park view spa next,2.85,12127.66,2127.0,4,4,3+,5.0,Moderately Old,0,1,0,1,0,2,149,"28.3859° N, 77.0608° E",28.3859,77.0608
2098,flat,manesar,sbr apartment,0.68,4456.09,1526.0,3,3,3,2.0,Moderately Old,0,0,0,0,0,1,0,"28.3515° N, 76.9428° E",28.3515,76.9428
2099,flat,sector 95,rof ananda,0.32,5734.77,610.0,2,2,1,10.0,Relatively New,0,0,0,1,0,2,50,"28.4172° N, 76.9081° E",28.4172,76.9081
2101,flat,sector 37c,ild greens,0.9,5614.47,1500.0,3,3,3,0.0,Under Construction,0,0,0,0,0,1,66,"28.4515° N, 76.9882° E",28.4515,76.9882
2102,flat,sector 95,ramsons kshitij,0.17,544.0,3569.0,1,1,1,12.0,Relatively New,0,0,0,0,0,1,56,"28.4172° N, 76.9081° E",28.4172,76.9081
2103,flat,sector 65,m3m golfestate,5.0,18518.52,2800.0,3,3,3+,28.0,Relatively New,0,1,0,1,0,2,165,"28.4030° N, 77.0690° E",28.403,77.069
2104,flat,sector 88b,vatika xpressions,0.92,7360.0,1300.0,2,2,2,3.0,Relatively New,0,0,0,1,0,1,174,"28.4446° N, 76.9542° E",28.4446,76.9542
2105,flat,sector 50,the close north,2.35,11767.65,1950.0,3,3,3+,8.0,Moderately Old,0,0,0,0,0,2,165,"28.4178° N, 77.0628° E",28.4178,77.0628
2107,flat,sector 108,sobha city,3.75,14940.24,2120.0,3,3,2,16.0,New Property,0,1,0,0,0,1,77,"28.5134° N, 76.9830° E",28.5134,76.983
2108,house,sector 69,independent,0.8,10484.93,763.0,1,1,0,1.0,New Property,0,0,0,0,0,1,0,"28.3966° N, 77.0341° E",28.3966,77.0341
2109,flat,sector 84,antriksh heights,0.85,5555.56,1222.0,2,2,3,10.0,New Property,1,0,0,0,1,1,24,"28.3979° N, 76.9736° E",28.3979,76.9736
2110,flat,sector 79,mapsko mount ville,1.2,8053.69,1154.0,3,3,3+,24.0,Relatively New,0,0,0,0,0,2,135,"28.3624° N, 76.9787° E",28.3624,76.9787
2111,flat,sector 65,m3m golfestate,6.15,18287.24,3027.0,3,3,3,23.0,Moderately Old,1,1,0,0,0,2,60,"28.4030° N, 77.0690° E",28.403,77.069
2112,flat,sector 60,ireo skyon,3.8,13571.43,2791.0,4,5,3,15.0,Moderately Old,0,1,0,0,0,2,145,"28.4003° N, 77.0975° E",28.4003,77.0975
2113,house,sector 43,independent,27.5,24366.47,11286.0,6,7,3+,3.0,Relatively New,1,1,0,1,1,2,42,"28.4629° N, 77.0772° E",28.4629,77.0772
2114,house,sector 25,independent,4.45,32962.96,1350.0,4,3,3+,2.0,Moderately Old,0,0,1,0,0,1,79,"28.4844° N, 77.0860° E",28.4844,77.086
2115,flat,sector 83,sapphire eighty three,0.4,8547.01,520.0,1,1,1,6.0,Relatively New,0,0,0,0,0,0,52,"28.3986° N, 76.9647° E",28.3986,76.9647
2116,flat,sector 85,ss the leaf,1.05,6161.97,1512.0,2,2,3+,7.0,Relatively New,0,0,1,0,0,1,144,"28.4042° N, 76.9513° E",28.4042,76.9513
2117,flat,sector 70,tulip orange,1.0,10309.28,1078.0,3,2,2,3.0,Moderately Old,0,0,0,0,0,1,58,"28.3968° N, 77.0233° E",28.3968,77.0233
2118,house,sector 7,independent,8.0,22222.22,3600.0,4,5,3+,1.0,Old Property,1,1,0,1,0,1,31,"28.4644° N, 77.0143° E",28.4644,77.0143
2119,flat,sector 90,green court,0.4,6389.78,575.0,2,2,1,8.0,New Property,0,0,0,0,0,1,20,"28.4085° N, 76.9369° E",28.4085,76.9369
2120,flat,sector 85,ss the leaf,1.85,6578.95,2545.0,4,5,3+,1.0,Relatively New,0,0,0,0,0,1,95,"28.4042° N, 76.9513° E",28.4042,76.9513
2121,flat,sector 63a,birla navya,3.7,15416.67,2667.0,3,3,3+,1.0,Under Construction,0,0,0,0,0,1,72,"28.3923° N, 77.0888° E",28.3923,77.0888
2122,flat,sector 25,dlf beverly park,8.0,15384.62,5778.0,5,5,3+,2.0,Old Property,1,1,0,1,1,0,26,"28.4844° N, 77.0860° E",28.4844,77.086
2123,flat,sector 81,dlf the ultima,2.35,11174.51,1550.0,3,3,3+,14.0,Relatively New,1,1,0,1,1,0,49,"28.3867° N, 76.9485° E",28.3867,76.9485
2124,flat,sector 108,sobha city,2.5,14611.34,1480.0,3,3,2,19.0,New Property,0,0,0,0,0,1,166,"28.5134° N, 76.9830° E",28.5134,76.983
2125,flat,sector 95,siddhartha apartment,1.1,4327.3,2824.0,4,3,3,9.0,Relatively New,0,1,0,0,1,1,22,"28.4172° N, 76.9081° E",28.4172,76.9081
2126,flat,sector 54,dlf park place,4.85,30180.46,1607.0,3,4,3+,6.0,Moderately Old,0,1,0,0,0,0,158,"28.4348° N, 77.1089° E",28.4348,77.1089
2127,flat,sector 103,indiabulls centrum park,2.14,7443.48,2718.0,4,6,3+,7.0,Relatively New,0,1,0,0,0,1,142,"28.4949° N, 76.9845° E",28.4949,76.9845
2128,flat,sector 85,orris carnation residency,0.72,4881.36,1350.0,3,3,2,9.0,Moderately Old,0,0,0,0,1,1,49,"28.4042° N, 76.9513° E",28.4042,76.9513
2129,flat,sector 43,dlf the icon,5.25,20388.35,2570.0,4,4,3,9.0,Old Property,0,1,0,1,1,1,135,"28.4629° N, 77.0772° E",28.4629,77.0772
2130,flat,sector 99,assotech blith,1.6,6666.67,2400.0,3,4,0,15.0,New Property,0,0,0,0,0,1,51,"28.4640° N, 76.9614° E",28.464,76.9614
2131,flat,sector 102,conscient heritage max,1.82,9009.9,1757.0,3,4,3+,12.0,Relatively New,0,1,0,0,0,1,101,"28.4750° N, 76.9715° E",28.475,76.9715
2132,flat,sector 78,raheja revanta,1.2,10016.69,823.0,1,2,2,32.0,Under Construction,0,0,0,0,0,1,39,"28.3733° N, 76.9729° E",28.3733,76.9729
2133,flat,sector 77,emaar palm heights,2.25,11250.0,1810.0,3,3,3,22.0,New Property,0,1,0,0,0,2,42,"28.3801° N, 76.9845° E",28.3801,76.9845
2134,flat,sector 78,umang monsoon breeze,0.62,5004.04,1115.0,2,2,1,7.0,Moderately Old,0,0,1,0,0,1,111,"28.3733° N, 76.9729° E",28.3733,76.9729
2135,house,sector 25,independent,7.3,12586.21,5800.0,9,9,2,3.0,Relatively New,0,1,1,0,0,2,109,"28.4844° N, 77.0860° E",28.4844,77.086
2136,house,sector 47,independent,4.3,29311.52,1467.0,3,4,2,2.0,Moderately Old,0,0,0,0,1,1,0,"28.4276° N, 77.0492° E",28.4276,77.0492
2137,flat,sector 90,green court,0.47,6811.59,767.0,2,2,1,0.0,New Property,0,0,0,0,0,1,49,"28.4085° N, 76.9369° E",28.4085,76.9369
2138,flat,sector 82,mapsko casa bella,3.0,6133.71,4425.0,4,6,3+,25.0,Relatively New,0,1,0,1,0,2,119,"28.3935° N, 76.9600° E",28.3935,76.96
2139,flat,gwal pahari,krrish provence estate,5.5,9482.76,5249.0,4,5,3+,11.0,New Property,1,1,0,1,0,1,151,"28.4484° N, 77.0210° E",28.4484,77.021
2140,house,sector 41,unitech palms south city 1,9.25,28549.38,5000.0,9,9,3+,4.0,Moderately Old,1,1,1,1,0,2,65,"28.4557° N, 77.0632° E",28.4557,77.0632
2141,flat,sector 84,spaze privy at,1.35,9642.86,1750.0,3,3,3,7.0,Relatively New,0,0,0,1,0,1,90,"28.3979° N, 76.9736° E",28.3979,76.9736
2142,flat,sector 90,dlf regal gardens,1.25,10416.67,1437.0,3,3,3,18.0,Moderately Old,0,1,0,0,0,1,100,"28.4085° N, 76.9369° E",28.4085,76.9369
2143,flat,sector 73,today callidora,0.9,5548.71,1622.0,3,3,3,3.0,Under Construction,0,1,0,0,0,1,63,"28.4072° N, 77.0118° E",28.4072,77.0118
2144,house,sector 43,independent,2.1,4250.15,549.0,10,10,3+,5.0,New Property,0,1,0,0,0,1,20,"28.4629° N, 77.0772° E",28.4629,77.0772
2145,house,sector 54,independent,3.51,12341.77,2844.0,4,4,3,4.0,New Property,0,1,0,0,0,1,73,"28.4348° N, 77.1089° E",28.4348,77.1089
2146,flat,sector 69,tulip violet,1.32,8413.0,1419.0,3,3,1,12.0,Relatively New,0,0,0,1,0,1,86,"28.3966° N, 77.0341° E",28.3966,77.0341
2147,flat,sector 79,supertech basera,0.36,7643.31,546.0,2,2,1,4.0,New Property,0,0,0,0,0,1,60,"28.3624° N, 76.9787° E",28.3624,76.9787
2148,house,sector 24,dlf city plots phase 3,1.6,3292.18,540.0,8,5,3+,4.0,Old Property,0,0,0,0,0,1,8,"28.4939° N, 77.1038° E",28.4939,77.1038
2149,flat,sector 84,antriksh heights,0.69,5111.11,1222.0,2,2,3+,8.0,Relatively New,1,0,0,0,0,1,59,"28.3979° N, 76.9736° E",28.3979,76.9736
2150,flat,sector 66,emaar mgf the enclave,2.1,12352.94,1800.0,3,4,2,12.0,Relatively New,0,1,0,0,0,2,156,"28.3925° N, 77.0541° E",28.3925,77.0541
2151,house,sector 12,independent,2.9,10740.74,2700.0,7,7,3,2.0,Old Property,0,0,0,0,0,1,7,"28.4723° N, 77.0320° E",28.4723,77.032
2152,house,sector 22,saksham welfare association,4.7,19847.97,2368.0,6,6,3+,2.0,Old Property,0,0,1,1,0,2,106,"28.5072° N, 77.0640° E",28.5072,77.064
2154,flat,sector 52,ardee city,1.5,9146.34,1484.0,4,4,3,3.0,Old Property,0,0,0,0,0,1,65,"28.4379° N, 77.0785° E",28.4379,77.0785
2156,house,sector 4,independent,0.65,10317.46,70.0,1,1,1,1.0,Moderately Old,0,0,0,0,1,1,21,"28.4738° N, 77.0107° E",28.4738,77.0107
2157,flat,sector 79,godrej aria,0.95,6551.72,1611.0,2,2,3,5.0,Relatively New,0,0,0,0,0,2,174,"28.3624° N, 76.9787° E",28.3624,76.9787
2158,flat,sector 88a,the center court,2.1,12173.91,1745.0,4,4,3,0.0,New Property,1,1,0,0,0,1,142,"28.4347° N, 76.9557° E",28.4347,76.9557
2159,flat,sector 66,bptp mansions park prime,3.0,10853.84,2700.0,4,4,3,3.0,Relatively New,1,1,0,1,1,2,174,"28.3925° N, 77.0541° E",28.3925,77.0541
2160,flat,sector 107,m3m woodshire,1.01,7393.85,1200.0,2,2,3+,11.0,New Property,0,0,0,0,1,1,74,"28.5052° N, 76.9729° E",28.5052,76.9729
2161,flat,sector 95,sidhartha ncr one phase,0.9,4500.0,2000.0,3,3,1,15.0,Relatively New,0,0,0,0,0,1,60,"28.4172° N, 76.9081° E",28.4172,76.9081
2162,flat,sector 49,orchid petals,2.23,10969.01,1840.0,3,3,3,14.0,Relatively New,0,0,0,0,1,1,40,"28.4121° N, 77.0480° E",28.4121,77.048
2163,house,sector 105,independent,0.38,8444.44,56.0,2,2,2,1.0,Moderately Old,0,0,0,0,0,1,0,"28.4952° N, 77.0114° E",28.4952,77.0114
2164,flat,sector 48,vipul world floors,4.3,13870.97,3444.0,4,5,3+,4.0,New Property,1,1,0,1,0,1,88,"28.4177° N, 77.0359° E",28.4177,77.0359
2165,house,sector 39,independent,1.8,21871.2,800.0,1,1,2,3.0,Relatively New,0,0,0,0,0,1,0,"28.4434° N, 77.0515° E",28.4434,77.0515
2166,flat,sector 95,signature global rosellia,0.45,8754.86,571.0,2,2,2,14.0,New Property,0,0,0,0,0,1,24,"28.4172° N, 76.9081° E",28.4172,76.9081
2167,flat,sector 37c,imperia the esfera,1.4,5384.62,2343.0,4,5,3,9.0,Relatively New,1,1,0,1,1,1,49,"28.4515° N, 76.9882° E",28.4515,76.9882
2168,flat,sector 37d,bptp terra,1.55,7074.4,2100.0,4,3,3+,19.0,Relatively New,0,0,0,0,1,2,131,"28.4478° N, 76.9703° E",28.4478,76.9703
2169,flat,sector 48,central park resorts,5.15,20900.97,2364.0,3,3,3+,8.0,Moderately Old,0,1,0,0,0,0,53,"28.4177° N, 77.0359° E",28.4177,77.0359
2170,flat,sector 89,smart world gems,0.95,8597.29,1226.0,2,2,2,4.0,New Property,1,1,0,0,0,1,38,"28.4253° N, 76.9439° E",28.4253,76.9439
2171,flat,sector 106,paras dews,1.13,6405.9,1186.0,3,4,3+,18.0,Relatively New,1,1,0,0,0,1,49,"28.5007° N, 77.0003° E",28.5007,77.0003
2172,flat,sector 65,m3m golfestate,5.9,17481.48,3043.0,3,3,3,18.0,Relatively New,1,1,0,0,0,1,76,"28.4030° N, 77.0690° E",28.403,77.069
2173,house,sector 46,independent,5.5,23060.8,2385.0,8,8,3+,3.0,Moderately Old,1,0,0,0,1,2,32,"28.4374° N, 77.0586° E",28.4374,77.0586
2174,house,sector 39,independent,1.6,17937.22,892.0,1,1,2,2.0,Old Property,0,0,0,0,0,1,40,"28.4434° N, 77.0515° E",28.4434,77.0515
2175,flat,sector 37c,corona optus,1.43,7185.93,1834.0,3,3,3+,2.0,Relatively New,0,1,0,0,1,1,49,"28.4515° N, 76.9882° E",28.4515,76.9882
2176,house,sector 13,independent,9.0,11111.11,8100.0,10,5,3+,4.0,Old Property,0,0,0,0,0,1,0,"28.4757° N, 77.0392° E",28.4757,77.0392
2177,flat,sector 84,ss the coralwood,1.01,5771.43,1475.0,3,3,2,18.0,Relatively New,0,0,0,0,0,1,40,"28.3979° N, 76.9736° E",28.3979,76.9736
2178,flat,sector 79,godrej,2.5,11140.82,2244.0,3,3,3+,5.0,Relatively New,0,0,0,0,0,1,0,"28.3624° N, 76.9787° E",28.3624,76.9787
2179,flat,sector 70,shree vardhman victoria,1.66,14248.93,1527.0,3,5,3,8.0,Relatively New,0,1,0,0,0,1,108,"28.3968° N, 77.0233° E",28.3968,77.0233
2180,flat,sector 81,signature global synera,0.45,7525.08,664.0,2,2,2,6.0,Relatively New,0,0,1,0,0,2,39,"28.3867° N, 76.9485° E",28.3867,76.9485
2181,flat,sector 2,bestech park view residency,0.98,6960.23,1281.0,2,2,3,0.0,Moderately Old,0,0,0,0,0,1,85,"28.5095° N, 77.0320° E",28.5095,77.032
2182,flat,sector 37d,ramprastha the edge towers,0.71,5419.85,1100.0,2,2,3,10.0,New Property,0,0,0,0,1,1,38,"28.4478° N, 76.9703° E",28.4478,76.9703
2183,flat,sector 109,ats tourmaline,1.65,7674.42,1946.0,3,3,3+,16.0,Relatively New,0,1,0,0,0,2,49,"28.5073° N, 77.0089° E",28.5073,77.0089
2184,flat,sector 106,paras dews,0.87,9255.32,1120.0,2,2,3+,1.0,New Property,0,0,0,0,0,1,174,"28.5007° N, 77.0003° E",28.5007,77.0003
2185,flat,sector 79,supertech araville,0.78,6023.17,1172.0,2,2,3+,0.0,New Property,0,0,0,0,1,1,74,"28.3624° N, 76.9787° E",28.3624,76.9787
2186,flat,sector 70,unitech south park,1.13,7001.24,1457.0,3,3,2,1.0,Under Construction,0,0,0,0,0,1,46,"28.3968° N, 77.0233° E",28.3968,77.0233
2187,flat,sector 112,experion windchants,3.29,11741.61,2225.56,3,3,3+,2.0,Relatively New,0,1,0,0,0,2,152,"28.5189° N, 77.0183° E",28.5189,77.0183
2188,house,sector 48,vipul tatvam villa,7.8,23145.4,3240.0,4,4,3+,2.0,Relatively New,1,1,1,1,0,2,145,"28.4177° N, 77.0359° E",28.4177,77.0359
2189,flat,sector 81,bestech park view ananda,0.88,8043.88,1223.0,2,2,3,8.0,Relatively New,1,0,0,0,0,2,95,"28.3867° N, 76.9485° E",28.3867,76.9485
2190,flat,sector 39,milan cghs 9,2.0,8333.33,2400.0,3,3,3+,0.0,Old Property,0,0,0,0,0,1,0,"28.4434° N, 77.0515° E",28.4434,77.0515
2191,flat,sector 99a,pareena coban residences,1.02,8793.1,1430.0,2,2,3,3.0,Relatively New,1,0,0,0,0,1,174,"28.4561° N, 76.9542° E",28.4561,76.9542
2192,flat,sector 85,ss the leaf,1.83,7609.15,1925.0,3,4,3,9.0,Relatively New,0,0,0,0,0,1,49,"28.4042° N, 76.9513° E",28.4042,76.9513
2193,flat,sector 58,ireo the grand arch,2.2,13480.39,1432.0,2,2,1,5.0,Relatively New,1,0,0,0,0,2,94,"28.4200° N, 77.1105° E",28.42,77.1105
2194,flat,sector 61,smart world orchard,1.65,13750.0,1333.0,2,2,2,1.0,Under Construction,1,0,0,0,0,1,16,"28.4050° N, 77.0963° E",28.405,77.0963
2195,flat,sector 99,assotech blith,1.9,6701.94,2835.0,4,4,3+,2.0,New Property,0,0,0,0,0,1,51,"28.4640° N, 76.9614° E",28.464,76.9614
2196,flat,sector 61,smart world orchard,1.85,14800.0,1389.0,2,2,2,3.0,New Property,0,0,0,0,0,1,44,"28.4050° N, 77.0963° E",28.405,77.0963
2198,flat,sector 70,shree vardhman victoria,1.78,9128.21,1765.0,3,3,3+,7.0,Relatively New,0,1,0,0,1,1,49,"28.3968° N, 77.0233° E",28.3968,77.0233
2199,flat,sector 48,parsvnath green ville,1.6,8376.96,1700.0,3,3,3,13.0,Old Property,0,0,0,0,1,2,119,"28.4177° N, 77.0359° E",28.4177,77.0359
2200,house,sector 48,vipul world,3.35,5583.33,6000.0,6,5,3+,3.0,Moderately Old,0,0,0,0,0,1,53,"28.4177° N, 77.0359° E",28.4177,77.0359
2201,flat,sector 85,ss the leaf,2.2,6933.5,2545.0,4,5,3+,4.0,Relatively New,0,0,0,0,0,1,106,"28.4042° N, 76.9513° E",28.4042,76.9513
2203,flat,sector 109,raheja atharva,0.79,7931.73,1213.0,3,2,2,3.0,Relatively New,0,0,0,0,0,2,44,"28.5073° N, 77.0089° E",28.5073,77.0089
2204,flat,sector 86,ansal heights 86,1.25,7396.45,1529.0,3,2,1,2.0,New Property,0,0,0,0,0,1,100,"28.3986° N, 76.9384° E",28.3986,76.9384
2205,flat,sector 24,ambience lagoon,4.25,13281.25,3201.0,3,4,3+,3.0,Old Property,0,1,1,0,0,2,131,"28.4939° N, 77.1038° E",28.4939,77.1038
2206,flat,sector 33,central park flower valley,1.35,10384.62,1444.0,3,2,2,3.0,New Property,0,0,0,0,0,1,87,"28.4420° N, 77.0207° E",28.442,77.0207
2207,flat,sector 92,sare crescent parc,1.0,5128.21,2167.0,4,3,2,1.0,Relatively New,0,0,0,0,0,1,49,"28.4079° N, 76.9153° E",28.4079,76.9153
2208,flat,sector 85,ss the leaf,2.13,7574.68,2600.0,4,4,3,2.0,Relatively New,0,0,0,0,0,1,49,"28.4042° N, 76.9513° E",28.4042,76.9513
2209,flat,sector 66,emaar mgf the palm drive,3.45,15681.82,2000.0,3,4,3,6.0,Relatively New,0,1,0,0,0,2,95,"28.3925° N, 77.0541° E",28.3925,77.0541
2210,house,sector 45,independent,17.0,37777.78,4500.0,5,8,3+,3.0,Relatively New,1,1,1,1,0,0,152,"28.4466° N, 77.0660° E",28.4466,77.066
2211,flat,sector 108,raheja vedaanta,1.0,4854.37,2060.0,2,2,2,0.0,Relatively New,0,0,0,0,0,1,0,"28.5134° N, 76.9830° E",28.5134,76.983
2212,house,sector 25,independent,6.5,36111.11,1800.0,4,4,3+,2.0,Moderately Old,1,1,1,1,0,1,61,"28.4844° N, 77.0860° E",28.4844,77.086
2213,flat,sector 81,dlf the ultima,2.21,10365.85,1881.0,3,3,3+,3.0,Relatively New,0,1,0,0,0,0,149,"28.3867° N, 76.9485° E",28.3867,76.9485
2214,flat,sector 65,m3m heights,3.29,17997.81,1828.0,3,3,3,33.0,New Property,0,0,0,0,0,1,49,"28.4030° N, 77.0690° E",28.403,77.069
2215,flat,sector 3,godrej habitat,1.35,12784.09,1056.0,2,2,0,4.0,Old Property,0,0,0,0,0,1,60,"28.4909° N, 77.0176° E",28.4909,77.0176
2216,flat,sector 109,sbtl caladium,1.88,6153.85,2765.0,4,5,3,10.0,Relatively New,0,0,0,0,0,1,110,"28.5073° N, 77.0089° E",28.5073,77.0089
2217,flat,sector 86,ansal heights 86,0.64,4705.88,1360.0,2,2,1,3.0,New Property,0,0,0,0,0,1,73,"28.3986° N, 76.9384° E",28.3986,76.9384
2218,house,sector 109,international city by sobha phase 2,11.3,25111.11,4500.0,7,5,3+,4.0,Relatively New,1,1,0,1,1,1,49,"28.5073° N, 77.0089° E",28.5073,77.0089
2219,house,sector 2,ansals palam vihar,5.7,14728.68,4550.0,5,5,2,2.0,Old Property,0,0,0,1,0,0,94,"28.5095° N, 77.0320° E",28.5095,77.032
2220,flat,sector 79,godrej,1.41,8998.09,1747.0,2,2,3,3.0,New Property,1,0,0,0,0,1,104,"28.3624° N, 76.9787° E",28.3624,76.9787
2221,flat,sector 67,m3m merlin,3.5,14843.09,2134.0,3,4,3+,15.0,Relatively New,0,1,0,0,0,2,158,"28.3859° N, 77.0608° E",28.3859,77.0608
2222,flat,sector 85,ss the leaf,1.99,8659.7,2398.0,3,4,3+,17.0,Relatively New,0,1,0,0,0,2,174,"28.4042° N, 76.9513° E",28.4042,76.9513
2223,flat,sector 63,adani brahma samsara vilasa,3.4,10000.0,3077.0,3,3,3+,1.0,New Property,0,0,0,0,0,1,99,"28.3971° N, 77.0867° E",28.3971,77.0867
2224,flat,sector 79,supertech araville,0.71,6063.19,1280.0,2,2,3+,17.0,New Property,0,0,0,0,1,1,53,"28.3624° N, 76.9787° E",28.3624,76.9787
2225,flat,sector 67a,ireo the corridors,1.7,9843.66,1346.0,3,3,2,10.0,New Property,0,1,0,0,1,2,44,"28.3960° N, 77.0372° E",28.396,77.0372
2226,house,sector 43,sushant lok 1 builder floors,10.85,28841.04,3762.0,8,8,3,3.0,Moderately Old,1,1,1,1,0,0,160,"28.4629° N, 77.0772° E",28.4629,77.0772
2227,flat,sector 81,signature global city 81,0.8,14652.01,607.0,2,2,2,4.0,Under Construction,1,0,0,0,0,1,36,"28.3867° N, 76.9485° E",28.3867,76.9485
2229,flat,sector 67a,ireo the corridors,2.08,12044.01,1563.0,3,3,2,6.0,Under Construction,0,0,0,0,1,1,55,"28.3960° N, 77.0372° E",28.396,77.0372
2230,flat,sector 22,ambience creacions,4.63,14983.82,2796.0,3,5,3+,5.0,New Property,0,1,0,0,1,1,120,"28.5072° N, 77.0640° E",28.5072,77.064
2231,house,sector 26,independent,5.8,12837.54,4518.0,4,4,3+,4.0,Old Property,0,0,0,0,0,1,38,"28.4757° N, 77.1032° E",28.4757,77.1032
2233,flat,sector 102,shapoorji pallonji joyville gurugram,1.8,10638.3,1531.0,3,3,3,1.0,Relatively New,0,0,0,0,0,1,141,"28.4750° N, 76.9715° E",28.475,76.9715
2234,flat,sector 65,emaar mgf emerald floors premier,2.0,12121.21,1833.0,3,3,3,1.0,Relatively New,0,1,0,0,0,2,124,"28.4030° N, 77.0690° E",28.403,77.069
2235,flat,sector 107,signature global solera,0.28,5679.51,543.0,2,2,2,11.0,Relatively New,0,0,0,0,0,1,29,"28.5052° N, 76.9729° E",28.5052,76.9729
2236,flat,sector 63a,signature global city 63a,1.4,11336.03,1372.0,2,2,2,3.0,Under Construction,0,0,0,0,1,1,0,"28.3923° N, 77.0888° E",28.3923,77.0888
2237,house,sector 50,independent,10.55,32561.73,3240.0,5,5,3,2.0,Moderately Old,1,1,0,0,0,1,42,"28.4178° N, 77.0628° E",28.4178,77.0628
2238,flat,sector 85,ss the leaf,1.12,6451.61,1485.0,2,2,3,10.0,Relatively New,0,0,0,0,1,1,49,"28.4042° N, 76.9513° E",28.4042,76.9513
2239,flat,sector 54,dlf the grove,5.7,41244.57,1382.0,3,3,3,1.0,Moderately Old,0,0,0,0,0,1,46,"28.4348° N, 77.1089° E",28.4348,77.1089
2240,flat,sector 86,dlf new town heights,1.27,6580.31,1800.0,3,4,3,19.0,Relatively New,0,1,0,1,0,1,126,"28.3986° N, 76.9384° E",28.3986,76.9384
2241,flat,sector 67,ireo victory valley,2.95,12235.59,2150.0,3,3,3,10.0,Relatively New,0,1,0,0,0,2,174,"28.3859° N, 77.0608° E",28.3859,77.0608
2242,flat,sector 82,vatika the seven lamps,1.37,8753.99,2000.0,3,3,3,11.0,Relatively New,1,1,0,1,0,2,145,"28.3935° N, 76.9600° E",28.3935,76.96
2243,house,sector 9,independent,3.4,12937.6,2628.0,9,9,3,3.0,Moderately Old,0,0,0,0,0,2,61,"28.4603° N, 77.0000° E",28.4603,77.0
2244,flat,sector 90,dlf regal gardens,1.29,9020.98,1540.0,3,3,3,7.0,Relatively New,1,0,0,0,0,1,174,"28.4085° N, 76.9369° E",28.4085,76.9369
2245,flat,sector 90,dlf regal gardens,1.25,6459.95,1650.0,3,3,3,10.0,Relatively New,0,0,0,0,1,2,38,"28.4085° N, 76.9369° E",28.4085,76.9369
2246,flat,sector 89,greenopolis,0.65,5195.84,1390.0,2,2,2,15.0,Under Construction,0,0,0,0,0,1,37,"28.4253° N, 76.9439° E",28.4253,76.9439
2247,house,sector 105,independent,1.2,10118.04,1185.51,3,2,1,2.0,Old Property,0,0,0,0,0,1,9,"28.4952° N, 77.0114° E",28.4952,77.0114
2248,flat,sector 56,sukhshanti apartment,1.7,7727.27,2200.0,3,3,3,4.0,Moderately Old,1,0,0,0,0,1,49,"28.4245° N, 77.0991° E",28.4245,77.0991
2249,flat,sector 69,tulip violet,1.55,9822.56,1428.0,3,3,2,5.0,Relatively New,0,0,0,1,0,1,99,"28.3966° N, 77.0341° E",28.3966,77.0341
2250,flat,sector 108,experion the heartsong,1.65,8237.64,1771.32,3,4,3,3.0,Moderately Old,1,0,0,0,0,2,75,"28.5134° N, 76.9830° E",28.5134,76.983
2251,flat,sector 107,signature global solera,0.28,5833.33,543.0,2,2,2,0.0,Relatively New,0,0,0,0,0,1,45,"28.5052° N, 76.9729° E",28.5052,76.9729
2252,flat,sector 85,orris aster court premier,1.2,5660.38,1650.0,3,4,2,6.0,Relatively New,0,1,0,0,0,1,28,"28.4042° N, 76.9513° E",28.4042,76.9513
2254,flat,sector 107,signature global solera,0.51,7906.98,717.0,3,2,2,9.0,Relatively New,0,0,0,0,1,1,15,"28.5052° N, 76.9729° E",28.5052,76.9729
2255,house,sector 55,independent,1.45,26851.85,60.0,1,4,3+,4.0,Relatively New,0,0,1,0,0,1,70,"28.4281° N, 77.1100° E",28.4281,77.11
2256,flat,sector 110,indiabulls enigma,4.1,10567.01,3500.0,5,5,2,10.0,Relatively New,0,1,0,0,0,1,159,"28.5145° N, 77.0197° E",28.5145,77.0197
2257,house,sector 3,independent,0.9,8928.57,112.0,3,3,0,2.0,Moderately Old,0,0,0,0,0,1,0,"28.4909° N, 77.0176° E",28.4909,77.0176
2259,house,sector 41,independent,1.65,13750.0,1200.0,1,1,0,1.0,Moderately Old,0,0,0,0,0,1,0,"28.4557° N, 77.0632° E",28.4557,77.0632
2260,flat,sector 59,conscient elevate,6.75,19882.18,2567.0,4,4,2,10.0,New Property,0,1,0,0,0,1,31,"28.4051° N, 77.1097° E",28.4051,77.1097
2261,flat,sector 65,emaar mgf emerald estate,1.7,21013.6,1081.0,3,3,3,7.0,Relatively New,1,0,0,0,0,2,116,"28.4030° N, 77.0690° E",28.403,77.069
2262,house,sector 2,independent,3.0,19267.82,1557.0,6,4,3+,3.0,Old Property,0,0,0,0,0,2,28,"28.5095° N, 77.0320° E",28.5095,77.032
2263,flat,sector 107,signature global solera 2,0.5,8928.57,622.0,2,2,2,13.0,New Property,0,0,0,0,0,1,8,"28.5052° N, 76.9729° E",28.5052,76.9729
2264,flat,sector 65,m3m heights,2.78,15199.56,1829.0,3,3,3,44.0,Relatively New,0,0,0,0,0,1,56,"28.4030° N, 77.0690° E",28.403,77.069
2265,flat,sector 43,dlf the grove,6.0,25000.0,2667.0,4,4,2,1.0,Under Construction,0,1,0,0,0,2,49,"28.4629° N, 77.0772° E",28.4629,77.0772
2266,flat,sector 66,emaar mgf the palm drive,2.85,14615.38,1950.0,3,3,3,11.0,Relatively New,1,0,0,0,0,2,67,"28.3925° N, 77.0541° E",28.3925,77.0541
2268,flat,sector 91,tarc maceo,0.95,5952.38,1186.0,2,2,2,10.0,Relatively New,0,0,0,0,0,1,77,"28.4014° N, 76.9225° E",28.4014,76.9225
2269,flat,sector 108,experion the heartsong,1.55,7738.39,1750.0,3,3,3+,7.0,Relatively New,0,1,0,1,0,2,174,"28.5134° N, 76.9830° E",28.5134,76.983
2270,house,sector 40,independent,5.0,21123.79,2367.0,9,9,3+,3.0,Moderately Old,0,1,1,0,0,2,83,"28.4498° N, 77.0567° E",28.4498,77.0567
2271,flat,sector 106,paras dews,1.15,6052.63,1305.0,3,4,3,5.0,Relatively New,1,1,0,0,0,1,49,"28.5007° N, 77.0003° E",28.5007,77.0003
2272,flat,sector 108,raheja vedaanta,0.7,4651.16,1505.0,2,2,2,12.0,Relatively New,0,0,0,0,0,1,0,"28.5134° N, 76.9830° E",28.5134,76.983
2273,flat,sector 88b,vatika xpressions,1.1,8148.15,1350.0,2,4,3+,2.0,Under Construction,1,0,0,0,0,1,58,"28.4446° N, 76.9542° E",28.4446,76.9542
2274,flat,sector 65,m3m skycity,3.0,16411.38,1828.0,3,3,3,17.0,Under Construction,0,0,0,0,0,1,99,"28.4030° N, 77.0690° E",28.403,77.069
2277,flat,sector 48,central park 2 bellevue,5.0,11627.91,4778.0,3,4,3,14.0,Moderately Old,0,0,0,0,0,1,82,"28.4177° N, 77.0359° E",28.4177,77.0359
2278,flat,sector 65,m3m heights,2.15,15003.49,1433.0,2,2,3+,28.0,Relatively New,0,0,0,0,0,1,48,"28.4030° N, 77.0690° E",28.403,77.069
2279,house,sector 27,independent,4.25,31481.48,1350.0,5,5,3+,3.0,Relatively New,0,1,0,1,0,2,49,"28.4658° N, 77.0917° E",28.4658,77.0917
2280,flat,sector 104,godrej summit,1.3,9027.78,1303.0,3,2,3+,16.0,Relatively New,1,0,1,1,0,2,0,"28.4788° N, 76.9960° E",28.4788,76.996
2281,flat,sector 60,ireo skyon,3.75,13392.86,2650.0,4,4,3,12.0,Relatively New,0,1,0,0,0,2,49,"28.4003° N, 77.0975° E",28.4003,77.0975
2283,flat,sector 1,dnha cghs,0.85,3863.64,2200.0,3,3,0,5.0,Moderately Old,0,0,0,0,0,1,0,"28.3663° N, 76.9456° E",28.3663,76.9456
2284,flat,sector 89,ace palm floors,0.97,7860.62,1371.0,2,2,2,1.0,New Property,1,0,0,0,0,1,28,"28.4253° N, 76.9439° E",28.4253,76.9439
2285,house,sector 24,independent,1.45,2983.54,540.0,3,3,1,2.0,Old Property,0,0,0,0,0,1,9,"28.4939° N, 77.1038° E",28.4939,77.1038
2286,flat,sector 69,tulip violet,1.3,8447.04,1392.0,3,3,1,12.0,Relatively New,0,0,0,1,0,2,94,"28.3966° N, 77.0341° E",28.3966,77.0341
2287,flat,sector 28,suncity platinum towers,7.0,22222.22,2488.0,4,3,2,10.0,Moderately Old,0,1,0,0,0,1,31,"28.4728° N, 77.0865° E",28.4728,77.0865
2288,flat,sector 69,tulip violet,1.43,8887.51,1305.0,3,3,2,1.0,Relatively New,0,0,0,1,0,1,86,"28.3966° N, 77.0341° E",28.3966,77.0341
2289,flat,sector 37d,ramprastha primera,1.02,6000.0,1538.0,3,2,3,22.0,Under Construction,0,0,0,0,0,1,43,"28.4478° N, 76.9703° E",28.4478,76.9703
2291,flat,sector 54,suncity heights,3.25,14118.16,2558.0,3,3,3+,0.0,Old Property,0,0,0,1,0,2,120,"28.4348° N, 77.1089° E",28.4348,77.1089
2292,flat,sector 28,dlf regency park,1.35,11739.13,1120.0,2,2,2,14.0,Old Property,0,0,1,0,0,1,66,"28.4728° N, 77.0865° E",28.4728,77.0865
2293,flat,sector 109,sbtl caladium,1.63,6404.72,2303.0,3,3,2,8.0,Relatively New,0,1,0,0,0,1,159,"28.5073° N, 77.0089° E",28.5073,77.0089
2294,flat,sector 99a,pareena coban residences,1.4,7010.52,1807.0,3,5,3+,6.0,New Property,0,0,0,0,0,1,15,"28.4561° N, 76.9542° E",28.4561,76.9542
2295,house,sector 2,independent,2.95,15989.16,1845.0,4,4,3+,2.0,Old Property,0,0,0,0,0,1,27,"28.5095° N, 77.0320° E",28.5095,77.032
2296,flat,sector 67,ireo victory valley,3.49,12998.14,2724.0,3,3,3,19.0,Relatively New,0,1,0,0,0,1,103,"28.3859° N, 77.0608° E",28.3859,77.0608
2297,flat,sector 47,unitech uniworld gardens,2.4,11505.27,1888.0,3,3,3+,10.0,Moderately Old,0,1,0,0,0,2,120,"28.4276° N, 77.0492° E",28.4276,77.0492
2299,flat,sector 79,godrej,1.34,8524.17,1423.0,3,3,3,7.0,Relatively New,0,0,0,0,0,1,158,"28.3624° N, 76.9787° E",28.3624,76.9787
2300,flat,sector 62,emaar digihomes,2.1,14256.62,1365.0,2,2,2,30.0,New Property,0,1,0,0,0,1,52,"28.4139° N, 77.0886° E",28.4139,77.0886
2301,flat,sector 106,paras dews,1.05,7581.23,1539.0,2,2,2,5.0,New Property,0,0,0,0,0,1,97,"28.5007° N, 77.0003° E",28.5007,77.0003
2303,flat,sector 68,m3m ikonic,1.8,9230.77,1845.0,3,3,3+,18.0,Relatively New,0,0,0,0,0,2,126,"28.3853° N, 77.0484° E",28.3853,77.0484
2304,flat,sector 83,vatika gurgaon,1.15,5808.08,1350.0,3,3,2,3.0,Relatively New,1,1,1,1,0,2,165,"28.3986° N, 76.9647° E",28.3986,76.9647
2305,flat,sector 65,emaar mgf emerald floors premier,3.5,17721.52,1975.0,4,4,3,4.0,Relatively New,0,1,0,0,0,1,114,"28.4030° N, 77.0690° E",28.403,77.069
2306,flat,sector 104,puri emerald bay,2.65,15005.66,2090.0,3,4,3,15.0,Relatively New,0,1,0,0,0,2,174,"28.4788° N, 76.9960° E",28.4788,76.996
2307,flat,sector 65,m3m skycity,2.0,15267.18,1186.0,2,2,2,16.0,New Property,0,0,0,0,0,2,174,"28.4030° N, 77.0690° E",28.403,77.069
2308,house,sector 63,signature global city 63a,1.5,6289.31,2385.0,3,3,2,1.0,New Property,0,0,0,0,0,1,0,"28.3971° N, 77.0867° E",28.3971,77.0867
2309,flat,sector 86,pyramid elite,0.45,7839.72,637.0,2,2,1,12.0,Under Construction,0,0,0,0,0,1,30,"28.3986° N, 76.9384° E",28.3986,76.9384
2310,flat,sector 57,bptp freedom park life,2.5,11111.11,2036.0,3,3,3,9.0,Moderately Old,0,0,0,0,0,1,55,"28.4232° N, 77.0752° E",28.4232,77.0752
2311,flat,sector 103,ansal housing highland park,2.0,7490.64,2416.0,4,5,3+,14.0,New Property,0,1,0,0,0,1,45,"28.4949° N, 76.9845° E",28.4949,76.9845
2313,flat,sector 52,huda housing board society,0.45,9740.26,513.0,1,1,0,0.0,Moderately Old,0,0,0,1,0,2,43,"28.4379° N, 77.0785° E",28.4379,77.0785
2314,flat,sector 90,dlf regal gardens,1.8,7223.11,2005.0,4,4,3+,7.0,Moderately Old,0,0,0,0,0,1,38,"28.4085° N, 76.9369° E",28.4085,76.9369
2315,flat,sector 90,mrg world ultimus,0.5,6983.24,796.0,2,2,2,1.0,Under Construction,0,0,0,0,0,1,21,"28.4085° N, 76.9369° E",28.4085,76.9369
2316,flat,sector 109,ats tourmaline,1.75,8139.53,1946.0,3,4,3+,9.0,Relatively New,0,1,0,0,0,1,94,"28.5073° N, 77.0089° E",28.5073,77.0089
2317,flat,sector 69,tulip violet,1.51,9569.07,1325.0,3,3,2,0.0,Relatively New,0,0,0,1,0,0,165,"28.3966° N, 77.0341° E",28.3966,77.0341
2318,flat,sector 92,raheja sampada,0.9,6569.34,1240.0,3,2,3,11.0,Relatively New,0,0,0,0,0,1,88,"28.4079° N, 76.9153° E",28.4079,76.9153
2319,flat,sector 99,assotech blith,0.82,6007.33,1365.0,2,2,3,0.0,New Property,0,0,0,0,0,1,51,"28.4640° N, 76.9614° E",28.464,76.9614
2320,flat,sector 49,vatika city,2.65,11772.55,2251.0,3,4,3,11.0,Moderately Old,0,1,0,1,0,2,140,"28.4121° N, 77.0480° E",28.4121,77.048
2321,flat,sector 92,sare green parc,0.85,6740.68,1261.0,3,2,2,14.0,Relatively New,0,0,0,0,0,1,0,"28.4079° N, 76.9153° E",28.4079,76.9153
2322,house,sector 66,emaar mgf marbella,8.8,41607.57,2115.0,4,4,3+,3.0,Relatively New,0,1,1,1,0,1,107,"28.3925° N, 77.0541° E",28.3925,77.0541
2323,flat,sector 49,orchid petals,2.09,11578.95,1633.0,3,3,3,0.0,Relatively New,0,0,0,0,0,1,49,"28.4121° N, 77.0480° E",28.4121,77.048
2324,house,sector 109,international city by sobha phase 1,5.75,16428.57,4800.0,4,4,2,3.0,Relatively New,0,1,0,0,0,1,146,"28.5073° N, 77.0089° E",28.5073,77.0089
2325,flat,sector 90,shree vardhman flora,0.65,5000.0,1176.0,2,2,2,12.0,Old Property,1,0,0,0,0,1,103,"28.4085° N, 76.9369° E",28.4085,76.9369
2326,flat,sector 81,dlf the ultima,2.2,11190.23,1900.0,3,4,3+,7.0,Relatively New,0,1,0,0,0,0,104,"28.3867° N, 76.9485° E",28.3867,76.9485
2327,flat,sector 113,m3m capital,2.87,12489.12,2553.0,4,4,3+,3.0,Under Construction,0,1,0,0,0,1,65,"28.5287° N, 77.0233° E",28.5287,77.0233
2328,house,sector 47,independent,4.6,26620.37,1728.0,2,6,3+,4.0,Moderately Old,0,0,0,0,0,0,51,"28.4276° N, 77.0492° E",28.4276,77.0492
2329,flat,sector 56,sobha smriti apartments,0.5,8333.33,667.0,1,1,2,3.0,Old Property,0,0,0,0,0,1,0,"28.4245° N, 77.0991° E",28.4245,77.0991
2330,house,sector 57,sector 57 huda,3.8,26063.1,1458.0,2,8,3+,4.0,Relatively New,0,0,1,1,0,2,94,"28.4232° N, 77.0752° E",28.4232,77.0752
2331,flat,sector 48,bestech park view city,2.65,10323.33,2134.0,4,4,3+,11.0,Moderately Old,1,1,0,0,0,2,174,"28.4177° N, 77.0359° E",28.4177,77.0359
2332,flat,sector 104,godrej summit,1.3,7893.14,1490.0,3,3,3,8.0,New Property,0,0,0,0,1,1,103,"28.4788° N, 76.9960° E",28.4788,76.996
2333,flat,sector 81,dlf the ultima,2.3,10936.76,1617.0,3,3,3+,19.0,Relatively New,1,1,0,1,1,0,49,"28.3867° N, 76.9485° E",28.3867,76.9485
2334,flat,sector 92,sare petioles,1.3,6372.55,2040.0,4,4,0,7.0,Relatively New,0,0,0,0,0,1,0,"28.4079° N, 76.9153° E",28.4079,76.9153
2335,flat,sector 102,shapoorji pallonji joyville gurugram,1.76,10226.61,1531.0,3,3,3,1.0,Relatively New,0,0,0,0,0,1,100,"28.4750° N, 76.9715° E",28.475,76.9715
2336,flat,sector 92,sare green parc,0.85,6538.46,1300.0,3,2,2,20.0,Relatively New,0,0,0,0,0,1,0,"28.4079° N, 76.9153° E",28.4079,76.9153
2337,house,sector 67,ireo victory valley,8.0,22222.22,3600.0,6,7,3+,3.0,Moderately Old,1,1,1,1,0,2,151,"28.3859° N, 77.0608° E",28.3859,77.0608
2338,house,sector 25,independent,4.31,31925.93,1350.0,5,4,3,3.0,Old Property,0,0,0,0,0,1,40,"28.4844° N, 77.0860° E",28.4844,77.086
2339,flat,sector 99a,raheja vanya,0.59,3975.74,1133.0,2,2,3,1.0,Under Construction,0,0,0,0,1,1,96,"28.4561° N, 76.9542° E",28.4561,76.9542
2340,flat,sector 56,the lions cghs,2.09,8708.33,2300.0,4,4,3+,7.0,Relatively New,0,0,0,0,1,2,125,"28.4245° N, 77.0991° E",28.4245,77.0991
2341,flat,sector 106,paras dews,0.88,6353.79,940.0,2,2,3+,1.0,Relatively New,0,0,0,0,0,1,49,"28.5007° N, 77.0003° E",28.5007,77.0003
2342,house,sector 63a,birla navya,3.85,15437.05,2771.0,3,3,3+,4.0,New Property,0,1,0,0,0,2,160,"28.3923° N, 77.0888° E",28.3923,77.0888
2343,flat,sector 43,ansal maple heights,1.5,12658.23,1385.0,3,3,3+,7.0,Old Property,0,0,1,0,0,2,174,"28.4629° N, 77.0772° E",28.4629,77.0772
2344,flat,sector 4,cancon enclave,1.05,7777.78,1500.0,3,2,2,2.0,New Property,0,0,0,0,0,2,0,"28.4738° N, 77.0107° E",28.4738,77.0107
2345,flat,sector 77,emaar mgf palm hills,1.55,7948.72,1800.0,4,4,3+,2.0,Relatively New,1,1,0,0,0,0,49,"28.3801° N, 76.9845° E",28.3801,76.9845
2347,flat,sector 89,smart world gems,0.9,8144.8,1105.0,2,2,2,1.0,New Property,0,0,0,0,0,1,45,"28.4253° N, 76.9439° E",28.4253,76.9439
2348,flat,sector 113,la vida by tata housing,3.05,11338.29,2600.0,3,4,3,15.0,New Property,0,1,0,0,0,1,174,"28.5287° N, 77.0233° E",28.5287,77.0233
2350,flat,sector 85,orris carnation residency,0.8,4857.32,1390.0,3,4,3,4.0,Relatively New,0,1,0,0,0,2,40,"28.4042° N, 76.9513° E",28.4042,76.9513
2351,flat,sector 95,sidhartha ncr greens,0.6,5576.21,974.0,2,2,2,14.0,Relatively New,1,0,0,0,0,1,31,"28.4172° N, 76.9081° E",28.4172,76.9081
2352,flat,sector 53,vipul belmonte,6.0,24489.8,2217.0,3,4,3+,6.0,Moderately Old,0,1,0,0,1,2,26,"28.4433° N, 77.0948° E",28.4433,77.0948
2353,flat,sector 92,bestech park view sanskruti,1.42,7759.56,1738.0,3,3,2,10.0,Relatively New,0,0,0,0,0,1,117,"28.4079° N, 76.9153° E",28.4079,76.9153
2354,flat,sector 67a,ireo the corridors,1.4,9433.96,1149.0,2,2,2,8.0,Relatively New,1,0,0,0,1,1,90,"28.3960° N, 77.0372° E",28.396,77.0372
2355,house,sector 55,independent,5.0,44444.44,1125.0,2,9,3+,5.0,New Property,0,0,0,0,1,2,44,"28.4281° N, 77.1100° E",28.4281,77.11
2356,flat,sector 85,godrej air,2.6,12212.31,2129.0,3,3,3,17.0,Under Construction,0,1,0,0,0,1,44,"28.4042° N, 76.9513° E",28.4042,76.9513
2357,flat,sector 69,tulip violet,1.95,9701.49,1819.0,4,4,2,0.0,Relatively New,0,0,0,0,0,1,157,"28.3966° N, 77.0341° E",28.3966,77.0341
2358,flat,sector 81,dlf the ultima,2.2,10476.19,1900.0,3,4,3+,17.0,Relatively New,0,1,0,0,0,0,49,"28.3867° N, 76.9485° E",28.3867,76.9485
2359,flat,sector 12,allure homes,0.72,7272.73,1100.0,2,2,1,2.0,Relatively New,0,0,0,0,1,2,16,"28.4723° N, 77.0320° E",28.4723,77.032
2360,flat,sector 111,tashee capital gateway,0.96,6499.66,1338.0,2,2,1,4.0,Under Construction,1,0,0,0,0,1,53,"28.5238° N, 77.0320° E",28.5238,77.032
2361,flat,sector 48,bestech park view city,1.76,9909.91,1576.0,3,3,3+,9.0,Moderately Old,0,1,0,1,0,2,158,"28.4177° N, 77.0359° E",28.4177,77.0359
2362,flat,sector 33,godrej nature plus,1.2,14371.26,86.0,2,2,3,1.0,New Property,0,0,0,0,0,1,65,"28.4420° N, 77.0207° E",28.442,77.0207
2364,flat,sector 62,pioneer araya,7.56,18000.0,4200.0,4,4,3+,23.0,Relatively New,0,1,0,1,0,2,87,"28.4139° N, 77.0886° E",28.4139,77.0886
2365,flat,sector 22,ambience creacions,2.55,13709.68,1860.0,3,3,3,5.0,Relatively New,0,0,0,0,0,0,49,"28.5072° N, 77.0640° E",28.5072,77.064
2366,house,sector 25,independent,9.9,29333.33,3375.0,5,5,2,2.0,Moderately Old,0,0,0,1,0,2,106,"28.4844° N, 77.0860° E",28.4844,77.086
2367,flat,sector 50,the close north,3.0,11516.31,2357.0,3,3,3+,14.0,Old Property,0,1,0,0,0,2,121,"28.4178° N, 77.0628° E",28.4178,77.0628
2368,flat,sector 109,ats tourmaline,1.72,8000.0,1797.0,3,4,3+,7.0,Relatively New,0,1,0,0,0,1,167,"28.5073° N, 77.0089° E",28.5073,77.0089
2369,flat,sector 70,krrish florence estate,1.3,5601.03,1865.0,3,3,3,17.0,Under Construction,0,0,0,0,0,2,61,"28.3968° N, 77.0233° E",28.3968,77.0233
2370,flat,sector 54,dlf the crest,11.0,35483.87,3444.0,4,5,3+,7.0,Relatively New,1,1,0,1,0,1,49,"28.4348° N, 77.1089° E",28.4348,77.1089
2371,flat,sector 69,tulip purple,2.6,10833.33,2172.0,4,4,3+,4.0,Moderately Old,0,1,0,0,0,1,37,"28.3966° N, 77.0341° E",28.3966,77.0341
2372,house,sector 26,dlf city phase 1,5.5,30555.56,1800.0,4,4,3,2.0,Moderately Old,1,1,0,1,0,1,69,"28.4757° N, 77.1032° E",28.4757,77.1032
2373,flat,sector 79,mapsko mount ville,1.2,8053.69,1321.0,3,3,3,9.0,Relatively New,1,0,0,0,0,2,104,"28.3624° N, 76.9787° E",28.3624,76.9787
2374,house,sector 25,independent,9.0,28490.03,3159.0,10,10,3,3.0,Old Property,0,0,0,1,0,2,64,"28.4844° N, 77.0860° E",28.4844,77.086
2375,flat,sector 99a,pareena coban residences,1.56,7811.72,1807.0,3,5,3,4.0,New Property,0,1,0,0,1,1,49,"28.4561° N, 76.9542° E",28.4561,76.9542
2376,house,sector 28,independent,1.39,11583.33,1450.0,2,2,1,3.0,Old Property,0,0,1,0,0,1,37,"28.4728° N, 77.0865° E",28.4728,77.0865
2377,flat,sector 67,ireo victory valley,3.05,16266.67,2200.0,3,4,2,35.0,Relatively New,1,1,0,0,0,2,165,"28.3859° N, 77.0608° E",28.3859,77.0608
2378,house,sector 4,independent,1.1,11111.11,990.0,3,4,1,2.0,Moderately Old,0,0,0,0,0,1,0,"28.4738° N, 77.0107° E",28.4738,77.0107
2379,flat,sector 86,ansal heights 86,1.3,4666.19,2521.0,4,6,2,11.0,New Property,0,1,0,0,1,1,86,"28.3986° N, 76.9384° E",28.3986,76.9384
2380,flat,sector 107,signature global solera,0.35,6398.54,608.0,2,2,2,8.0,Relatively New,0,0,0,0,0,1,45,"28.5052° N, 76.9729° E",28.5052,76.9729
2381,flat,sector 72,tata primanti,6.75,19285.71,4000.0,4,4,3+,0.0,New Property,0,1,0,0,0,2,174,"28.4225° N, 77.0211° E",28.4225,77.0211
2383,flat,manesar,professional society,0.75,3067.48,2717.0,3,4,3,3.0,Relatively New,0,1,0,0,0,1,21,"28.3515° N, 76.9428° E",28.3515,76.9428
2384,flat,sector 65,emaar mgf emerald floors premier,2.5,15151.52,1493.0,3,3,3,3.0,Relatively New,1,1,0,0,0,1,15,"28.4030° N, 77.0690° E",28.403,77.069
2385,house,sector 50,nirvana cedar crest,3.99,8866.67,4500.0,4,5,3+,4.0,New Property,0,1,0,1,0,2,112,"28.4178° N, 77.0628° E",28.4178,77.0628
2386,flat,sector 108,sobha city,2.6,15195.79,1711.0,3,3,2,11.0,New Property,0,0,0,0,0,1,49,"28.5134° N, 76.9830° E",28.5134,76.983
2387,flat,sector 111,lotus homz,0.5,14836.8,374.0,1,1,1,2.0,Relatively New,0,0,0,0,0,0,72,"28.5238° N, 77.0320° E",28.5238,77.032
2388,flat,sector 82a,dlf the primus,1.87,10394.66,1668.0,3,3,3,31.0,Moderately Old,0,0,0,1,0,1,38,"28.3858° N, 76.9686° E",28.3858,76.9686
2390,flat,sector 69,tulip white,0.9,6000.0,1326.0,3,2,3+,1.0,Relatively New,0,0,0,0,0,2,149,"28.3966° N, 77.0341° E",28.3966,77.0341
2391,flat,sector 84,antriksh heights,0.9,6206.9,1525.0,3,3,3+,12.0,Relatively New,0,0,0,0,0,1,166,"28.3979° N, 76.9736° E",28.3979,76.9736
2392,flat,sector 2,bestech park view residency,1.26,8051.12,1416.0,2,2,3,7.0,Moderately Old,1,0,0,0,0,1,84,"28.5095° N, 77.0320° E",28.5095,77.032
2394,flat,sector 82,vatika the seven lamps,1.6,6597.94,2195.0,4,5,3+,8.0,Relatively New,0,1,0,0,0,1,133,"28.3935° N, 76.9600° E",28.3935,76.96
2395,flat,sector 74,m3m skywalk,1.54,11000.0,1200.0,2,2,3+,22.0,Relatively New,0,0,0,0,1,1,137,"28.4158° N, 77.0118° E",28.4158,77.0118
2396,house,sector 25,dlf city plots phase 2,6.5,36111.11,1800.0,5,5,3+,3.0,Old Property,1,1,1,1,0,2,134,"28.4844° N, 77.0860° E",28.4844,77.086
2398,flat,sector 111,puri diplomatic greens,5.25,11666.67,4072.0,4,6,3+,7.0,Relatively New,0,1,0,0,0,2,134,"28.5238° N, 77.0320° E",28.5238,77.032
2399,flat,sector 79,supertech araville,0.71,5521.0,1295.0,2,2,0,9.0,Under Construction,0,0,0,0,0,1,0,"28.3624° N, 76.9787° E",28.3624,76.9787
2401,flat,sector 84,alpha corp gurgaonone,1.49,7590.42,1833.0,3,3,3,6.0,Relatively New,0,1,0,0,0,1,28,"28.3979° N, 76.9736° E",28.3979,76.9736
2403,flat,sector 79,supertech araville,0.8,5266.62,1688.0,2,2,2,12.0,New Property,1,0,0,0,0,1,49,"28.3624° N, 76.9787° E",28.3624,76.9787
2405,flat,sector 103,indiabulls centrum park,2.45,8521.74,2602.0,4,6,3,5.0,Relatively New,0,1,0,0,0,1,38,"28.4949° N, 76.9845° E",28.4949,76.9845
2406,flat,sector 65,emaar mgf emerald floors premier,2.8,16969.7,1650.0,3,3,2,3.0,Relatively New,0,1,0,0,0,1,105,"28.4030° N, 77.0690° E",28.403,77.069
2407,flat,sector 112,experion windchants,2.8,11470.71,2441.0,2,3,2,9.0,Relatively New,1,1,0,0,0,1,137,"28.5189° N, 77.0183° E",28.5189,77.0183
2408,flat,sector 90,shree vardhman flora,0.92,4906.67,1493.0,3,4,3,4.0,Relatively New,0,1,0,0,0,1,116,"28.4085° N, 76.9369° E",28.4085,76.9369
2409,flat,sector 79,godrej,1.34,8524.17,1423.0,2,2,3,2.0,Relatively New,1,0,0,0,0,1,158,"28.3624° N, 76.9787° E",28.3624,76.9787
2410,flat,sector 83,vatika gurgaon,1.08,6224.78,1570.0,3,3,2,11.0,Relatively New,0,0,0,0,1,1,19,"28.3986° N, 76.9647° E",28.3986,76.9647
2411,flat,sector 90,shree vardhman flora,0.65,4814.81,1222.0,2,2,3,3.0,Relatively New,1,0,0,0,0,1,106,"28.4085° N, 76.9369° E",28.4085,76.9369
2412,flat,sector 65,emaar mgf emerald floors premier,2.77,14025.32,2194.0,4,4,3+,3.0,Relatively New,1,1,0,0,0,0,174,"28.4030° N, 77.0690° E",28.403,77.069
2413,flat,sector 33,godrej nature plus serenity,1.45,8677.44,1512.0,3,2,3,3.0,Under Construction,0,0,0,0,0,1,49,"28.4420° N, 77.0207° E",28.442,77.0207
2414,flat,sector 37d,signature global the millennia 3,0.45,7627.12,656.0,2,3,2,8.0,Under Construction,0,0,0,0,0,1,8,"28.4478° N, 76.9703° E",28.4478,76.9703
2415,flat,sector 70,tulip ivory,5.0,10416.67,5333.0,6,7,3+,0.0,Relatively New,1,1,0,0,0,1,119,"28.3968° N, 77.0233° E",28.3968,77.0233
2416,flat,sector 110,indiabulls enigma,3.4,10000.0,3000.0,4,5,3,10.0,Relatively New,0,1,0,0,0,1,152,"28.5145° N, 77.0197° E",28.5145,77.0197
2417,flat,sector 113,m3m capital,2.37,11499.27,2060.0,4,4,3+,20.0,Under Construction,1,0,0,0,0,1,143,"28.5287° N, 77.0233° E",28.5287,77.0233
2421,flat,sector 65,m3m heights,1.95,15996.72,1141.0,2,2,3,16.0,Under Construction,0,0,0,0,0,1,44,"28.4030° N, 77.0690° E",28.403,77.069
2422,flat,sector 83,vatika gurgaon,1.25,6313.13,1700.0,3,3,2,12.0,Moderately Old,0,1,0,0,0,1,95,"28.3986° N, 76.9647° E",28.3986,76.9647
2423,flat,sector 3,apna enclave,0.8,6153.85,1000.0,3,3,1,0.0,Old Property,0,0,0,0,0,1,0,"28.4909° N, 77.0176° E",28.4909,77.0176
2424,flat,sector 81,dlf the ultima,2.25,10699.0,1600.0,3,3,3+,11.0,Relatively New,1,1,0,1,1,0,49,"28.3867° N, 76.9485° E",28.3867,76.9485
2425,flat,sector 113,tata gurgaon gateway,1.75,10441.53,1430.0,2,2,2,10.0,Relatively New,1,0,0,0,0,1,104,"28.5287° N, 77.0233° E",28.5287,77.0233
2426,flat,sector 91,tarc maceo,0.9,6870.23,1186.0,2,2,2,13.0,Relatively New,0,0,0,0,0,0,67,"28.4014° N, 76.9225° E",28.4014,76.9225
2427,flat,sector 33,godrej nature plus,1.3,8349.39,1409.0,3,2,3+,18.0,New Property,0,0,0,0,0,1,38,"28.4420° N, 77.0207° E",28.442,77.0207
2428,flat,sector 72,tata primanti,5.0,11363.64,4000.0,4,4,3+,2.0,New Property,1,1,1,0,0,2,174,"28.4225° N, 77.0211° E",28.4225,77.0211
2429,house,sector 109,international city by sobha phase 1,6.0,9633.91,6228.0,5,5,3+,2.0,Relatively New,1,1,1,1,0,1,160,"28.5073° N, 77.0089° E",28.5073,77.0089
2430,flat,sector 74,m3m skywalk,1.6,9512.49,1508.0,2,2,2,26.0,Relatively New,0,0,0,0,0,2,158,"28.4158° N, 77.0118° E",28.4158,77.0118
2431,flat,sector 61,smart world orchard,2.41,14785.28,1630.0,3,3,3,2.0,New Property,0,0,0,0,0,1,61,"28.4050° N, 77.0963° E",28.405,77.0963
2432,flat,sector 83,vatika gurgaon,1.33,5564.85,2193.0,4,4,3,3.0,Relatively New,0,1,0,0,0,1,26,"28.3986° N, 76.9647° E",28.3986,76.9647
2433,flat,sector 82a,vatika inxt floors,1.25,8333.33,1667.0,3,2,3,2.0,Relatively New,1,0,0,1,0,2,94,"28.3858° N, 76.9686° E",28.3858,76.9686
2434,house,sector 57,ansal sushant residency,4.6,17037.04,2700.0,6,6,3,3.0,Old Property,1,1,1,1,0,0,102,"28.4232° N, 77.0752° E",28.4232,77.0752
2435,house,sector 46,independent,2.2,2689.16,909.0,3,3,2,3.0,Old Property,0,0,1,0,0,2,56,"28.4374° N, 77.0586° E",28.4374,77.0586
2436,flat,sector 102,emaar imperial gardens,1.92,9600.0,2222.0,3,3,3,12.0,Relatively New,1,1,1,1,0,1,95,"28.4750° N, 76.9715° E",28.475,76.9715
2437,flat,sector 56,guru gram haryana cghs,1.39,7228.29,1738.0,3,3,3,4.0,Moderately Old,1,0,0,0,0,2,134,"28.4245° N, 77.0991° E",28.4245,77.0991
2438,flat,sector 84,alpha corp gurgaonone,1.15,7496.74,1361.0,2,2,3,8.0,Relatively New,1,0,0,0,0,2,37,"28.3979° N, 76.9736° E",28.3979,76.9736
2439,flat,sector 81,bestech park view ananda,0.87,7952.47,1300.0,2,2,3,8.0,Relatively New,0,0,0,0,0,1,95,"28.3867° N, 76.9485° E",28.3867,76.9485
2440,flat,sector 37d,bptp terra,1.77,8078.5,2025.0,4,3,3,15.0,Relatively New,1,1,0,1,1,1,49,"28.4478° N, 76.9703° E",28.4478,76.9703
2441,flat,sector 65,m3m heights,1.99,15793.65,1140.0,2,2,2,26.0,Under Construction,0,0,0,0,0,1,48,"28.4030° N, 77.0690° E",28.403,77.069
2442,flat,sector 102,conscient heritage max,1.7,11333.33,1700.0,3,4,3+,8.0,Relatively New,0,1,0,1,0,2,174,"28.4750° N, 76.9715° E",28.475,76.9715
2443,flat,sector 50,the close north,2.35,11358.14,1900.0,3,3,3,8.0,Moderately Old,0,0,0,0,0,2,49,"28.4178° N, 77.0628° E",28.4178,77.0628
2444,flat,sector 37c,apex builders,0.42,5600.0,833.0,2,2,2,4.0,Relatively New,0,0,0,0,0,1,42,"28.4515° N, 76.9882° E",28.4515,76.9882
2446,flat,sector 92,gls avenue 51,0.42,6562.5,711.0,3,3,1,2.0,Relatively New,0,0,0,0,0,1,20,"28.4079° N, 76.9153° E",28.4079,76.9153
2447,flat,sector 69,tulip violet,3.25,10105.72,2910.0,4,5,3+,14.0,Relatively New,0,0,0,1,1,1,20,"28.3966° N, 77.0341° E",28.3966,77.0341
2449,flat,sector 56,kendriya vihar,0.55,9016.39,678.0,1,2,1,0.0,Old Property,0,0,0,0,0,1,68,"28.4245° N, 77.0991° E",28.4245,77.0991
2450,flat,sector 33,godrej nature plus,1.75,8767.54,1996.0,3,3,0,2.0,Under Construction,0,0,0,0,0,1,56,"28.4420° N, 77.0207° E",28.442,77.0207
2451,flat,sector 33,godrej nature plus,1.08,13122.72,85.0,2,2,3,8.0,Under Construction,0,0,0,0,0,1,56,"28.4420° N, 77.0207° E",28.442,77.0207
2453,house,sector 26,independent,7.0,39259.67,1783.0,5,5,2,3.0,Relatively New,0,1,0,0,0,1,9,"28.4757° N, 77.1032° E",28.4757,77.1032
2455,flat,sector 90,shree vardhman flora,0.7,5177.51,1224.0,2,2,3,9.0,New Property,1,0,0,0,0,1,97,"28.4085° N, 76.9369° E",28.4085,76.9369
2456,flat,sector 102,emaar imperial gardens,1.7,8395.06,1750.0,3,4,3+,8.0,Relatively New,0,1,0,1,0,2,174,"28.4750° N, 76.9715° E",28.475,76.9715
2457,house,sector 57,ansals florence villa,3.65,10579.71,3450.0,6,6,2,3.0,Moderately Old,1,1,1,1,0,0,152,"28.4232° N, 77.0752° E",28.4232,77.0752
2459,flat,sector 70,shree vardhman victoria,1.9,9743.59,1765.0,3,3,3,10.0,New Property,0,1,1,1,1,1,36,"28.3968° N, 77.0233° E",28.3968,77.0233
2461,flat,sector 65,emaar mgf emerald floors premier,2.85,14430.38,1975.0,4,4,3,2.0,Relatively New,1,1,0,0,0,1,21,"28.4030° N, 77.0690° E",28.403,77.069
2462,flat,sector 74,m3m skywalk,2.45,12140.73,1800.0,3,3,3+,25.0,Relatively New,1,0,0,0,0,1,137,"28.4158° N, 77.0118° E",28.4158,77.0118
2463,flat,sector 72,tata primanti,3.25,10545.1,2986.0,3,3,3,2.0,Moderately Old,0,1,0,0,0,1,94,"28.4225° N, 77.0211° E",28.4225,77.0211
2464,flat,sector 33,central park flower valley aqua front towers,2.96,13870.67,2371.0,4,4,3,1.0,New Property,0,1,0,0,0,2,24,"28.4420° N, 77.0207° E",28.442,77.0207
2465,flat,sector 48,parsvnath green ville,1.5,8787.35,1600.0,3,3,3,1.0,Old Property,0,0,0,0,0,2,128,"28.4177° N, 77.0359° E",28.4177,77.0359
2466,flat,sector 89,smart world gems,1.0,9009.01,1233.0,2,2,3,3.0,New Property,1,0,0,0,1,1,99,"28.4253° N, 76.9439° E",28.4253,76.9439
2467,flat,sector 37c,imperia the esfera,0.86,4886.36,1593.0,3,3,2,0.0,New Property,0,0,0,0,1,1,35,"28.4515° N, 76.9882° E",28.4515,76.9882
2469,flat,sector 83,emaar palm gardens,1.55,9011.63,1400.0,3,3,3,4.0,Relatively New,0,1,0,0,0,2,174,"28.3986° N, 76.9647° E",28.3986,76.9647
2470,flat,sector 92,bestech park view sanskruti,1.55,7568.36,1805.0,3,4,3,16.0,Relatively New,0,1,0,0,0,2,60,"28.4079° N, 76.9153° E",28.4079,76.9153
2471,flat,sector 85,ss the leaf,1.2,9677.42,1491.0,2,2,3+,9.0,Relatively New,0,0,1,0,0,1,148,"28.4042° N, 76.9513° E",28.4042,76.9513
2472,house,sector 11,independent,0.95,7307.69,1300.0,5,3,0,1.0,Moderately Old,0,0,0,0,0,1,0,"28.4531° N, 77.0202° E",28.4531,77.0202
2473,house,sector 4,independent,2.35,16319.44,1440.0,4,4,2,2.0,Old Property,0,0,0,1,0,1,43,"28.4738° N, 77.0107° E",28.4738,77.0107
2474,flat,sector 104,ats triumph,2.62,8317.46,2851.0,4,4,3+,14.0,Relatively New,0,1,0,0,0,1,174,"28.4788° N, 76.9960° E",28.4788,76.996
2475,flat,sector 92,sare homes,0.5,4237.29,1068.0,3,3,2,1.0,Relatively New,0,0,0,0,0,1,26,"28.4079° N, 76.9153° E",28.4079,76.9153
2476,flat,sector 33,godrej nature plus,1.4,9333.33,1448.0,2,2,3,14.0,Under Construction,0,0,0,0,0,1,67,"28.4420° N, 77.0207° E",28.442,77.0207
2477,flat,sector 82,vatika the seven lamps,0.85,6538.46,1176.0,2,2,2,0.0,Relatively New,0,0,0,0,0,2,49,"28.3935° N, 76.9600° E",28.3935,76.96
2479,flat,sector 83,emaar palm gardens,1.73,9105.26,1600.0,3,3,3,5.0,Relatively New,0,1,0,0,0,2,174,"28.3986° N, 76.9647° E",28.3986,76.9647
2480,house,sector 57,independent,8.0,29629.63,2700.0,5,4,3,2.0,Relatively New,1,1,0,1,0,1,21,"28.4232° N, 77.0752° E",28.4232,77.0752
2481,flat,manesar,dlf express greens,1.6,6808.51,2611.0,4,6,3+,4.0,Relatively New,1,1,0,1,0,1,49,"28.3515° N, 76.9428° E",28.3515,76.9428
2482,flat,sector 112,experion windchants,5.2,10726.07,3655.35,4,6,3+,15.0,Relatively New,0,1,0,1,0,2,174,"28.5189° N, 77.0183° E",28.5189,77.0183
2483,flat,sector 83,mapsko paradise,0.75,5597.01,1162.0,3,3,3,10.0,New Property,0,0,0,0,1,2,49,"28.3986° N, 76.9647° E",28.3986,76.9647
2484,flat,sector 76,pyramid pride,0.5,6578.95,844.0,2,2,1,8.0,Under Construction,0,0,0,0,0,1,76,"28.3935° N, 76.9888° E",28.3935,76.9888
2485,flat,sector 72,tata primanti,6.5,15294.12,3846.0,4,4,3+,0.0,Relatively New,1,1,0,1,0,1,67,"28.4225° N, 77.0211° E",28.4225,77.0211
2486,flat,sector 71,chd avenue,0.95,7929.88,1084.0,2,2,2,5.0,Moderately Old,0,0,0,0,0,2,142,"28.4104° N, 77.0281° E",28.4104,77.0281
2487,flat,sector 37d,bptp terra,1.79,8981.44,1808.0,4,3,3,15.0,Relatively New,0,0,0,0,1,2,37,"28.4478° N, 76.9703° E",28.4478,76.9703
2488,flat,sector 61,smart world orchard,2.5,16139.44,1549.0,3,3,1,1.0,Under Construction,0,0,0,0,0,1,61,"28.4050° N, 77.0963° E",28.405,77.0963
2490,flat,sector 108,sobha city,3.95,16858.73,2343.0,3,4,2,15.0,Relatively New,0,1,0,0,0,1,49,"28.5134° N, 76.9830° E",28.5134,76.983
2491,flat,sector 33,jmd gardens,3.25,7509.24,4809.0,4,4,3+,17.0,Old Property,0,1,0,0,0,2,130,"28.4420° N, 77.0207° E",28.442,77.0207
2492,flat,sector 22,ambience creacions,2.79,15000.0,1860.0,3,3,3,13.0,New Property,0,0,0,0,0,0,158,"28.5072° N, 77.0640° E",28.5072,77.064
2494,flat,sector 99a,pareena coban residences,1.38,7150.26,2150.0,4,5,3+,1.0,Relatively New,0,1,0,0,1,1,49,"28.4561° N, 76.9542° E",28.4561,76.9542
2496,flat,sector 69,tulip leaf,2.06,11387.51,1640.0,3,3,3,16.0,Relatively New,0,0,0,0,0,1,49,"28.3966° N, 77.0341° E",28.3966,77.0341
2497,house,sector 66,emaar mgf marbella,9.0,21251.48,5200.0,4,4,3+,2.0,Relatively New,0,1,1,1,0,2,114,"28.3925° N, 77.0541° E",28.3925,77.0541
2498,flat,sector 72,tata primanti,3.9,13425.13,2509.0,4,4,3+,39.0,Relatively New,0,1,0,0,1,1,49,"28.4225° N, 77.0211° E",28.4225,77.0211
2499,flat,sector 85,orris aster court premier,1.38,6509.43,1616.0,3,4,2,6.0,Relatively New,0,1,0,0,0,1,76,"28.4042° N, 76.9513° E",28.4042,76.9513
2500,flat,sector 92,sare homes,1.25,6200.4,2040.0,4,3,0,16.0,Under Construction,0,0,0,0,0,1,49,"28.4079° N, 76.9153° E",28.4079,76.9153
2501,house,sector 46,independent,4.25,23148.15,1836.0,5,4,2,3.0,Moderately Old,0,0,1,0,0,2,57,"28.4374° N, 77.0586° E",28.4374,77.0586
2502,flat,sector 61,pioneer park,2.1,11666.67,1592.0,3,3,3,15.0,Relatively New,0,0,0,0,0,2,49,"28.4050° N, 77.0963° E",28.405,77.0963
2503,flat,sector 67a,pyramid urban,0.53,8967.85,657.0,2,2,1,6.0,Relatively New,0,0,0,0,1,2,49,"28.3960° N, 77.0372° E",28.396,77.0372
2504,flat,sector 43,millenium bajrang society,2.5,9433.96,2398.0,4,4,3+,2.0,Relatively New,0,0,0,0,0,2,94,"28.4629° N, 77.0772° E",28.4629,77.0772
2505,house,sector 82,vatika independent floors,1.4,8235.29,1700.0,3,3,2,3.0,New Property,0,0,0,1,0,1,61,"28.3935° N, 76.9600° E",28.3935,76.96
2506,flat,sector 28,essel tower,2.2,12500.0,1956.0,3,4,3+,3.0,Moderately Old,0,1,0,0,0,0,0,"28.4728° N, 77.0865° E",28.4728,77.0865
2507,flat,sector 85,ss the leaf,1.85,7682.72,2179.0,3,4,3,2.0,Relatively New,1,1,0,0,0,2,49,"28.4042° N, 76.9513° E",28.4042,76.9513
2508,flat,sector 90,shree vardhman flora,0.7,5177.51,1502.0,2,3,2,7.0,Relatively New,1,0,0,0,0,2,49,"28.4085° N, 76.9369° E",28.4085,76.9369
2509,house,sector 23,independent,5.5,21825.4,2520.0,8,8,2,3.0,Moderately Old,1,1,0,1,0,2,76,"28.5121° N, 77.0478° E",28.5121,77.0478
2510,flat,sector 88a,godrej oasis,0.95,7268.55,1452.0,2,2,2,6.0,Relatively New,0,0,0,0,0,1,79,"28.4347° N, 76.9557° E",28.4347,76.9557
2511,house,sector 13,independent,0.45,4807.69,936.0,1,1,0,1.0,Old Property,0,0,0,0,0,1,0,"28.4757° N, 77.0392° E",28.4757,77.0392
2512,flat,sector 50,unitech fresco,1.82,9912.85,1830.0,3,3,3+,14.0,Moderately Old,0,0,0,0,1,2,174,"28.4178° N, 77.0628° E",28.4178,77.0628
2513,flat,sector 84,antriksh heights,0.89,4369.17,1833.0,3,3,3,8.0,Relatively New,0,0,0,1,0,1,67,"28.3979° N, 76.9736° E",28.3979,76.9736
2514,house,sector 45,independent,4.49,24455.34,1836.0,3,9,3+,3.0,Moderately Old,0,0,0,0,1,2,90,"28.4466° N, 77.0660° E",28.4466,77.066
2515,flat,sector 93,spaze privvy the address,1.45,8033.24,1350.0,3,4,2,12.0,Relatively New,0,0,0,0,0,2,96,"28.4153° N, 76.9326° E",28.4153,76.9326
2516,flat,sector 49,awho sispal vihar,2.0,7262.16,2492.0,4,3,3+,4.0,Old Property,0,0,0,0,0,1,65,"28.4121° N, 77.0480° E",28.4121,77.048
2517,flat,sector 69,tulip violet,1.85,9203.98,1819.0,4,4,2,14.0,Relatively New,0,0,0,0,0,2,157,"28.3966° N, 77.0341° E",28.3966,77.0341
2518,flat,sector 102,shapoorji pallonji joyville gurugram,1.42,10380.12,1368.0,2,2,3,14.0,Relatively New,0,0,0,0,0,1,0,"28.4750° N, 76.9715° E",28.475,76.9715
2519,house,sector 49,eros rosewood villas,2.75,19841.27,1386.0,3,3,1,2.0,Old Property,0,0,0,0,1,2,80,"28.4121° N, 77.0480° E",28.4121,77.048
2520,flat,sector 79,godrej aria,1.3,9622.5,1223.0,2,4,2,3.0,Relatively New,0,0,0,0,0,1,53,"28.3624° N, 76.9787° E",28.3624,76.9787
2521,flat,sector 86,dlf the skycourt,1.5,7894.74,1719.0,3,3,1,16.0,Relatively New,0,0,0,0,1,1,49,"28.3986° N, 76.9384° E",28.3986,76.9384
2522,flat,sector 92,ansal heights,0.6,4545.45,1195.0,2,2,3,11.0,Under Construction,0,0,0,0,1,1,23,"28.4079° N, 76.9153° E",28.4079,76.9153
2523,flat,sector 108,sobha city,3.25,15685.33,2072.0,3,3,3,12.0,Relatively New,0,0,0,0,0,1,99,"28.5134° N, 76.9830° E",28.5134,76.983
2524,flat,sector 49,orchid petals,4.52,10984.2,3724.0,5,5,3+,14.0,Moderately Old,1,1,0,1,0,1,49,"28.4121° N, 77.0480° E",28.4121,77.048
2525,flat,sector 81,bestech park view grand spa,2.35,8834.59,2513.0,3,4,3+,6.0,Relatively New,0,1,0,0,0,2,101,"28.3867° N, 76.9485° E",28.3867,76.9485
2526,house,sector 17b,independent,8.5,18813.63,4518.0,4,4,2,2.0,Old Property,1,1,0,1,0,2,21,"28.4806° N, 77.0663° E",28.4806,77.0663
2527,house,sector 14,independent,4.15,18444.44,2250.0,5,4,2,2.0,Old Property,0,0,0,0,0,2,51,"28.4711° N, 77.0454° E",28.4711,77.0454
2528,flat,sector 81,dlf the ultima,2.3,14375.0,1854.0,3,4,3+,18.0,Relatively New,0,1,0,0,0,0,174,"28.3867° N, 76.9485° E",28.3867,76.9485
2529,flat,sector 95,sidhartha ncr one,0.55,5555.56,990.0,2,2,3,15.0,New Property,0,0,0,0,0,1,0,"28.4172° N, 76.9081° E",28.4172,76.9081
2530,flat,sector 102,conscient heritage max,1.75,9062.66,1748.0,3,4,3+,16.0,Relatively New,0,1,0,0,0,1,134,"28.4750° N, 76.9715° E",28.475,76.9715
2531,flat,sector 82,mapsko casa bella,1.38,5443.79,2294.0,4,5,3+,20.0,Relatively New,0,1,0,0,0,1,79,"28.3935° N, 76.9600° E",28.3935,76.96
2532,flat,sector 106,paras dews,1.32,5605.1,1535.0,4,5,3+,11.0,Relatively New,0,1,0,0,0,1,49,"28.5007° N, 77.0003° E",28.5007,77.0003
2534,flat,sector 79,supertech araville,1.0,6535.95,1700.0,2,2,3,4.0,Relatively New,1,0,0,0,0,1,24,"28.3624° N, 76.9787° E",28.3624,76.9787
2535,house,sector 109,international city by sobha phase 1,12.0,20000.0,7000.0,5,6,3,2.0,Relatively New,1,1,0,0,0,2,154,"28.5073° N, 77.0089° E",28.5073,77.0089
2536,house,sector 12,independent,1.2,14184.4,846.0,2,4,2,2.0,Relatively New,0,0,0,1,0,2,7,"28.4723° N, 77.0320° E",28.4723,77.032
2537,flat,sector 90,dlf regal gardens,1.65,7449.21,1900.0,4,4,3+,8.0,Relatively New,0,0,0,0,1,1,79,"28.4085° N, 76.9369° E",28.4085,76.9369
2538,house,sector 48,eldeco mansionz,4.95,20599.25,2403.0,7,7,3+,2.0,Old Property,1,1,1,1,0,2,145,"28.4177° N, 77.0359° E",28.4177,77.0359
2539,house,sector 111,puri diplomatic greens,9.0,11250.0,8000.0,5,5,3+,3.0,Relatively New,0,1,0,0,0,1,112,"28.5238° N, 77.0320° E",28.5238,77.032
2540,flat,sector 103,indiabulls centrum park,1.15,7765.02,1250.0,2,2,3,8.0,Relatively New,1,0,0,0,0,2,135,"28.4949° N, 76.9845° E",28.4949,76.9845
2541,flat,sector 90,dlf regal gardens,2.05,8999.12,2005.0,4,4,3+,5.0,Relatively New,0,0,0,0,0,2,49,"28.4085° N, 76.9369° E",28.4085,76.9369
2542,flat,sector 50,unitech fresco,1.14,8532.93,1330.0,2,2,2,19.0,Moderately Old,0,0,0,0,1,2,174,"28.4178° N, 77.0628° E",28.4178,77.0628
2544,flat,sector 36,signature global park 4,0.82,7585.57,1201.0,3,2,3,2.0,New Property,0,0,0,0,0,1,24,"28.4160° N, 76.9914° E",28.416,76.9914
2545,flat,sector 104,ats triumph,1.95,8515.28,2544.0,3,3,3+,3.0,New Property,0,1,0,0,0,1,69,"28.4788° N, 76.9960° E",28.4788,76.996
2546,flat,sector 90,sare homes,0.85,4786.04,1607.0,4,4,3,3.0,Moderately Old,0,0,0,0,0,1,0,"28.4085° N, 76.9369° E",28.4085,76.9369
2547,house,sector 21,independent,0.6,6172.84,972.0,3,3,2,3.0,Old Property,0,0,0,0,0,1,0,"28.5134° N, 77.0723° E",28.5134,77.0723
2549,flat,sector 66,emaar mgf the enclave,1.9,10555.56,1850.0,3,4,2,8.0,Relatively New,0,1,0,0,0,2,174,"28.3925° N, 77.0541° E",28.3925,77.0541
2550,house,sector 109,international city by sobha phase 2,7.0,11239.56,6228.0,5,5,3+,2.0,Relatively New,0,1,0,0,0,1,129,"28.5073° N, 77.0089° E",28.5073,77.0089
2552,flat,sector 102,shapoorji pallonji joyville gurugram,0.96,10491.8,828.0,2,2,2,10.0,Relatively New,0,0,0,0,0,1,132,"28.4750° N, 76.9715° E",28.475,76.9715
2553,flat,sector 37d,ramprastha the edge towers,0.98,5536.72,1675.0,3,3,3+,5.0,Relatively New,0,0,0,1,0,1,174,"28.4478° N, 76.9703° E",28.4478,76.9703
2554,flat,sector 79,mapsko mount ville,1.4,9395.97,1656.0,3,3,3,2.0,New Property,0,0,0,0,0,2,112,"28.3624° N, 76.9787° E",28.3624,76.9787
2555,flat,sector 83,vatika lifestyle homes,1.25,6838.07,1654.0,3,2,1,6.0,Relatively New,1,1,1,1,0,0,174,"28.3986° N, 76.9647° E",28.3986,76.9647
2556,flat,sector 102,shapoorji pallonji joyville gurugram,2.4,10544.82,1957.0,4,4,3+,15.0,Relatively New,0,0,0,0,0,1,108,"28.4750° N, 76.9715° E",28.475,76.9715
2557,flat,sector 89,ats marigold,1.85,8604.65,1946.0,3,3,3+,12.0,New Property,0,1,0,0,0,1,37,"28.4253° N, 76.9439° E",28.4253,76.9439
2558,house,sector 50,unitech deerwood chase,15.0,33333.33,4500.0,4,4,2,2.0,Moderately Old,0,1,0,0,0,1,160,"28.4178° N, 77.0628° E",28.4178,77.0628
2559,flat,sector 67a,aardhya homesh,1.85,8043.48,2556.0,4,4,0,4.0,New Property,0,0,0,0,0,1,0,"28.3960° N, 77.0372° E",28.396,77.0372
2560,flat,sector 92,sare homes,0.82,5384.11,1221.18,3,3,3+,12.0,Relatively New,0,0,0,0,0,1,114,"28.4079° N, 76.9153° E",28.4079,76.9153
2561,house,sector 43,the laburnum,11.0,27160.49,4050.0,5,6,3+,3.0,New Property,0,1,0,1,0,2,160,"28.4629° N, 77.0772° E",28.4629,77.0772
2562,house,sector 109,international city by sobha phase 2,6.44,26502.06,2430.0,4,5,3+,3.0,New Property,1,1,1,1,0,1,138,"28.5073° N, 77.0089° E",28.5073,77.0089
2563,flat,sector 79,supertech araville,0.9,5882.35,1450.0,2,2,3,5.0,Relatively New,1,0,0,0,0,1,53,"28.3624° N, 76.9787° E",28.3624,76.9787
2564,flat,sector 85,ss the leaf,1.05,6402.44,1484.0,2,2,3,11.0,Relatively New,0,0,0,0,0,1,44,"28.4042° N, 76.9513° E",28.4042,76.9513
2565,house,sector 9,independent,0.22,7407.41,37.0,2,2,2,1.0,Old Property,0,0,0,0,0,1,0,"28.4603° N, 77.0000° E",28.4603,77.0
2566,flat,sector 37d,signature global the millennia 3,0.5,7142.86,778.0,3,3,2,2.0,Under Construction,0,0,0,0,0,1,31,"28.4478° N, 76.9703° E",28.4478,76.9703
2567,house,sector 40,independent,2.1,23333.33,900.0,3,3,2,3.0,Moderately Old,0,0,0,0,1,2,35,"28.4498° N, 77.0567° E",28.4498,77.0567
2568,house,sector 5,independent,3.75,11029.41,3400.0,5,5,3+,3.0,Old Property,0,0,0,0,0,1,0,"28.4794° N, 77.0176° E",28.4794,77.0176
2569,flat,sector 84,antriksh heights,0.85,4927.54,1561.0,3,3,3+,10.0,Relatively New,1,0,0,0,0,1,52,"28.3979° N, 76.9736° E",28.3979,76.9736
2570,flat,sector 108,experion the heartsong,0.87,11852.86,978.23,2,3,3,2.0,Relatively New,0,1,0,0,0,2,123,"28.5134° N, 76.9830° E",28.5134,76.983
2573,flat,sector 92,sare crescent parc,0.95,5013.19,1895.0,4,5,3+,13.0,Relatively New,0,0,0,0,0,1,0,"28.4079° N, 76.9153° E",28.4079,76.9153
2574,flat,sector 108,raheja vedaanta,0.85,4637.21,1500.0,3,3,2,2.0,Relatively New,0,1,0,0,0,1,65,"28.5134° N, 76.9830° E",28.5134,76.983
2575,flat,sector 69,tulip violet,1.37,8907.67,1392.0,3,3,1,12.0,Relatively New,0,0,0,0,0,1,116,"28.3966° N, 77.0341° E",28.3966,77.0341
2576,flat,sector 37d,bptp terra,1.45,8006.63,1639.0,3,3,3,9.0,Relatively New,0,0,0,0,0,1,107,"28.4478° N, 76.9703° E",28.4478,76.9703
2577,house,sector 43,independent,14.0,39886.04,3510.0,9,9,3+,4.0,Moderately Old,0,1,0,0,0,1,7,"28.4629° N, 77.0772° E",28.4629,77.0772
2578,flat,sector 95,ramsons kshitij,0.32,4500.7,563.0,2,2,1,8.0,Relatively New,0,0,0,0,1,0,28,"28.4172° N, 76.9081° E",28.4172,76.9081
2579,flat,sector 50,the close north,2.7,9981.52,2357.0,3,3,3+,3.0,Moderately Old,0,1,0,0,0,1,117,"28.4178° N, 77.0628° E",28.4178,77.0628
2580,flat,sector 52,friends apartment,2.0,8510.64,2091.0,4,3,3,5.0,Moderately Old,0,1,0,0,0,0,111,"28.4379° N, 77.0785° E",28.4379,77.0785
2581,flat,sector 79,mapsko mount ville,1.1,12731.48,1154.0,3,3,3,22.0,Relatively New,1,0,0,1,0,1,135,"28.3624° N, 76.9787° E",28.3624,76.9787
2582,flat,sector 102,conscient heritage max,2.22,13875.0,2000.0,3,4,3+,15.0,Relatively New,1,1,0,0,0,1,82,"28.4750° N, 76.9715° E",28.475,76.9715
2584,flat,sector 37c,apex our homes,0.33,3567.57,850.0,2,2,1,3.0,Relatively New,0,0,0,0,0,2,158,"28.4515° N, 76.9882° E",28.4515,76.9882
2585,flat,sector 2,ansals duplex flat,0.95,7307.69,1444.0,2,3,2,1.0,Old Property,1,0,0,0,0,2,20,"28.5095° N, 77.0320° E",28.5095,77.032
2586,flat,sector 14,vasant appartments,1.7,7391.3,2556.0,5,5,2,2.0,Old Property,1,0,1,1,0,0,71,"28.4711° N, 77.0454° E",28.4711,77.0454
2588,house,sector 48,vipul tatvam villa,5.75,22183.64,2592.0,4,4,2,2.0,Moderately Old,0,1,0,0,0,1,30,"28.4177° N, 77.0359° E",28.4177,77.0359
2589,flat,sector 28,dlf regency park,1.24,12400.0,1050.0,2,2,3+,19.0,Moderately Old,0,0,0,1,0,2,157,"28.4728° N, 77.0865° E",28.4728,77.0865
2590,flat,sector 49,bestech park view city,2.9,12169.53,2157.0,4,4,3+,5.0,Moderately Old,0,1,0,0,0,1,117,"28.4121° N, 77.0480° E",28.4121,77.048
2591,flat,sector 83,vatika city homes,1.08,6206.9,1537.0,3,3,3,6.0,Relatively New,0,0,1,0,0,1,111,"28.3986° N, 76.9647° E",28.3986,76.9647
2592,flat,sector 95,rof ananda,0.2,5464.48,407.0,1,1,1,10.0,Relatively New,0,0,0,0,0,1,82,"28.4172° N, 76.9081° E",28.4172,76.9081
2594,flat,sector 85,ss the leaf,1.77,7350.5,1450.0,3,4,3,6.0,Moderately Old,0,1,0,0,0,2,135,"28.4042° N, 76.9513° E",28.4042,76.9513
2595,flat,sector 102,emaar gurgaon greens,1.35,8181.82,1315.0,3,3,3,9.0,Relatively New,0,1,0,0,0,1,100,"28.4750° N, 76.9715° E",28.475,76.9715
2596,flat,sector 71,signature andour heights,0.37,7400.0,425.0,1,1,2,2.0,Relatively New,0,0,0,0,0,2,37,"28.4104° N, 77.0281° E",28.4104,77.0281
2598,house,sector 109,international city by sobha phase 1,6.0,9633.91,6228.0,4,5,3,2.0,Moderately Old,0,0,0,0,0,1,76,"28.5073° N, 77.0089° E",28.5073,77.0089
2599,flat,sector 90,dlf regal gardens,1.76,7945.82,2020.0,4,4,3+,8.0,Relatively New,0,0,0,0,0,2,135,"28.4085° N, 76.9369° E",28.4085,76.9369
2600,flat,sector 49,orchid petals,4.21,11835.82,3219.0,5,6,3+,14.0,Relatively New,0,1,0,1,0,1,35,"28.4121° N, 77.0480° E",28.4121,77.048
2601,flat,sector 104,godrej summit,1.05,5833.33,2000.0,3,4,3+,7.0,Relatively New,0,1,0,0,0,2,96,"28.4788° N, 76.9960° E",28.4788,76.996
2602,flat,sector 31,cghs hewo apartments,1.25,11574.07,1200.0,2,2,2,2.0,Old Property,0,0,0,0,0,1,28,"28.4528° N, 77.0498° E",28.4528,77.0498
2603,flat,sector 59,mahindra luminare,5.8,19173.55,3361.0,3,4,3,16.0,New Property,0,1,0,0,0,2,49,"28.4051° N, 77.1097° E",28.4051,77.1097
2604,house,sector 72,tata primanti,8.6,12285.71,7000.0,4,5,3+,3.0,Relatively New,0,0,0,0,0,2,30,"28.4225° N, 77.0211° E",28.4225,77.0211
2605,flat,sector 104,zara aavaas,0.22,7308.97,335.0,1,2,2,2.0,New Property,0,0,0,0,0,1,60,"28.4788° N, 76.9960° E",28.4788,76.996
2606,flat,sector 103,indiabulls centrum park,1.15,8679.25,1080.0,2,2,3,10.0,Relatively New,1,0,0,0,0,2,174,"28.4949° N, 76.9845° E",28.4949,76.9845
2608,house,sector 76,ninex city,1.75,6250.0,3111.0,4,4,0,14.0,New Property,0,0,0,0,0,1,0,"28.3935° N, 76.9888° E",28.3935,76.9888
2609,flat,sector 72,tata primanti,5.0,11111.11,4500.0,4,4,3+,2.0,Moderately Old,1,1,0,1,1,2,174,"28.4225° N, 77.0211° E",28.4225,77.0211
2610,house,sector 105,independent,0.35,7777.78,556.0,2,2,1,2.0,Moderately Old,0,0,0,0,0,1,0,"28.4952° N, 77.0114° E",28.4952,77.0114
2611,flat,sector 103,indiabulls centrum park,1.33,8580.65,1671.0,3,3,3+,8.0,Relatively New,1,0,0,0,0,1,150,"28.4949° N, 76.9845° E",28.4949,76.9845
2613,flat,sector 102,shapoorji pallonji joyville gurugram,1.3,17687.07,1009.0,2,2,3,0.0,Relatively New,0,0,1,0,0,1,125,"28.4750° N, 76.9715° E",28.475,76.9715
2614,flat,sector 90,shree vardhman flora,0.86,6254.55,1525.0,3,4,3,0.0,Relatively New,0,1,0,0,0,2,84,"28.4085° N, 76.9369° E",28.4085,76.9369
2615,flat,sector 61,smart world orchard,1.58,13739.13,1278.0,2,2,2,3.0,New Property,1,0,0,0,0,1,15,"28.4050° N, 77.0963° E",28.405,77.0963
2616,flat,sector 63a,birla navya,3.5,25925.93,1350.0,3,3,3,1.0,Under Construction,0,0,0,0,0,1,38,"28.3923° N, 77.0888° E",28.3923,77.0888
2617,flat,sector 79,supertech araville,0.78,6023.17,1172.0,2,2,3+,17.0,Relatively New,0,0,0,0,0,1,24,"28.3624° N, 76.9787° E",28.3624,76.9787
2618,flat,sector 111,puri diplomatic greens,2.58,11727.27,2200.0,3,4,2,10.0,Moderately Old,0,1,0,0,0,1,86,"28.5238° N, 77.0320° E",28.5238,77.032
2620,flat,sector 37c,corona optus,1.26,7249.71,1400.0,3,3,3,4.0,New Property,0,0,0,0,0,1,28,"28.4515° N, 76.9882° E",28.4515,76.9882
2621,flat,sector 110,indiabulls enigma,3.7,10882.35,3077.0,4,5,3,7.0,Relatively New,0,1,0,0,0,1,156,"28.5145° N, 77.0197° E",28.5145,77.0197
2622,house,sector 8,independent,0.82,10224.44,891.0,2,4,0,2.0,Moderately Old,0,0,0,0,0,1,0,"28.3738° N, 76.8970° E",28.3738,76.897
2623,house,sector 28,housing board colony,3.5,25925.93,1350.0,2,6,3,3.0,Relatively New,0,0,0,0,0,1,0,"28.4728° N, 77.0865° E",28.4728,77.0865
2624,house,sector 4,independent,0.55,4074.07,1350.0,3,3,2,2.0,Relatively New,0,0,0,0,1,1,7,"28.4738° N, 77.0107° E",28.4738,77.0107
2625,house,sector 31,huda housing board colony,4.6,31506.85,1460.0,2,4,3+,3.0,Old Property,0,0,0,0,1,1,8,"28.4528° N, 77.0498° E",28.4528,77.0498
2628,house,sector 25,independent,9.0,33333.33,2700.0,5,5,3,3.0,Old Property,1,1,1,1,0,1,56,"28.4844° N, 77.0860° E",28.4844,77.086
2629,flat,sector 70,shree vardhman victoria,1.62,13953.49,1527.0,3,3,3,9.0,Relatively New,0,1,0,0,0,1,96,"28.3968° N, 77.0233° E",28.3968,77.0233
2630,flat,sector 86,pyramid urban homes 2,0.6,8000.0,833.0,3,2,2,2.0,New Property,0,0,0,0,0,1,13,"28.3986° N, 76.9384° E",28.3986,76.9384
2631,flat,sector 63a,signature global city 63a,1.4,11336.03,1372.0,2,2,2,3.0,Under Construction,0,0,0,0,1,1,0,"28.3923° N, 77.0888° E",28.3923,77.0888
2632,flat,sector 62,emaar digihomes,2.15,14257.29,1676.0,2,2,3,31.0,Under Construction,0,0,0,0,0,1,101,"28.4139° N, 77.0886° E",28.4139,77.0886
2633,flat,sector 56,guru gram haryana cghs,1.39,8424.24,1750.0,3,2,3,6.0,Old Property,0,1,0,1,0,2,89,"28.4245° N, 77.0991° E",28.4245,77.0991
2634,flat,sector 113,tata gurgaon gateway,2.45,10788.2,2014.0,3,3,3,8.0,Relatively New,0,0,0,0,0,1,110,"28.5287° N, 77.0233° E",28.5287,77.0233
2635,flat,sector 37d,bptp terra,1.6,7302.6,2000.0,4,3,3+,7.0,Relatively New,0,0,0,0,1,2,139,"28.4478° N, 76.9703° E",28.4478,76.9703
2636,house,sector 3,independent,0.92,15257.05,603.0,4,1,0,1.0,Moderately Old,0,0,0,0,0,1,0,"28.4909° N, 77.0176° E",28.4909,77.0176
2637,house,sector 9,independent,0.5,6082.73,822.0,3,2,1,1.0,Old Property,0,0,0,0,0,1,0,"28.4603° N, 77.0000° E",28.4603,77.0
2638,flat,sector 14,essel towers,2.75,12500.0,2200.0,4,5,3+,8.0,Old Property,1,1,0,0,0,0,128,"28.4711° N, 77.0454° E",28.4711,77.0454
2639,flat,sector 113,la vida by tata housing,1.55,11654.14,1276.0,2,2,3,2.0,New Property,0,0,0,0,0,1,174,"28.5287° N, 77.0233° E",28.5287,77.0233
2640,house,sector 14,independent,3.5,18087.86,1935.0,6,4,2,2.0,Old Property,0,0,0,0,1,2,27,"28.4711° N, 77.0454° E",28.4711,77.0454
2641,flat,sector 104,ats triumph,2.5,7936.51,2851.0,4,4,3+,14.0,New Property,0,1,0,0,0,1,21,"28.4788° N, 76.9960° E",28.4788,76.996
2642,flat,sector 76,corona gracieux,1.08,5510.2,1774.0,3,3,3,1.0,New Property,0,1,0,0,0,1,58,"28.3935° N, 76.9888° E",28.3935,76.9888
2643,house,sector 48,vipul tatvam villa,8.2,25308.64,3240.0,3,3,2,2.0,Moderately Old,1,1,0,1,0,0,160,"28.4177° N, 77.0359° E",28.4177,77.0359
2644,flat,sector 79,bestech altura,1.72,8398.44,2050.0,3,4,3,9.0,New Property,0,0,0,0,0,1,49,"28.3624° N, 76.9787° E",28.3624,76.9787
2645,house,sector 109,international city by sobha phase 2,10.0,27777.78,3600.0,4,5,3+,2.0,New Property,1,1,0,1,1,2,49,"28.5073° N, 77.0089° E",28.5073,77.0089
2646,flat,sector 102,conscient heritage max,3.0,10489.51,3178.0,4,4,3+,7.0,Relatively New,0,0,0,0,1,2,65,"28.4750° N, 76.9715° E",28.475,76.9715
2647,flat,sector 108,experion the heartsong,0.9,7014.81,1161.0,2,3,3,7.0,Relatively New,0,1,0,0,1,1,72,"28.5134° N, 76.9830° E",28.5134,76.983
2648,flat,sector 90,shree vardhman flora,1.25,4854.37,2861.0,4,4,3,10.0,Relatively New,1,0,0,1,0,1,174,"28.4085° N, 76.9369° E",28.4085,76.9369
2649,house,sector 23,independent,5.65,17706.05,5000.0,7,7,3+,2.0,Moderately Old,0,1,0,1,0,1,68,"28.5121° N, 77.0478° E",28.5121,77.0478
2650,flat,sector 60,ireo skyon,2.85,13936.43,2045.0,3,4,3+,5.0,Relatively New,0,1,0,0,0,2,174,"28.4003° N, 77.0975° E",28.4003,77.0975
2651,house,sector 15,independent,1.07,11888.89,900.0,2,2,1,1.0,Old Property,0,1,0,0,0,1,7,"28.4621° N, 77.0464° E",28.4621,77.0464
2652,flat,sector 37c,ild grand,0.66,5038.17,1310.0,2,2,3+,14.0,Relatively New,0,0,0,0,0,1,60,"28.4515° N, 76.9882° E",28.4515,76.9882
2653,flat,sector 71,chd avenue,0.98,6049.38,1466.0,3,3,3,0.0,Moderately Old,1,0,0,0,0,1,65,"28.4104° N, 77.0281° E",28.4104,77.0281
2654,flat,sector 77,emaar mgf palm hills,1.25,8620.69,1310.0,3,4,3,3.0,Relatively New,1,1,0,0,0,1,49,"28.3801° N, 76.9845° E",28.3801,76.9845
2655,house,sector 48,vipul tatvam villa,19.5,22222.22,8775.0,5,6,3,2.0,Moderately Old,1,1,1,1,0,2,110,"28.4177° N, 77.0359° E",28.4177,77.0359
2657,house,sector 6,independent,0.5,8333.33,600.0,3,3,2,2.0,Moderately Old,0,0,0,1,0,1,0,"28.4745° N, 77.0262° E",28.4745,77.0262
2658,flat,sector 113,la vida by tata housing,3.35,12444.28,2991.0,4,4,3+,11.0,Relatively New,1,1,0,0,0,1,174,"28.5287° N, 77.0233° E",28.5287,77.0233
2659,flat,sector 90,dlf regal gardens,1.25,5929.79,1557.0,3,3,3,18.0,Relatively New,0,0,0,0,1,1,72,"28.4085° N, 76.9369° E",28.4085,76.9369
2660,flat,sector 67a,pyramid urban,0.62,11854.68,581.0,2,2,2,2.0,Relatively New,0,0,0,0,0,1,64,"28.3960° N, 77.0372° E",28.396,77.0372
2661,flat,sector 83,vatika boulevard residences and heights,1.42,8000.0,1972.0,3,3,2,2.0,Relatively New,0,0,0,0,0,2,113,"28.3986° N, 76.9647° E",28.3986,76.9647
2662,house,sector 49,uppal southend,4.4,15277.78,2880.0,6,6,3,3.0,Moderately Old,1,1,1,1,0,0,110,"28.4121° N, 77.0480° E",28.4121,77.048
2663,flat,sector 67,ireo victory valley,4.55,14536.74,2833.0,4,4,3+,19.0,Relatively New,0,1,0,0,0,2,156,"28.3859° N, 77.0608° E",28.3859,77.0608
2664,flat,sector 22,ambience creacions,2.0,14492.75,1533.0,2,2,2,9.0,Relatively New,0,0,0,0,0,1,49,"28.5072° N, 77.0640° E",28.5072,77.064
2665,flat,sector 72,tata primanti,3.2,12190.48,2600.0,4,4,3+,8.0,Moderately Old,0,1,0,0,0,2,168,"28.4225° N, 77.0211° E",28.4225,77.0211
2666,flat,sector 108,experion the heartsong,0.9,7014.81,978.23,2,3,3,2.0,Relatively New,0,1,0,0,0,1,94,"28.5134° N, 76.9830° E",28.5134,76.983
2667,flat,sector 113,m3m capital,2.51,14799.53,1696.0,3,3,3+,2.0,Under Construction,1,0,0,0,0,1,49,"28.5287° N, 77.0233° E",28.5287,77.0233
2668,flat,sector 107,m3m woodshire,1.3,8922.44,1554.0,3,3,3+,4.0,Relatively New,0,0,0,1,0,2,174,"28.5052° N, 76.9729° E",28.5052,76.9729
2669,flat,sector 105,uphaar homes,0.45,4736.84,1056.0,3,2,1,1.0,Relatively New,0,0,0,0,0,2,44,"28.4952° N, 77.0114° E",28.4952,77.0114
2670,house,sector 57,independent,4.7,21759.26,2160.0,3,3,2,2.0,Old Property,0,1,0,0,1,1,43,"28.4232° N, 77.0752° E",28.4232,77.0752
2671,flat,sector 113,smart world one dxp,3.45,13269.23,2353.0,4,4,3,11.0,Under Construction,1,1,0,0,0,1,156,"28.5287° N, 77.0233° E",28.5287,77.0233
2672,house,sector 50,independent,12.5,40610.79,3078.0,6,5,3,4.0,Moderately Old,1,1,0,1,0,2,23,"28.4178° N, 77.0628° E",28.4178,77.0628
2673,flat,sector 61,smart world orchard,2.3,14110.43,1475.0,3,3,2,2.0,Under Construction,1,0,0,0,0,1,79,"28.4050° N, 77.0963° E",28.405,77.0963
2674,flat,sector 104,ats triumph,1.85,8078.6,2072.0,3,4,3+,14.0,Relatively New,1,1,1,1,0,1,117,"28.4788° N, 76.9960° E",28.4788,76.996
2675,house,sector 43,independent,3.35,26972.62,1242.0,1,1,0,1.0,Old Property,0,0,0,0,0,1,9,"28.4629° N, 77.0772° E",28.4629,77.0772
2676,flat,sector 33,unitech the residences,1.35,8737.86,1398.0,3,4,2,8.0,Moderately Old,0,1,0,0,0,1,49,"28.4420° N, 77.0207° E",28.442,77.0207
2677,flat,sector 106,paras dews,1.5,6369.43,1535.0,4,6,3+,11.0,Relatively New,0,1,0,0,0,1,174,"28.5007° N, 77.0003° E",28.5007,77.0003
2678,flat,sector 103,signature global grand iva,0.5,6250.0,698.0,2,2,2,10.0,Relatively New,0,0,0,0,0,1,8,"28.4949° N, 76.9845° E",28.4949,76.9845
2681,house,sector 43,sushant lok 1 builder floors,6.25,30727.63,2034.0,7,7,3+,3.0,Moderately Old,1,1,1,0,0,1,46,"28.4629° N, 77.0772° E",28.4629,77.0772
2682,house,sector 66,emaar mgf marbella,12.0,37037.04,3240.0,5,5,3+,3.0,New Property,0,1,1,1,0,2,106,"28.3925° N, 77.0541° E",28.3925,77.0541
2683,flat,sector 103,signature global grand iva,0.5,6666.67,750.0,2,2,0,10.0,Relatively New,0,0,0,0,0,1,0,"28.4949° N, 76.9845° E",28.4949,76.9845
2686,flat,sector 104,godrej summit,0.75,5910.17,1148.0,2,2,3,6.0,Relatively New,0,0,0,0,1,1,79,"28.4788° N, 76.9960° E",28.4788,76.996
2687,flat,sector 108,raheja vedaanta,0.8,4079.55,1663.0,3,3,3,9.0,Relatively New,0,0,0,1,0,1,174,"28.5134° N, 76.9830° E",28.5134,76.983
2688,flat,sector 63,dlf the arbour,7.9,20000.0,3950.0,4,4,3+,34.0,Under Construction,0,0,0,0,0,1,61,"28.3971° N, 77.0867° E",28.3971,77.0867
2689,flat,sector 61,smart world orchard,2.1,13752.46,1534.0,3,2,3,3.0,Under Construction,0,0,0,0,0,1,146,"28.4050° N, 77.0963° E",28.405,77.0963
2690,flat,sector 90,green court,0.5,8333.33,650.0,2,2,1,8.0,New Property,0,0,0,0,0,1,42,"28.4085° N, 76.9369° E",28.4085,76.9369
2691,flat,sector 92,gls avenue 51,0.45,6000.0,833.0,3,3,1,10.0,Relatively New,0,0,0,0,0,1,0,"28.4079° N, 76.9153° E",28.4079,76.9153
2692,flat,sector 85,ss the leaf,1.18,10094.1,1420.0,2,3,3,12.0,Relatively New,0,0,0,1,0,2,150,"28.4042° N, 76.9513° E",28.4042,76.9513
2694,flat,sector 65,m3m skycity,2.1,16030.53,1186.0,2,2,2,43.0,New Property,0,0,0,0,0,1,127,"28.4030° N, 77.0690° E",28.403,77.069
2695,flat,sector 107,signature global solera,0.28,5725.97,543.0,2,2,2,10.0,Relatively New,0,0,0,0,0,1,38,"28.5052° N, 76.9729° E",28.5052,76.9729
2696,flat,sector 102,shapoorji pallonji joyville gurugram,2.0,10799.14,1676.0,3,3,3,9.0,Relatively New,0,0,0,0,0,1,49,"28.4750° N, 76.9715° E",28.475,76.9715
2697,flat,sector 99a,pareena coban residences,1.1,7096.77,1368.0,2,2,3,9.0,New Property,1,0,0,0,0,1,88,"28.4561° N, 76.9542° E",28.4561,76.9542
2698,flat,sector 76,whiteland the aspen,3.35,17613.04,2111.0,3,4,3+,5.0,Under Construction,0,1,0,0,0,0,151,"28.3935° N, 76.9888° E",28.3935,76.9888
2699,flat,manesar,deepak minda,1.25,4715.2,2946.0,4,4,3+,6.0,Moderately Old,0,0,0,0,0,2,44,"28.3515° N, 76.9428° E",28.3515,76.9428
2700,flat,sector 82,vatika the seven lamps,0.85,5977.5,1294.0,2,2,2,9.0,Relatively New,1,0,0,0,0,1,117,"28.3935° N, 76.9600° E",28.3935,76.96
2701,flat,sector 106,godrej meridien,3.2,16000.0,2224.0,3,3,3+,6.0,Under Construction,0,1,0,0,0,1,49,"28.5007° N, 77.0003° E",28.5007,77.0003
2702,flat,sector 88a,godrej icon,1.62,10018.55,1463.0,3,2,3+,10.0,Relatively New,1,0,0,0,0,0,49,"28.4347° N, 76.9557° E",28.4347,76.9557
2703,flat,sector 95,ramsons kshitij,0.4,5839.42,761.0,3,2,2,6.0,New Property,0,0,0,0,0,1,0,"28.4172° N, 76.9081° E",28.4172,76.9081
2704,flat,sector 83,emaar palm gardens,1.76,9263.16,1600.0,3,3,3,5.0,Relatively New,0,1,0,0,0,2,174,"28.3986° N, 76.9647° E",28.3986,76.9647
2705,flat,sector 43,dlf exclusive floors,2.35,14242.42,1527.0,3,3,2,1.0,Old Property,0,0,1,0,0,2,102,"28.4629° N, 77.0772° E",28.4629,77.0772
2706,flat,sector 61,smart world orchard,2.0,12911.56,1721.0,3,3,2,3.0,New Property,0,0,0,0,1,1,61,"28.4050° N, 77.0963° E",28.405,77.0963
2707,flat,sector 90,dlf new town heights,1.21,6243.55,1929.0,3,3,3+,7.0,Relatively New,0,1,0,1,0,1,127,"28.4085° N, 76.9369° E",28.4085,76.9369
2708,flat,sector 85,ss the leaf,2.13,7574.68,2600.0,4,4,3,6.0,Relatively New,0,0,0,0,0,1,49,"28.4042° N, 76.9513° E",28.4042,76.9513
2710,house,sector 43,independent,5.25,27131.78,1935.0,4,4,2,2.0,Old Property,1,1,0,0,0,2,80,"28.4629° N, 77.0772° E",28.4629,77.0772
2711,flat,sector 79,mapsko mount ville,1.2,8053.69,1348.0,3,3,3,24.0,Relatively New,0,0,0,0,0,2,8,"28.3624° N, 76.9787° E",28.3624,76.9787
2712,flat,sector 86,pyramid urban homes 2,0.5,8319.47,668.0,2,2,1,2.0,Relatively New,0,0,0,0,0,1,35,"28.3986° N, 76.9384° E",28.3986,76.9384
2713,flat,sector 33,eldeco accolade,1.2,8042.9,1492.0,2,2,2,0.0,Under Construction,0,0,0,0,0,1,56,"28.4420° N, 77.0207° E",28.442,77.0207
2714,flat,sector 85,ss the leaf,1.11,6851.85,1630.0,2,2,3,8.0,Relatively New,0,0,1,0,0,1,174,"28.4042° N, 76.9513° E",28.4042,76.9513
2715,house,sector 13,independent,0.62,3587.96,192.0,6,6,0,3.0,Old Property,0,0,0,0,0,1,0,"28.4757° N, 77.0392° E",28.4757,77.0392
2716,house,sector 2,independent,0.4,7619.05,583.0,2,2,1,1.0,Relatively New,0,0,0,0,0,1,0,"28.5095° N, 77.0320° E",28.5095,77.032
2718,house,sector 12,jacob pura,0.35,9722.22,360.0,2,1,0,2.0,Old Property,0,0,0,0,0,1,0,"28.4723° N, 77.0320° E",28.4723,77.032
2719,flat,sector 69,tulip violet,1.4,8838.38,1428.0,3,3,2,1.0,Relatively New,0,0,0,0,0,1,95,"28.3966° N, 77.0341° E",28.3966,77.0341
2720,flat,sector 106,paras dews,1.14,6000.0,1305.0,3,4,3,8.0,Relatively New,1,1,0,0,0,1,49,"28.5007° N, 77.0003° E",28.5007,77.0003
2721,flat,sector 92,sare petioles,1.25,6097.56,2278.0,3,3,3,18.0,Under Construction,0,1,0,0,0,1,44,"28.4079° N, 76.9153° E",28.4079,76.9153
2722,flat,sector 89,smart world gems,0.88,7978.24,1103.0,2,2,0,2.0,New Property,0,0,0,0,0,1,45,"28.4253° N, 76.9439° E",28.4253,76.9439
2723,flat,sector 102,shapoorji pallonji joyville gurugram,2.12,16960.0,1852.0,3,3,3,9.0,Relatively New,0,0,0,0,0,1,72,"28.4750° N, 76.9715° E",28.475,76.9715
2724,flat,sector 81,bestech park view ananda,1.35,7541.9,1989.0,3,3,3+,8.0,Old Property,0,0,0,0,0,1,114,"28.3867° N, 76.9485° E",28.3867,76.9485
2725,flat,sector 62,emaar digihomes,3.95,15262.75,2876.0,3,3,3,33.0,New Property,0,1,0,0,0,2,49,"28.4139° N, 77.0886° E",28.4139,77.0886
2726,house,sector 4,independent,0.6,11695.91,57.0,3,3,1,2.0,Old Property,0,0,0,0,1,1,0,"28.4738° N, 77.0107° E",28.4738,77.0107
2727,flat,sector 82a,dlf the primus,1.8,13846.15,1545.0,3,3,3+,10.0,Relatively New,0,1,0,0,0,0,174,"28.3858° N, 76.9686° E",28.3858,76.9686
2728,house,sector 33,unitech uniworld resorts,11.0,26666.67,4125.0,5,6,3,3.0,New Property,1,1,0,0,0,1,58,"28.4420° N, 77.0207° E",28.442,77.0207
2729,flat,sector 91,dlf new town heights,2.0,6966.21,2468.0,4,4,3+,16.0,Moderately Old,1,1,0,1,0,1,65,"28.4014° N, 76.9225° E",28.4014,76.9225
2730,flat,sector 102,conscient heritage max,2.5,11633.32,1945.0,3,4,3+,25.0,New Property,1,1,0,0,0,2,56,"28.4750° N, 76.9715° E",28.475,76.9715
2731,flat,sector 76,corona gracieux,0.75,5660.38,1199.0,2,2,3,13.0,Relatively New,0,0,0,0,0,2,0,"28.3935° N, 76.9888° E",28.3935,76.9888
2732,flat,sector 65,m3m skycity,3.5,17039.92,2282.0,3,3,3,15.0,New Property,1,1,0,1,0,2,166,"28.4030° N, 77.0690° E",28.403,77.069
2733,flat,sector 102,emaar gurgaon greens,1.3,7878.79,1315.0,3,3,3,4.0,Relatively New,0,1,0,0,0,2,125,"28.4750° N, 76.9715° E",28.475,76.9715
2735,flat,sector 109,ats kocoon,1.68,9627.51,1579.0,3,3,3,8.0,Relatively New,0,0,0,0,0,1,142,"28.5073° N, 77.0089° E",28.5073,77.0089
2736,flat,sector 108,sobha city,2.4,17378.71,1250.0,2,2,2,14.0,New Property,0,0,0,0,0,2,113,"28.5134° N, 76.9830° E",28.5134,76.983
2737,flat,sector 104,puri emerald bay,1.59,10905.35,1403.0,2,2,2,12.0,Relatively New,0,0,0,0,0,1,121,"28.4788° N, 76.9960° E",28.4788,76.996
2738,flat,sector 50,the close north,2.51,11992.36,2093.0,3,3,3,11.0,Moderately Old,0,0,1,1,0,2,109,"28.4178° N, 77.0628° E",28.4178,77.0628
2739,flat,sector 36,signature global park 4,0.72,6660.5,978.0,3,2,3,3.0,Under Construction,0,0,0,0,0,1,0,"28.4160° N, 76.9914° E",28.416,76.9914
2740,flat,sector 105,uphar lakshya homes,0.42,4200.0,1111.0,3,2,1,1.0,Relatively New,0,0,0,0,0,1,7,"28.4952° N, 77.0114° E",28.4952,77.0114
2741,flat,sector 78,umang monsoon breeze,0.9,4615.38,1900.0,3,3,2,1.0,Moderately Old,0,1,0,1,0,1,65,"28.3733° N, 76.9729° E",28.3733,76.9729
2742,flat,sector 79,supertech araville,1.35,6940.87,2161.0,3,3,3,4.0,Relatively New,0,0,0,0,0,1,0,"28.3624° N, 76.9787° E",28.3624,76.9787
2743,flat,sector 85,ss the leaf,1.04,8320.0,1550.0,2,2,3,17.0,New Property,0,0,0,0,1,1,145,"28.4042° N, 76.9513° E",28.4042,76.9513
2744,flat,sector 71,signature andour heights,0.59,8428.57,639.0,2,2,1,6.0,Moderately Old,0,0,0,0,0,1,67,"28.4104° N, 77.0281° E",28.4104,77.0281
2745,flat,sector 37c,imperia the esfera,0.7,4878.05,1299.0,2,3,3+,12.0,Under Construction,1,0,0,0,1,1,58,"28.4515° N, 76.9882° E",28.4515,76.9882
2746,flat,sector 86,dlf the skycourt,1.35,6998.44,1746.0,3,3,1,9.0,Relatively New,0,0,0,0,0,1,119,"28.3986° N, 76.9384° E",28.3986,76.9384
2748,flat,sector 110,indiabulls enigma,3.79,9895.56,3466.0,5,5,3,4.0,Relatively New,0,1,0,0,1,1,125,"28.5145° N, 77.0197° E",28.5145,77.0197
2749,flat,manesar,sbr minda sec-1 imt manesar,0.64,4193.97,1696.0,3,2,3+,6.0,Old Property,0,0,0,0,0,1,51,"28.3515° N, 76.9428° E",28.3515,76.9428
2751,flat,sector 89,smart world gems,1.16,8151.79,1581.0,3,3,2,3.0,Under Construction,1,0,0,0,0,1,68,"28.4253° N, 76.9439° E",28.4253,76.9439
2752,flat,sector 84,antriksh heights,0.73,6083.33,1026.0,2,2,3+,4.0,Relatively New,1,0,1,1,0,1,158,"28.3979° N, 76.9736° E",28.3979,76.9736
2753,flat,sector 109,ats kocoon,1.7,9742.12,1550.0,3,3,3,21.0,Moderately Old,0,0,0,0,0,1,49,"28.5073° N, 77.0089° E",28.5073,77.0089
2754,flat,sector 72,spaze privy,1.9,9620.25,1787.0,3,3,3,10.0,Moderately Old,0,1,0,0,0,2,31,"28.4225° N, 77.0211° E",28.4225,77.0211
2755,flat,sector 79,godrej aria,1.0,6653.36,1300.0,2,2,2,4.0,Relatively New,1,0,0,0,0,1,49,"28.3624° N, 76.9787° E",28.3624,76.9787
2756,flat,sector 67,bestech park view spa next,3.32,12599.62,2385.0,4,5,3+,12.0,Moderately Old,0,1,0,0,0,2,174,"28.3859° N, 77.0608° E",28.3859,77.0608
2757,flat,sector 82,mapsko casa bella,0.86,8120.87,1234.0,3,3,3,5.0,Moderately Old,1,0,0,0,0,2,120,"28.3935° N, 76.9600° E",28.3935,76.96
2758,flat,sector 83,emaar palm gardens,1.75,9210.53,1549.0,3,3,3+,11.0,Relatively New,0,1,0,0,0,1,120,"28.3986° N, 76.9647° E",28.3986,76.9647
2760,flat,sector 81,bestech park view grand spa,2.35,8834.59,2511.0,3,4,3+,10.0,Relatively New,0,1,0,0,0,1,109,"28.3867° N, 76.9485° E",28.3867,76.9485
2761,house,sector 14,sector 14 rwa,6.5,26000.0,2500.0,5,5,0,4.0,Moderately Old,0,0,0,0,0,1,0,"28.4711° N, 77.0454° E",28.4711,77.0454
2762,flat,sector 37d,ramprastha primera,1.2,13333.33,1000.0,3,3,3,5.0,Relatively New,0,0,1,0,0,1,50,"28.4478° N, 76.9703° E",28.4478,76.9703
2764,house,sector 25,independent,6.6,36666.67,1800.0,6,7,3+,2.0,Moderately Old,1,1,0,0,0,2,119,"28.4844° N, 77.0860° E",28.4844,77.086
2765,flat,sector 110,my home,0.28,3167.42,1000.0,2,1,1,2.0,Relatively New,0,0,0,0,1,1,15,"28.5145° N, 77.0197° E",28.5145,77.0197
2766,house,sector 50,independent,6.5,21666.67,3000.0,5,6,0,1.0,Moderately Old,0,0,0,0,0,1,0,"28.4178° N, 77.0628° E",28.4178,77.0628
2767,flat,sector 109,sbtl caladium,1.9,6219.31,2765.0,4,4,3,8.0,Relatively New,0,1,0,0,0,1,151,"28.5073° N, 77.0089° E",28.5073,77.0089
2769,flat,sector 82,vatika the seven lamps,0.94,6568.83,1299.0,2,2,2,12.0,Relatively New,1,0,0,0,0,2,103,"28.3935° N, 76.9600° E",28.3935,76.96
2771,house,sector 5,house number b-34,0.8,8888.89,900.0,2,2,1,1.0,Old Property,0,0,0,0,0,1,0,"28.4794° N, 77.0176° E",28.4794,77.0176
2772,flat,sector 112,experion windchants,6.5,10416.67,4800.0,4,5,3,11.0,Relatively New,0,0,0,0,0,1,55,"28.5189° N, 77.0183° E",28.5189,77.0183
2773,flat,sector 78,umang monsoon breeze,0.8,4836.76,1472.0,3,2,2,7.0,Moderately Old,0,0,0,1,0,1,102,"28.3733° N, 76.9729° E",28.3733,76.9729
2774,flat,sector 89,m3m soulitude,1.28,8827.59,1611.0,3,3,2,4.0,Under Construction,1,0,0,0,0,1,114,"28.4253° N, 76.9439° E",28.4253,76.9439
2775,house,sector 81,bestech park view aindependentda,4.35,7936.51,5480.0,4,4,3,2.0,Relatively New,0,1,1,0,0,1,51,"28.3867° N, 76.9485° E",28.3867,76.9485
2776,house,sector 66,emaar mgf marbella,12.0,38095.24,3150.0,5,6,3+,3.0,Relatively New,0,1,1,0,0,2,153,"28.3925° N, 77.0541° E",28.3925,77.0541
2777,flat,sector 63a,birla navya,3.23,26871.88,1202.0,3,3,3,4.0,New Property,0,1,0,0,0,1,52,"28.3923° N, 77.0888° E",28.3923,77.0888
2778,flat,sector 106,paras dews,1.28,7272.73,1186.0,3,4,3+,24.0,Relatively New,0,1,0,0,0,1,49,"28.5007° N, 77.0003° E",28.5007,77.0003
2779,house,sector 36,independent,0.66,7166.12,823.0,2,2,3,4.0,New Property,0,0,0,0,0,1,0,"28.4160° N, 76.9914° E",28.416,76.9914
2780,flat,sector 110,indiabulls enigma,4.49,11572.16,3511.0,5,5,3+,4.0,Relatively New,0,1,0,0,0,1,165,"28.5145° N, 77.0197° E",28.5145,77.0197
2781,flat,sector 106,paras dews,1.25,11061.95,1186.0,3,4,3+,7.0,Relatively New,1,1,0,0,0,1,167,"28.5007° N, 77.0003° E",28.5007,77.0003
2782,flat,sector 113,la vida by tata housing,2.35,10599.91,2210.0,3,3,3,11.0,New Property,0,1,0,0,0,1,174,"28.5287° N, 77.0233° E",28.5287,77.0233
2783,flat,sector 63,dhoot time residency,2.2,12813.05,1554.0,3,4,3+,8.0,Moderately Old,1,0,0,0,0,2,61,"28.3971° N, 77.0867° E",28.3971,77.0867
2784,flat,sector 112,experion windchants,4.25,11294.18,3000.0,3,5,2,15.0,Relatively New,0,1,0,1,0,1,72,"28.5189° N, 77.0183° E",28.5189,77.0183
2785,house,sector 66,emaar mgf marbella,19.0,31666.67,6667.0,5,6,3+,3.0,Relatively New,0,1,1,1,0,2,110,"28.3925° N, 77.0541° E",28.3925,77.0541
2786,house,sector 43,independent,8.25,30555.56,2700.0,5,6,3+,3.0,Moderately Old,1,1,1,1,0,2,64,"28.4629° N, 77.0772° E",28.4629,77.0772
2787,flat,sector 104,ats triumph,2.52,8000.0,2800.0,4,4,3+,19.0,Relatively New,0,1,1,0,0,2,156,"28.4788° N, 76.9960° E",28.4788,76.996
2788,flat,sector 106,paras dews,1.35,8940.4,1678.0,4,3,3,19.0,Old Property,0,1,0,0,0,1,112,"28.5007° N, 77.0003° E",28.5007,77.0003
2789,flat,sector 50,the close south,3.1,12444.8,2450.0,3,4,3+,4.0,Moderately Old,0,1,0,0,0,2,165,"28.4178° N, 77.0628° E",28.4178,77.0628
2790,flat,sector 88a,godrej icon,1.31,8101.42,1463.0,2,2,3+,3.0,Relatively New,1,0,0,0,0,1,102,"28.4347° N, 76.9557° E",28.4347,76.9557
2791,flat,sector 112,experion windchants,3.0,11538.46,2600.0,3,3,2,2.0,Relatively New,0,0,0,0,1,2,49,"28.5189° N, 77.0183° E",28.5189,77.0183
2792,flat,sector 37d,bptp terra,2.08,10000.0,2211.0,4,4,3,0.0,New Property,1,1,0,1,0,1,121,"28.4478° N, 76.9703° E",28.4478,76.9703
2793,flat,sector 95,sidhartha ncr greens,0.56,5656.57,896.0,2,2,3,13.0,New Property,0,0,0,0,0,1,8,"28.4172° N, 76.9081° E",28.4172,76.9081
2794,flat,sector 48,vipul world,1.38,9484.54,1611.0,3,3,1,2.0,Relatively New,0,0,0,0,0,1,60,"28.4177° N, 77.0359° E",28.4177,77.0359
2795,house,sector 105,independent,9.9,49500.0,2000.0,2,2,2,3.0,Moderately Old,0,0,0,0,0,1,0,"28.4952° N, 77.0114° E",28.4952,77.0114
2796,house,sector 48,vipul tatvam villa,7.65,19125.0,4000.0,4,4,3,2.0,Moderately Old,1,1,0,0,1,1,49,"28.4177° N, 77.0359° E",28.4177,77.0359
2797,house,sector 23,independent,5.0,16244.31,3078.0,4,4,2,2.0,Old Property,0,0,0,0,0,1,7,"28.5121° N, 77.0478° E",28.5121,77.0478
2798,flat,sector 63a,aipl joy square,0.7,10101.01,693.0,1,1,0,7.0,Under Construction,0,0,0,0,0,1,0,"28.3923° N, 77.0888° E",28.3923,77.0888
2799,house,sector 38,independent,4.0,21786.49,1836.0,6,6,3+,4.0,Old Property,1,1,0,1,1,2,137,"28.4347° N, 77.0430° E",28.4347,77.043
2800,flat,sector 53,parsvnath exotica,6.44,19002.66,3068.0,4,4,3,7.0,Moderately Old,0,1,0,0,0,2,80,"28.4433° N, 77.0948° E",28.4433,77.0948
2801,house,sector 109,international city by sobha phase 2,6.8,12592.59,5400.0,4,5,3,2.0,Relatively New,0,1,0,0,0,1,49,"28.5073° N, 77.0089° E",28.5073,77.0089
2802,house,sector 91,dlf new town heights,2.5,7058.16,3400.0,4,4,3+,3.0,Moderately Old,1,1,1,1,0,2,80,"28.4014° N, 76.9225° E",28.4014,76.9225
2803,flat,sector 82,vatika independent floors,1.45,8055.56,1800.0,4,3,0,1.0,Relatively New,0,0,0,0,0,1,50,"28.3935° N, 76.9600° E",28.3935,76.96
2804,flat,sector 89,smart world gems,1.0,9009.01,1233.0,2,2,3,3.0,New Property,1,0,0,0,1,1,99,"28.4253° N, 76.9439° E",28.4253,76.9439
2805,flat,sector 67a,ireo the corridors,1.62,9380.43,1346.0,3,3,2,4.0,New Property,0,0,1,0,0,2,142,"28.3960° N, 77.0372° E",28.396,77.0372
2806,flat,sector 92,apartment,0.75,4687.5,1778.0,3,4,3,2.0,Moderately Old,1,0,0,0,0,1,113,"28.4079° N, 76.9153° E",28.4079,76.9153
2807,flat,sector 67,m3m merlin,3.4,14419.0,2123.0,3,4,3,15.0,Relatively New,0,1,0,0,0,2,110,"28.3859° N, 77.0608° E",28.3859,77.0608
2808,flat,sector 69,tulip violet,1.76,9513.51,1674.0,3,4,2,0.0,Relatively New,0,0,0,0,0,1,157,"28.3966° N, 77.0341° E",28.3966,77.0341
2809,house,sector 4,independent,1.9,8444.44,211.0,4,3,2,2.0,Moderately Old,0,0,1,1,0,2,46,"28.4738° N, 77.0107° E",28.4738,77.0107
2810,flat,sector 90,dlf regal gardens,1.78,8039.75,2005.0,4,4,3+,12.0,Relatively New,0,0,0,0,0,1,61,"28.4085° N, 76.9369° E",28.4085,76.9369
2811,flat,sector 79,mapsko mount ville,1.25,7716.05,1212.0,3,3,2,1.0,Relatively New,1,0,0,1,0,2,166,"28.3624° N, 76.9787° E",28.3624,76.9787
2812,flat,sector 89,smart world gems,0.9,8159.56,998.0,2,2,2,2.0,New Property,1,0,0,0,1,1,44,"28.4253° N, 76.9439° E",28.4253,76.9439
2814,flat,sector 85,ss the leaf,1.75,7267.44,2179.0,3,4,3,8.0,Relatively New,0,1,0,0,0,1,49,"28.4042° N, 76.9513° E",28.4042,76.9513
2816,flat,sector 47,unitech uniworld gardens,2.4,11505.27,1916.0,3,4,3+,10.0,Moderately Old,0,1,0,0,0,1,103,"28.4276° N, 77.0492° E",28.4276,77.0492
2817,flat,sector 107,signature global solera,0.5,7751.94,717.0,3,2,2,6.0,Relatively New,0,0,0,0,1,1,49,"28.5052° N, 76.9729° E",28.5052,76.9729
2818,flat,sector 102,emaar imperial gardens,1.85,9135.8,2250.0,3,3,3+,0.0,Relatively New,0,1,0,0,0,2,95,"28.4750° N, 76.9715° E",28.475,76.9715
2820,flat,sector 89,adani aangan galleria,0.25,5000.0,430.0,1,1,1,6.0,New Property,0,0,0,0,0,1,74,"28.4253° N, 76.9439° E",28.4253,76.9439
2821,flat,sector 65,emaar mgf emerald floors premier,2.75,13924.05,1975.0,4,4,3,3.0,Relatively New,1,1,0,0,0,2,113,"28.4030° N, 77.0690° E",28.403,77.069
2822,flat,sector 103,satya the hermitage,0.99,6653.23,1731.0,3,4,3+,2.0,Relatively New,0,1,0,1,0,1,174,"28.4949° N, 76.9845° E",28.4949,76.9845
2823,flat,sector 37c,piedmont taksila heights,1.0,6506.18,1708.0,3,3,3+,8.0,Relatively New,0,0,0,0,0,2,49,"28.4515° N, 76.9882° E",28.4515,76.9882
2824,flat,sector 89,m3m soulitude,1.42,9978.92,1581.0,3,3,2,3.0,New Property,0,0,0,0,0,1,15,"28.4253° N, 76.9439° E",28.4253,76.9439
2825,flat,sector 70,shree vardhman victoria,1.65,8461.54,2167.0,3,3,2,6.0,Relatively New,1,0,0,0,0,1,72,"28.3968° N, 77.0233° E",28.3968,77.0233
2826,flat,sector 48,bestech park view city,4.25,9334.5,4120.0,4,5,3+,14.0,Moderately Old,1,0,0,0,0,2,81,"28.4177° N, 77.0359° E",28.4177,77.0359
2827,flat,sector 43,silverglades hightown residences,4.2,19764.71,2125.0,3,4,2,7.0,Under Construction,0,0,0,0,0,1,42,"28.4629° N, 77.0772° E",28.4629,77.0772
2828,flat,sector 89,smart world gems,1.2,12526.1,1064.0,3,3,3,3.0,Under Construction,0,0,1,1,0,1,131,"28.4253° N, 76.9439° E",28.4253,76.9439
2829,flat,sector 85,ss,1.98,8222.59,2300.0,3,4,3,6.0,Relatively New,0,0,0,0,0,1,42,"28.4042° N, 76.9513° E",28.4042,76.9513
2830,flat,sector 67,ireo victory valley,3.5,14583.33,2490.0,3,4,3,24.0,Relatively New,0,1,0,1,0,2,149,"28.3859° N, 77.0608° E",28.3859,77.0608
2831,flat,sector 65,m3m golfestate,5.4,18126.89,2696.0,3,4,3,19.0,Moderately Old,1,1,0,0,0,2,174,"28.4030° N, 77.0690° E",28.403,77.069
2832,house,sector 9,independent,1.1,6111.11,200.0,4,3,1,2.0,Old Property,0,0,0,0,0,1,0,"28.4603° N, 77.0000° E",28.4603,77.0
2833,house,sector 7,independent,0.53,5888.89,900.0,2,2,0,1.0,Old Property,0,0,0,0,0,1,0,"28.4644° N, 77.0143° E",28.4644,77.0143
2834,flat,sector 70,tulip ivory,2.35,9791.67,2667.0,4,4,3+,8.0,Moderately Old,0,1,0,0,0,1,108,"28.3968° N, 77.0233° E",28.3968,77.0233
2835,flat,sector 2,bestech park view residency,1.36,7644.74,1611.0,3,3,3+,5.0,Moderately Old,0,0,0,0,0,1,84,"28.5095° N, 77.0320° E",28.5095,77.032
2837,house,sector 52,raj villas,8.0,25542.78,3132.0,6,5,3+,4.0,Moderately Old,0,0,0,0,0,1,0,"28.4379° N, 77.0785° E",28.4379,77.0785
2838,flat,sector 65,m3m heights,1.9,14996.05,1141.0,2,2,3,4.0,Under Construction,0,0,0,0,0,1,54,"28.4030° N, 77.0690° E",28.403,77.069
2839,flat,sector 33,godrej nature plus,1.9,9849.66,2143.0,3,3,3+,14.0,New Property,0,1,0,0,0,1,96,"28.4420° N, 77.0207° E",28.442,77.0207
2840,flat,sector 65,m3m golfestate,6.15,15998.96,4271.0,3,5,3+,1.0,Relatively New,0,1,0,0,0,0,49,"28.4030° N, 77.0690° E",28.403,77.069
2841,flat,sector 47,irwo westend towers,0.65,12059.37,599.0,1,1,2,3.0,Old Property,0,0,0,0,0,1,56,"28.4276° N, 77.0492° E",28.4276,77.0492
2842,flat,sector 37d,ramprastha skyz,1.0,4943.15,1833.0,3,5,3,11.0,Under Construction,0,1,0,0,1,1,8,"28.4478° N, 76.9703° E",28.4478,76.9703
2843,flat,sector 22,ambience creacions,4.8,19200.0,2778.0,4,6,3+,10.0,New Property,0,1,0,1,0,0,49,"28.5072° N, 77.0640° E",28.5072,77.064
2844,flat,sector 61,pioneer park,1.6,11594.2,1533.0,2,2,2,21.0,Relatively New,0,1,0,0,0,1,105,"28.4050° N, 77.0963° E",28.405,77.0963
2845,flat,sector 77,umang winter hills,0.75,5588.67,1180.0,2,2,2,7.0,Relatively New,0,0,0,0,0,2,174,"28.3801° N, 76.9845° E",28.3801,76.9845
2846,flat,sector 67,bestech park view spa next,2.32,11989.66,1764.0,3,4,3+,14.0,Moderately Old,0,1,0,0,0,2,59,"28.3859° N, 77.0608° E",28.3859,77.0608
2847,flat,sector 65,m3m heights,2.33,18477.4,1141.0,2,2,3,35.0,Under Construction,0,0,0,0,0,2,49,"28.4030° N, 77.0690° E",28.403,77.069
2848,flat,sector 102,shapoorji pallonji joyville gurugram,1.4,10378.06,1166.0,2,2,2,11.0,New Property,0,0,0,0,0,2,49,"28.4750° N, 76.9715° E",28.475,76.9715
2849,flat,sector 54,dlf park place,6.75,24963.02,2076.0,4,4,2,8.0,Moderately Old,0,1,0,0,0,0,135,"28.4348° N, 77.1089° E",28.4348,77.1089
2850,flat,sector 63a,birla navya,3.7,15416.67,2667.0,3,3,3+,1.0,Under Construction,0,0,0,0,0,1,72,"28.3923° N, 77.0888° E",28.3923,77.0888
2851,flat,sector 85,ss the leaf,1.14,6433.41,1604.0,2,2,3,16.0,Relatively New,0,0,0,0,0,1,44,"28.4042° N, 76.9513° E",28.4042,76.9513
2854,flat,sector 33,godrej nature plus,1.2,13363.03,85.0,2,2,0,11.0,Under Construction,0,0,0,0,0,1,56,"28.4420° N, 77.0207° E",28.442,77.0207
2855,flat,sector 90,dlf new town heights,1.54,6514.38,2200.0,4,4,3+,12.0,Moderately Old,0,1,0,1,0,2,111,"28.4085° N, 76.9369° E",28.4085,76.9369
2856,flat,sector 37c,ild greens,0.9,5614.47,1500.0,3,3,3,0.0,Under Construction,0,0,0,0,0,1,66,"28.4515° N, 76.9882° E",28.4515,76.9882
2857,flat,sector 70,shree vardhman victoria,1.55,7948.72,1527.0,3,3,3,6.0,Relatively New,1,1,0,1,1,1,49,"28.3968° N, 77.0233° E",28.3968,77.0233
2858,flat,sector 110,indiabulls enigma,4.25,10953.61,3511.0,5,5,3+,4.0,Relatively New,0,1,0,0,0,1,101,"28.5145° N, 77.0197° E",28.5145,77.0197
2859,flat,sector 85,ss the leaf,2.15,7645.8,2545.0,4,5,3+,1.0,Relatively New,0,1,0,0,0,1,165,"28.4042° N, 76.9513° E",28.4042,76.9513
2860,flat,sector 65,emaar mgf emerald floors premier,2.3,13939.39,1833.0,3,4,3,3.0,Relatively New,1,1,1,1,0,0,174,"28.4030° N, 77.0690° E",28.403,77.069
2861,flat,sector 86,dlf new town heights,1.3,6735.75,1747.0,3,3,3,12.0,Moderately Old,0,1,0,0,0,2,165,"28.3986° N, 76.9384° E",28.3986,76.9384
2862,flat,sector 33,godrej nature plus,1.65,14335.36,1279.0,2,2,3,1.0,Under Construction,0,0,0,0,0,1,38,"28.4420° N, 77.0207° E",28.442,77.0207
2863,house,sector 67,ireo victory valley,8.0,22222.22,3600.0,6,7,3+,51.0,Moderately Old,1,1,0,1,0,2,49,"28.3859° N, 77.0608° E",28.3859,77.0608
2864,flat,sector 108,raheja vedaanta,0.7,4666.67,1468.0,2,2,1,10.0,Moderately Old,0,0,0,0,0,1,0,"28.5134° N, 76.9830° E",28.5134,76.983
2865,flat,sector 95,sidhartha ncr one phase,0.55,4867.26,1256.0,2,2,2,14.0,New Property,1,0,0,0,0,1,90,"28.4172° N, 76.9081° E",28.4172,76.9081
2866,flat,sector 67,ireo victory valley,2.95,12110.02,2236.0,3,3,3+,14.0,Moderately Old,0,1,0,1,0,2,165,"28.3859° N, 77.0608° E",28.3859,77.0608
2867,flat,sector 86,dlf new town heights,1.3,6735.75,1747.0,3,3,3,12.0,Moderately Old,0,1,0,1,0,1,106,"28.3986° N, 76.9384° E",28.3986,76.9384
2868,flat,sector 81,signature global city 81,0.89,8279.07,1194.0,2,2,2,3.0,Under Construction,0,0,0,0,1,1,20,"28.3867° N, 76.9485° E",28.3867,76.9485
2869,house,sector 104,hero homes,1.95,21195.65,920.0,3,5,3+,2.0,Moderately Old,0,0,0,0,0,1,64,"28.4788° N, 76.9960° E",28.4788,76.996
2870,flat,sector 95,sidhartha ncr one,0.57,4178.89,1364.0,2,2,2,10.0,New Property,0,0,0,0,0,1,0,"28.4172° N, 76.9081° E",28.4172,76.9081
2871,flat,sector 103,indiabulls centrum park,2.4,8347.83,2456.0,4,6,3+,15.0,Relatively New,0,1,0,0,0,1,156,"28.4949° N, 76.9845° E",28.4949,76.9845
2872,house,sector 57,ansals florence villa,3.3,19819.82,1665.0,4,3,3+,2.0,Moderately Old,1,1,1,1,0,1,151,"28.4232° N, 77.0752° E",28.4232,77.0752
2873,flat,sector 56,park view apartment,1.74,7565.22,2400.0,3,3,3+,2.0,Old Property,0,1,0,1,0,2,104,"28.4245° N, 77.0991° E",28.4245,77.0991
2874,flat,sector 95,rof ananda,0.38,6921.68,610.0,2,2,1,4.0,New Property,0,0,0,0,0,1,0,"28.4172° N, 76.9081° E",28.4172,76.9081
2875,flat,sector 66,emaar mgf palm terraces,4.5,10598.21,3321.0,5,5,3+,11.0,New Property,0,1,0,0,0,1,105,"28.3925° N, 77.0541° E",28.3925,77.0541
2876,flat,sector 90,dlf regal gardens,1.13,6647.06,1566.0,3,3,3+,8.0,Relatively New,0,0,0,0,1,1,72,"28.4085° N, 76.9369° E",28.4085,76.9369
2877,flat,sector 37c,imperia the esfera,0.87,5513.31,1300.0,2,3,3+,5.0,Relatively New,1,0,0,0,0,1,109,"28.4515° N, 76.9882° E",28.4515,76.9882
2878,house,sector 86,dlf new town heights,2.5,7058.16,3400.0,4,4,3+,3.0,Moderately Old,1,1,1,1,0,2,142,"28.3986° N, 76.9384° E",28.3986,76.9384
2879,house,sector 12,bhawani enclave,0.42,8235.29,567.0,3,3,0,2.0,New Property,0,0,0,1,0,1,0,"28.4723° N, 77.0320° E",28.4723,77.032
2880,flat,sector 28,rose apartment,3.0,10482.18,2590.0,3,5,3+,8.0,Old Property,0,0,0,0,0,1,0,"28.4728° N, 77.0865° E",28.4728,77.0865
2881,flat,sector 91,tarc maceo,0.89,6339.03,1302.0,2,2,3+,9.0,Relatively New,0,0,0,0,1,2,13,"28.4014° N, 76.9225° E",28.4014,76.9225
2882,house,sector 13,independent,0.9,11464.97,785.0,2,4,3,3.0,Moderately Old,1,1,0,1,1,1,0,"28.4757° N, 77.0392° E",28.4757,77.0392
2883,flat,sector 68,supertech hues,0.82,6949.15,1068.0,2,2,3+,21.0,Under Construction,0,0,0,0,1,1,72,"28.3853° N, 77.0484° E",28.3853,77.0484
2885,flat,sector 37d,ramprastha primera,1.1,6111.11,1700.0,3,3,3,6.0,Relatively New,0,0,0,0,0,1,149,"28.4478° N, 76.9703° E",28.4478,76.9703
2886,house,sector 109,international city by sobha phase 2,11.25,25000.0,4500.0,7,5,3+,4.0,Relatively New,1,1,0,1,0,1,42,"28.5073° N, 77.0089° E",28.5073,77.0089
2887,flat,sector 103,on request,1.69,9145.02,1670.0,3,3,3+,8.0,Relatively New,0,0,0,0,0,1,49,"28.4949° N, 76.9845° E",28.4949,76.9845
2889,house,sector 12,independent,0.7,6034.48,1160.0,3,3,0,1.0,Relatively New,0,0,0,0,0,1,23,"28.4723° N, 77.0320° E",28.4723,77.032
2890,flat,sector 83,mapsko paradise,0.95,6299.73,1489.0,3,3,3,1.0,Moderately Old,0,0,0,0,0,1,0,"28.3986° N, 76.9647° E",28.3986,76.9647
2891,flat,sector 92,sare crescent parc,0.66,4977.38,1473.0,3,2,2,15.0,Relatively New,0,0,0,0,0,0,44,"28.4079° N, 76.9153° E",28.4079,76.9153
2892,flat,sector 99a,prime habitat,0.32,4657.93,601.0,2,2,1,7.0,Relatively New,0,0,0,0,0,1,44,"28.4561° N, 76.9542° E",28.4561,76.9542
2893,house,sector 4,not applicable,0.8,6088.28,146.0,5,4,3,3.0,Under Construction,0,0,0,0,0,1,0,"28.4738° N, 77.0107° E",28.4738,77.0107
2894,flat,sector 90,dlf regal gardens,1.21,6926.16,1581.0,3,3,3+,29.0,Relatively New,0,0,0,0,1,1,95,"28.4085° N, 76.9369° E",28.4085,76.9369
2895,flat,sector 56,park royal apartment,1.71,7600.0,2251.0,3,3,3+,5.0,Moderately Old,0,1,0,0,0,2,118,"28.4245° N, 77.0991° E",28.4245,77.0991
2896,flat,sector 82,vatika the seven lamps,0.78,5931.56,1175.0,2,2,2,0.0,Relatively New,0,0,0,0,0,2,103,"28.3935° N, 76.9600° E",28.3935,76.96
2897,flat,sector 49,orchid petals,1.9,10526.32,2006.0,3,3,3,9.0,Moderately Old,0,1,0,0,0,1,95,"28.4121° N, 77.0480° E",28.4121,77.048
2898,house,sector 2,independent,1.15,19360.27,594.0,3,3,2,2.0,Old Property,0,0,0,0,0,2,32,"28.5095° N, 77.0320° E",28.5095,77.032
2899,house,sector 12,independent,1.7,8000.0,2000.0,5,5,3,3.0,Moderately Old,0,0,0,1,1,1,9,"28.4723° N, 77.0320° E",28.4723,77.032
2900,flat,sector 37c,ild grand centra,0.95,5219.78,1820.0,3,1,0,0.0,Relatively New,0,0,0,0,0,1,0,"28.4515° N, 76.9882° E",28.4515,76.9882
2901,flat,sector 79,m3m antalya hills,1.15,7496.74,1200.0,3,3,3+,1.0,Under Construction,1,0,0,0,0,1,51,"28.3624° N, 76.9787° E",28.3624,76.9787
2902,house,sector 109,international city by sobha phase 1,6.75,10838.15,6228.0,4,4,3+,2.0,New Property,0,1,0,1,0,1,130,"28.5073° N, 77.0089° E",28.5073,77.0089
2903,house,sector 66,emaar mgf marbella,15.1,18605.22,8067.799999999999,5,5,3+,3.0,New Property,1,1,1,1,0,1,120,"28.3925° N, 77.0541° E",28.3925,77.0541
2904,flat,sector 107,signature global solera,0.5,7751.94,717.0,3,2,2,6.0,Relatively New,0,0,0,0,1,1,15,"28.5052° N, 76.9729° E",28.5052,76.9729
2905,flat,sector 2,bestech park view residency,1.59,8281.25,1738.0,3,4,3+,11.0,Moderately Old,0,1,0,0,0,1,100,"28.5095° N, 77.0320° E",28.5095,77.032
2906,flat,sector 77,emaar mgf palm hills,1.5,12744.27,1310.0,3,3,3,4.0,Relatively New,0,0,0,0,0,2,97,"28.3801° N, 76.9845° E",28.3801,76.9845
2907,flat,sector 90,green court,0.47,6811.59,767.0,2,2,1,0.0,New Property,0,0,0,0,0,1,49,"28.4085° N, 76.9369° E",28.4085,76.9369
2908,flat,sector 53,tulip monsella,5.6,19363.76,2617.0,3,3,3+,1.0,Under Construction,0,0,0,0,0,1,42,"28.4433° N, 77.0948° E",28.4433,77.0948
2909,flat,sector 84,antriksh heights,0.6,5000.0,1086.0,2,2,2,14.0,Relatively New,0,0,0,0,0,1,52,"28.3979° N, 76.9736° E",28.3979,76.9736
2910,flat,sector 74,m3m skywalk,1.47,10953.8,1281.0,2,2,3,26.0,New Property,0,0,0,0,0,2,31,"28.4158° N, 77.0118° E",28.4158,77.0118
2911,house,sector 48,vipul tatvam villa,8.5,26234.57,3240.0,4,6,3,3.0,Old Property,0,1,0,1,1,1,49,"28.4177° N, 77.0359° E",28.4177,77.0359
2912,flat,sector 39,city heights,1.75,8750.0,2222.0,3,4,3,3.0,Old Property,0,1,0,0,0,0,42,"28.4434° N, 77.0515° E",28.4434,77.0515
2913,flat,sector 104,godrej summit,0.82,9855.77,86.0,2,2,3,12.0,Relatively New,1,0,0,0,0,1,120,"28.4788° N, 76.9960° E",28.4788,76.996
2914,flat,sector 88a,godrej oasis,1.19,10162.25,1387.0,2,2,3,15.0,Relatively New,1,0,0,1,0,2,174,"28.4347° N, 76.9557° E",28.4347,76.9557
2915,flat,sector 69,surendra avenue 69,0.75,6818.18,1100.0,2,2,2,4.0,Moderately Old,0,0,0,0,0,1,0,"28.3966° N, 77.0341° E",28.3966,77.0341
2917,flat,sector 99a,pareena laxmi apartments,0.31,5904.76,583.0,2,2,2,6.0,New Property,0,0,0,0,0,1,74,"28.4561° N, 76.9542° E",28.4561,76.9542
2918,flat,sector 33,godrej nature plus,1.15,11557.79,103.0,2,2,2,15.0,Under Construction,0,0,0,0,0,1,38,"28.4420° N, 77.0207° E",28.442,77.0207
2919,flat,sector 69,tulip violet,1.75,8883.25,1783.0,4,4,1,12.0,Relatively New,0,0,0,0,0,1,86,"28.3966° N, 77.0341° E",28.3966,77.0341
2920,flat,sector 54,dlf park place,5.75,24688.71,2329.0,3,4,3,12.0,Relatively New,0,1,0,0,0,0,174,"28.4348° N, 77.1089° E",28.4348,77.1089
2922,flat,sector 37d,signature global city 37d ph 2,1.36,8848.41,1535.0,3,3,3,1.0,Under Construction,0,0,0,1,1,1,37,"28.4478° N, 76.9703° E",28.4478,76.9703
2923,flat,sector 85,orris carnation residency,1.1,6686.93,1467.0,3,4,3,6.0,Moderately Old,0,1,0,0,0,0,65,"28.4042° N, 76.9513° E",28.4042,76.9513
2924,flat,sector 81,bestech park view grand spa,4.2,10000.0,3512.0,4,4,3+,25.0,Relatively New,0,1,0,0,0,2,90,"28.3867° N, 76.9485° E",28.3867,76.9485
2925,house,sector 50,unitech deerwood chase,8.45,26152.89,3231.0,3,3,2,2.0,Old Property,1,1,0,0,0,2,102,"28.4178° N, 77.0628° E",28.4178,77.0628
2926,flat,sector 85,ss the leaf,1.09,6666.67,1638.0,2,2,3,9.0,Relatively New,0,0,1,0,0,1,174,"28.4042° N, 76.9513° E",28.4042,76.9513
2927,house,sector 28,independent,9.0,27777.78,3240.0,6,7,3+,3.0,Moderately Old,1,1,1,1,0,1,67,"28.4728° N, 77.0865° E",28.4728,77.0865
2928,house,sector 4,independent,0.8,11851.85,675.0,2,3,1,2.0,Moderately Old,0,0,0,0,0,1,0,"28.4738° N, 77.0107° E",28.4738,77.0107
2929,flat,sector 102,emaar gurgaon greens,1.45,14174.0,1315.0,3,3,3,10.0,Relatively New,0,1,0,0,0,1,165,"28.4750° N, 76.9715° E",28.475,76.9715
2930,flat,manesar,deepak minda,1.2,4528.3,2944.0,3,3,3+,6.0,Moderately Old,0,1,0,0,0,1,7,"28.3515° N, 76.9428° E",28.3515,76.9428
2931,house,sector 7,independent,6.5,15046.3,4320.0,3,2,3+,2.0,Old Property,0,0,0,0,0,1,9,"28.4644° N, 77.0143° E",28.4644,77.0143
2932,flat,sector 33,central park flower valley,2.3,12777.78,2000.0,4,4,3+,5.0,New Property,0,1,0,1,0,1,42,"28.4420° N, 77.0207° E",28.442,77.0207
2933,house,sector 17,iffco nagar and 17b rwa,3.5,24305.56,1440.0,2,5,3,3.0,Old Property,0,0,0,0,0,1,44,"28.4791° N, 77.0608° E",28.4791,77.0608
2935,flat,sector 79,supertech araville,0.83,5424.84,1700.0,2,2,3,5.0,New Property,1,0,0,0,0,0,49,"28.3624° N, 76.9787° E",28.3624,76.9787
2936,flat,sector 79,godrej aria,0.96,13296.4,1012.0,2,2,3,8.0,Relatively New,0,0,0,0,0,1,49,"28.3624° N, 76.9787° E",28.3624,76.9787
2937,flat,sector 49,orchid petals,2.35,11559.27,2030.0,3,3,3,15.0,Relatively New,0,0,0,0,1,1,49,"28.4121° N, 77.0480° E",28.4121,77.048
2938,house,sector 109,ats tourmaline,1.87,8697.67,2150.0,3,4,0,12.0,Relatively New,0,0,0,0,0,1,0,"28.5073° N, 77.0089° E",28.5073,77.0089
2939,house,sector 89,smart world gems,1.25,8784.26,1423.0,3,3,2,1.0,Under Construction,1,0,0,0,1,1,45,"28.4253° N, 76.9439° E",28.4253,76.9439
2940,flat,sector 69,tulip violet,1.7,8457.71,1804.0,4,4,2,10.0,Relatively New,1,1,1,1,0,1,174,"28.3966° N, 77.0341° E",28.3966,77.0341
2941,flat,sector 74,m3m skywalk,1.55,13790.04,1300.0,2,2,3+,18.0,Relatively New,0,0,0,0,1,1,137,"28.4158° N, 77.0118° E",28.4158,77.0118
2942,flat,sector 61,smart world orchard,1.55,13478.26,1041.0,2,2,1,3.0,Under Construction,1,0,0,0,0,1,43,"28.4050° N, 77.0963° E",28.405,77.0963
2943,flat,sector 4,not applicable,0.42,5600.0,833.0,2,2,1,3.0,Relatively New,0,0,0,0,0,2,26,"28.4738° N, 77.0107° E",28.4738,77.0107
2944,flat,sector 2,hcbs sports ville,0.35,4375.0,800.0,2,2,2,8.0,Relatively New,0,0,0,0,0,1,37,"28.5095° N, 77.0320° E",28.5095,77.032
2945,flat,sector 83,emaar palm gardens,1.75,9210.53,1549.0,3,3,3,6.0,Relatively New,0,1,0,0,0,2,105,"28.3986° N, 76.9647° E",28.3986,76.9647
2947,flat,sector 104,zara aavaas,0.2,6644.52,334.0,1,2,2,3.0,New Property,0,0,0,0,0,1,67,"28.4788° N, 76.9960° E",28.4788,76.996
2948,flat,sector 107,signature global solera,0.4,6644.52,577.0,2,2,1,7.0,Relatively New,0,0,0,0,0,2,55,"28.5052° N, 76.9729° E",28.5052,76.9729
2949,flat,sector 89,smart world gems,1.13,8502.63,1473.0,3,3,2,4.0,Under Construction,1,0,0,0,0,1,115,"28.4253° N, 76.9439° E",28.4253,76.9439
2950,house,sector 57,independent,3.49,20196.76,1728.0,4,4,2,3.0,Moderately Old,1,1,0,1,0,2,49,"28.4232° N, 77.0752° E",28.4232,77.0752
2951,flat,sector 86,dlf the skycourt,1.55,8031.09,1900.0,3,3,1,12.0,Relatively New,0,0,0,1,0,2,153,"28.3986° N, 76.9384° E",28.3986,76.9384
2952,flat,sector 67,shree vardhman mantra,0.56,7000.0,889.0,2,2,1,8.0,New Property,0,0,0,0,0,1,65,"28.3859° N, 77.0608° E",28.3859,77.0608
2953,house,sector 14,independent,4.5,20000.0,2778.0,5,5,1,1.0,Relatively New,0,0,0,0,0,1,0,"28.4711° N, 77.0454° E",28.4711,77.0454
2954,flat,sector 77,emaar mgf palm hills,1.65,8461.54,1765.0,4,3,3,9.0,Relatively New,0,1,0,0,0,1,100,"28.3801° N, 76.9845° E",28.3801,76.9845
2955,flat,sector 90,shree vardhman flora,0.9,4615.38,1765.0,3,4,3,4.0,Relatively New,0,1,0,0,0,1,165,"28.4085° N, 76.9369° E",28.4085,76.9369
2956,flat,sector 103,indiabulls centrum park,1.01,8080.0,1338.0,2,2,3,5.0,Relatively New,0,0,1,0,0,2,165,"28.4949° N, 76.9845° E",28.4949,76.9845
2957,flat,sector 25,dlf belvedere towers,3.7,17619.05,2333.0,4,4,3,18.0,Old Property,0,1,0,0,0,2,26,"28.4844° N, 77.0860° E",28.4844,77.086
2958,house,sector 38,independent,2.1,23333.33,900.0,2,7,3+,3.0,Relatively New,1,0,1,1,0,1,27,"28.4347° N, 77.0430° E",28.4347,77.043
2959,flat,sector 112,experion windchants,4.75,12622.91,3405.0,3,5,3+,4.0,Relatively New,0,1,0,0,0,2,42,"28.5189° N, 77.0183° E",28.5189,77.0183
2960,flat,sector 66,emaar mgf the palm drive,1.51,15130.26,1188.0,2,2,2,5.0,Relatively New,0,0,0,1,0,2,82,"28.3925° N, 77.0541° E",28.3925,77.0541
2961,house,sector 112,experion windchants,7.99,12519.59,6382.0,4,6,3,2.0,New Property,0,1,1,1,0,2,129,"28.5189° N, 77.0183° E",28.5189,77.0183
2962,flat,sector 112,experion windchants,2.5,13888.89,1939.03,2,2,3,10.0,Relatively New,1,0,0,1,0,2,174,"28.5189° N, 77.0183° E",28.5189,77.0183
2964,flat,sector 90,dlf new town heights,1.25,8638.56,1608.0,3,4,3+,0.0,Old Property,0,1,0,0,0,0,31,"28.4085° N, 76.9369° E",28.4085,76.9369
2965,flat,sector 90,shree vardhman flora,0.95,6333.33,1667.0,3,3,3,9.0,Relatively New,0,1,0,0,0,1,90,"28.4085° N, 76.9369° E",28.4085,76.9369
2966,flat,sector 37d,bptp terra,1.8,8215.43,1983.0,4,3,3,12.0,Relatively New,1,0,0,0,0,2,144,"28.4478° N, 76.9703° E",28.4478,76.9703
2967,house,sector 12,independent,3.5,14786.65,4800.0,8,8,3+,3.0,Relatively New,1,1,0,1,0,0,77,"28.4723° N, 77.0320° E",28.4723,77.032
2968,flat,sector 102,shapoorji pallonji joyville gurugram,1.75,15514.18,1465.0,3,3,3+,1.0,Relatively New,0,0,0,0,0,1,49,"28.4750° N, 76.9715° E",28.475,76.9715
2969,house,sector 50,unitech espace,9.8,30246.91,3240.0,4,4,3,2.0,Moderately Old,0,1,0,0,0,1,22,"28.4178° N, 77.0628° E",28.4178,77.0628
2970,house,sector 67,independent,1.5,8640.55,200.0,5,3,2,2.0,New Property,0,0,0,0,0,1,0,"28.3859° N, 77.0608° E",28.3859,77.0608
2971,flat,sector 69,tulip violet,1.66,10134.31,1482.0,3,3,2,0.0,Relatively New,0,0,0,0,0,1,157,"28.3966° N, 77.0341° E",28.3966,77.0341
2972,flat,sector 89,adani aangan galleria,0.42,4941.18,769.0,2,2,2,3.0,Relatively New,0,0,0,0,0,1,0,"28.4253° N, 76.9439° E",28.4253,76.9439
2973,flat,sector 102,shapoorji pallonji joyville gurugram,0.97,10601.09,828.0,2,2,2,12.0,Relatively New,0,0,0,0,0,1,100,"28.4750° N, 76.9715° E",28.475,76.9715
2974,flat,sector 113,la vida by tata housing,1.85,11716.28,1429.0,3,2,2,7.0,New Property,0,0,0,0,0,1,13,"28.5287° N, 77.0233° E",28.5287,77.0233
2975,house,sector 109,international city by sobha phase 2,9.5,26388.89,3600.0,7,6,3,3.0,Relatively New,1,1,0,1,0,1,138,"28.5073° N, 77.0089° E",28.5073,77.0089
2976,flat,sector 37c,ild greens,1.0,4723.67,1629.0,3,3,3,3.0,Under Construction,0,0,0,0,0,1,51,"28.4515° N, 76.9882° E",28.4515,76.9882
2977,flat,sector 81,bestech park view ananda,0.95,6985.29,1150.0,2,2,2,13.0,Relatively New,0,0,0,0,0,2,167,"28.3867° N, 76.9485° E",28.3867,76.9485
2978,house,sector 43,independent,9.5,42222.22,2250.0,5,5,3+,2.0,Relatively New,0,1,0,1,0,2,88,"28.4629° N, 77.0772° E",28.4629,77.0772
2979,flat,sector 56,kiran residency,1.5,7500.0,1900.0,3,3,3+,4.0,Relatively New,0,1,0,0,0,2,126,"28.4245° N, 77.0991° E",28.4245,77.0991
2980,flat,sector 108,experion the heartsong,1.2,6825.94,1550.0,3,2,3+,11.0,Relatively New,0,1,0,1,0,2,174,"28.5134° N, 76.9830° E",28.5134,76.983
2981,flat,sector 2,bestech park view residency,0.95,6713.78,1281.0,2,2,3,1.0,Moderately Old,0,0,0,0,0,2,82,"28.5095° N, 77.0320° E",28.5095,77.032
2982,flat,sector 92,sare homes,1.18,5207.41,2518.0,4,4,3,8.0,Relatively New,0,1,0,0,0,1,108,"28.4079° N, 76.9153° E",28.4079,76.9153
2983,flat,sector 70,shree vardhman victoria,1.63,8358.97,1527.0,3,5,3,12.0,Relatively New,0,1,0,0,0,1,43,"28.3968° N, 77.0233° E",28.3968,77.0233
2984,house,sector 109,international city by sobha phase 2,6.5,12037.04,5400.0,4,4,3+,1.0,New Property,0,1,0,0,0,2,160,"28.5073° N, 77.0089° E",28.5073,77.0089
2985,house,sector 67a,4s aradhya homes,1.83,6777.78,2700.0,4,4,2,4.0,New Property,0,0,0,1,0,2,145,"28.3960° N, 77.0372° E",28.396,77.0372
2986,flat,sector 90,dlf regal gardens,1.24,7065.53,1600.0,3,3,3+,9.0,Relatively New,0,0,0,0,1,1,72,"28.4085° N, 76.9369° E",28.4085,76.9369
2987,flat,sector 103,ansal housing highland park,0.88,6428.05,1232.0,2,2,3,3.0,New Property,0,0,0,0,0,1,52,"28.4949° N, 76.9845° E",28.4949,76.9845
2988,flat,sector 85,ss the leaf,2.1,7467.99,2600.0,4,4,3,7.0,Relatively New,1,1,0,1,0,1,49,"28.4042° N, 76.9513° E",28.4042,76.9513
2989,flat,sector 70,shree vardhman victoria,1.55,7948.72,1527.0,3,5,3,8.0,Relatively New,0,1,0,0,0,1,174,"28.3968° N, 77.0233° E",28.3968,77.0233
2990,flat,sector 104,ats triumph,4.45,6846.15,7222.0,4,5,3+,27.0,Relatively New,0,0,0,0,0,1,110,"28.4788° N, 76.9960° E",28.4788,76.996
2991,flat,sector 33,central park flower valley cerise floors,1.3,10743.8,1095.0,2,2,2,3.0,New Property,1,0,0,0,0,1,22,"28.4420° N, 77.0207° E",28.442,77.0207
2992,house,sector 11,independent,1.8,8078.99,2476.0,8,5,2,1.0,Moderately Old,0,0,0,0,0,1,0,"28.4531° N, 77.0202° E",28.4531,77.0202
2993,flat,sector 92,bestech park view sanskruti,1.9,8172.04,1920.0,4,4,3+,10.0,Relatively New,1,1,0,1,1,1,49,"28.4079° N, 76.9153° E",28.4079,76.9153
2994,flat,sector 50,unitech fresco,1.88,10479.38,1790.0,3,3,3+,14.0,Moderately Old,0,0,0,0,1,2,174,"28.4178° N, 77.0628° E",28.4178,77.0628
2995,flat,sector 65,m3m heights,2.0,13956.73,1433.0,2,2,2,32.0,Relatively New,0,0,0,0,0,1,48,"28.4030° N, 77.0690° E",28.403,77.069
2996,flat,sector 83,ss the leaf,1.19,7225.26,1630.0,2,2,3,4.0,Relatively New,0,0,0,0,0,1,49,"28.3986° N, 76.9647° E",28.3986,76.9647
2997,flat,sector 102,adani m2k oyster grande,2.4,9305.93,2334.0,3,4,3+,3.0,Relatively New,1,0,0,0,0,2,49,"28.4750° N, 76.9715° E",28.475,76.9715
2998,flat,sector 81,bestech park view ananda,0.9,6617.65,1231.0,2,2,3,8.0,New Property,0,0,0,0,1,1,60,"28.3867° N, 76.9485° E",28.3867,76.9485
2999,flat,sector 69,tulip violet,3.1,9822.56,2817.0,4,6,3+,14.0,Relatively New,0,1,0,1,0,1,174,"28.3966° N, 77.0341° E",28.3966,77.0341
3000,flat,sector 22,ambience creacions,4.78,15469.26,2500.0,3,4,3,7.0,Relatively New,0,1,0,0,1,0,111,"28.5072° N, 77.0640° E",28.5072,77.064
3001,flat,gwal pahari,nul,0.56,6054.05,1028.0,2,2,1,11.0,Old Property,0,0,0,0,0,2,0,"28.4484° N, 77.0210° E",28.4484,77.021
3002,house,sector 26,independent,4.5,33333.33,1350.0,5,5,3+,2.0,Old Property,0,0,0,0,0,1,7,"28.4757° N, 77.1032° E",28.4757,77.1032
3003,flat,sector 37c,corona optus,1.25,7090.19,1350.0,3,3,3,4.0,Relatively New,0,0,0,0,1,1,49,"28.4515° N, 76.9882° E",28.4515,76.9882
3004,flat,sector 104,ats triumph,2.65,8412.7,2851.0,4,4,3+,10.0,Relatively New,0,1,0,0,0,1,174,"28.4788° N, 76.9960° E",28.4788,76.996
3005,flat,sector 113,la vida by tata housing,2.35,13352.27,1930.0,3,4,3,3.0,Relatively New,0,1,0,0,0,1,174,"28.5287° N, 77.0233° E",28.5287,77.0233
3006,flat,sector 109,ats kocoon,1.7,9742.12,1550.0,3,3,3,22.0,Relatively New,0,0,0,0,0,1,74,"28.5073° N, 77.0089° E",28.5073,77.0089
3008,flat,sector 37d,signature global the millennia,0.55,9166.67,543.0,2,2,3,3.0,New Property,0,0,0,0,0,1,53,"28.4478° N, 76.9703° E",28.4478,76.9703
3009,flat,sector 107,m3m woodshire,1.15,7496.74,1281.0,2,2,3,0.0,Relatively New,1,0,0,0,0,1,29,"28.5052° N, 76.9729° E",28.5052,76.9729
3010,flat,sector 112,experion windchants,2.6,10651.37,2441.0,2,2,3,8.0,Relatively New,0,0,0,0,0,1,168,"28.5189° N, 77.0183° E",28.5189,77.0183
3011,flat,sector 28,suncity platinum towers,6.0,22346.37,2983.0,3,3,2,8.0,Moderately Old,0,1,0,0,0,1,31,"28.4728° N, 77.0865° E",28.4728,77.0865
3012,flat,sector 78,umang monsoon breeze,1.05,5666.49,1853.0,3,3,3,6.0,Moderately Old,0,0,0,0,0,1,0,"28.3733° N, 76.9729° E",28.3733,76.9729
3013,flat,sector 89,m3m soulitude,1.25,8784.26,1288.0,3,3,3,3.0,New Property,1,0,0,0,1,1,61,"28.4253° N, 76.9439° E",28.4253,76.9439
3014,house,sector 3,independent,0.9,10000.0,3500.0,3,4,3,3.0,Moderately Old,0,0,0,0,1,2,42,"28.4909° N, 77.0176° E",28.4909,77.0176
3015,flat,sector 102,conscient heritage max,2.1,9771.99,1945.0,3,4,3+,10.0,Relatively New,1,1,0,0,0,1,53,"28.4750° N, 76.9715° E",28.475,76.9715
3016,flat,sector 112,experion windchants,5.31,11204.9,3573.33,4,6,3+,15.0,Relatively New,0,1,0,1,0,1,72,"28.5189° N, 77.0183° E",28.5189,77.0183
3017,flat,sector 74,m3m skywalk,2.25,12500.0,1900.0,3,3,3,5.0,Relatively New,1,0,0,0,0,1,174,"28.4158° N, 77.0118° E",28.4158,77.0118
3018,flat,sector 86,dlf the skycourt,2.2,11500.26,1747.0,3,3,1,7.0,Relatively New,0,0,0,1,0,0,77,"28.3986° N, 76.9384° E",28.3986,76.9384
3019,flat,sector 77,umang winter hills,0.92,5049.4,1602.0,3,3,3,17.0,Relatively New,0,0,0,0,1,2,49,"28.3801° N, 76.9845° E",28.3801,76.9845
3020,flat,sector 85,ss the leaf,2.7,7754.16,3151.0,4,4,3+,23.0,New Property,0,0,0,0,0,1,21,"28.4042° N, 76.9513° E",28.4042,76.9513
3022,house,sector 50,nirvana country,10.0,14285.71,7000.0,5,7,2,4.0,Moderately Old,0,1,0,0,0,0,0,"28.4178° N, 77.0628° E",28.4178,77.0628
3023,flat,sector 104,zara aavaas,0.26,7807.81,301.0,1,1,2,0.0,Relatively New,0,0,0,0,0,1,91,"28.4788° N, 76.9960° E",28.4788,76.996
3024,flat,sector 102,emaar gurgaon greens,1.45,8787.88,1300.0,3,3,3,8.0,Relatively New,0,1,0,0,0,1,49,"28.4750° N, 76.9715° E",28.475,76.9715
3025,flat,sector 82,vatika the seven lamps,0.81,6192.66,1176.0,2,2,2,15.0,Relatively New,0,0,0,0,0,2,117,"28.3935° N, 76.9600° E",28.3935,76.96
3026,flat,sector 84,spaze privy at,1.24,6465.07,1650.0,3,3,3,8.0,Relatively New,1,0,0,0,0,2,158,"28.3979° N, 76.9736° E",28.3979,76.9736
3028,flat,sector 86,microtek greenburg,1.65,8707.12,1715.0,3,4,3,8.0,Relatively New,0,1,0,0,0,1,124,"28.3986° N, 76.9384° E",28.3986,76.9384
3030,flat,sector 92,sare crescent parc royal greens phase 1,0.75,4325.26,1734.0,4,4,3+,3.0,Relatively New,0,0,0,0,0,1,93,"28.4079° N, 76.9153° E",28.4079,76.9153
3031,flat,sector 95,rof ananda,0.46,6318.68,809.0,2,2,2,11.0,New Property,1,0,0,0,0,1,82,"28.4172° N, 76.9081° E",28.4172,76.9081
3032,house,sector 21,independent,1.6,11851.85,120.0,5,5,2,3.0,Relatively New,0,0,0,0,0,1,0,"28.5134° N, 77.0723° E",28.5134,77.0723
3033,flat,sector 56,smriti apartment,0.52,10655.74,475.0,1,1,1,1.0,Old Property,0,0,0,0,0,1,34,"28.4245° N, 77.0991° E",28.4245,77.0991
3034,house,sector 50,independent,11.58,35740.74,3240.0,5,5,3,2.0,Moderately Old,0,1,0,0,0,1,20,"28.4178° N, 77.0628° E",28.4178,77.0628
3036,flat,sector 79,godrej,1.93,8532.27,2047.0,3,4,3+,5.0,Relatively New,0,1,0,0,0,1,158,"28.3624° N, 76.9787° E",28.3624,76.9787
3037,flat,sector 82,vatika the seven lamps,1.39,6411.44,1955.0,3,3,3+,11.0,Relatively New,1,1,0,0,0,2,117,"28.3935° N, 76.9600° E",28.3935,76.96
3038,flat,sector 90,shree vardhman flora,1.0,5128.21,1765.0,3,4,3,8.0,New Property,0,1,0,0,0,1,95,"28.4085° N, 76.9369° E",28.4085,76.9369
3039,house,sector 3,independent,0.37,7922.91,480.0,1,1,1,1.0,Relatively New,0,0,0,0,0,1,0,"28.4909° N, 77.0176° E",28.4909,77.0176
3040,flat,sector 79,mapsko mount ville,1.3,8024.69,1215.0,3,3,2,6.0,Relatively New,1,0,0,1,0,1,151,"28.3624° N, 76.9787° E",28.3624,76.9787
3041,flat,sector 68,pareena mi casa,1.9,9227.78,2288.0,3,3,3+,1.0,Under Construction,0,1,0,0,0,1,49,"28.3853° N, 77.0484° E",28.3853,77.0484
3042,flat,sector 79,godrej,2.01,8495.35,2141.0,3,4,3+,6.0,Relatively New,0,1,0,0,0,1,158,"28.3624° N, 76.9787° E",28.3624,76.9787
3043,flat,sector 103,ansal housing highland park,1.25,6443.3,1464.0,3,3,3+,2.0,New Property,0,0,0,1,0,1,105,"28.4949° N, 76.9845° E",28.4949,76.9845
3044,flat,sector 69,tulip violet,1.8,8955.22,1819.0,4,4,2,9.0,Relatively New,0,0,0,1,0,2,165,"28.3966° N, 77.0341° E",28.3966,77.0341
3045,flat,sector 2,bestech park view residency,1.51,7868.68,1738.0,3,4,3+,7.0,Moderately Old,0,1,0,0,0,2,84,"28.5095° N, 77.0320° E",28.5095,77.032
3046,flat,sector 104,ats triumph,2.0,8733.62,2072.0,3,4,3+,4.0,Relatively New,0,1,0,0,0,1,60,"28.4788° N, 76.9960° E",28.4788,76.996
3048,flat,sector 53,parsvnath exotica,4.8,16580.31,2500.0,3,4,3+,8.0,Relatively New,0,1,0,1,1,2,174,"28.4433° N, 77.0948° E",28.4433,77.0948
3049,house,sector 66,emaar mgf marbella,9.01,16066.33,5574.7,4,4,3+,3.0,Relatively New,0,1,1,0,0,1,122,"28.3925° N, 77.0541° E",28.3925,77.0541
3050,flat,sector 107,m3m woodshire,1.21,6227.48,1713.0,3,3,3,7.0,Moderately Old,0,0,0,0,0,2,126,"28.5052° N, 76.9729° E",28.5052,76.9729
3052,flat,sector 103,indiabulls centrum park,1.32,7787.61,1300.0,3,3,3+,6.0,Relatively New,1,0,0,0,0,1,49,"28.4949° N, 76.9845° E",28.4949,76.9845
3053,flat,sector 102,adani m2k oyster grande,1.9,9103.98,1710.0,3,4,3,8.0,Relatively New,0,1,0,0,0,1,165,"28.4750° N, 76.9715° E",28.475,76.9715
3054,house,sector 50,unitech aspen greens,6.95,32175.93,2160.0,3,3,1,2.0,Moderately Old,0,1,0,0,0,1,160,"28.4178° N, 77.0628° E",28.4178,77.0628
3055,flat,sector 22,ambience creacions,1.75,12699.56,1249.0,2,2,2,11.0,Under Construction,0,0,0,0,0,1,57,"28.5072° N, 77.0640° E",28.5072,77.064
3057,flat,sector 3,apna enclave,0.58,6105.26,900.0,2,2,2,2.0,Old Property,0,0,0,0,0,1,66,"28.4909° N, 77.0176° E",28.4909,77.0176
3058,house,sector 25,independent,6.5,36111.11,1800.0,4,3,3,3.0,Moderately Old,1,0,0,1,0,1,19,"28.4844° N, 77.0860° E",28.4844,77.086
3059,flat,sector 65,emaar mgf emerald floors premier,2.8,14177.22,2194.0,4,4,3,2.0,Relatively New,1,1,0,0,0,2,108,"28.4030° N, 77.0690° E",28.403,77.069
3060,flat,sector 82a,vatika sovereign next,3.85,7500.49,5711.0,5,6,3+,6.0,New Property,0,1,0,1,0,1,148,"28.3858° N, 76.9686° E",28.3858,76.9686
3061,flat,sector 108,experion the heartsong,1.68,8387.42,1338.29,3,3,3+,4.0,Relatively New,1,1,0,0,0,2,86,"28.5134° N, 76.9830° E",28.5134,76.983
3062,flat,sector 77,umang winter hills,1.05,5762.9,1600.0,3,3,3,7.0,Relatively New,0,0,0,0,0,1,49,"28.3801° N, 76.9845° E",28.3801,76.9845
3063,house,sector 48,vipul tatvam villa,7.35,22811.92,3222.0,4,5,2,2.0,Moderately Old,1,1,1,1,0,2,144,"28.4177° N, 77.0359° E",28.4177,77.0359
3064,house,sector 25,dlf city plots phase 2,7.5,31685.68,2300.5,9,9,3+,4.0,Relatively New,1,1,0,1,0,2,160,"28.4844° N, 77.0860° E",28.4844,77.086
3065,flat,sector 86,dlf new town heights,1.54,5785.12,2139.0,4,4,3+,21.0,Moderately Old,1,1,0,1,0,1,80,"28.3986° N, 76.9384° E",28.3986,76.9384
3066,flat,sector 106,mrg skyline,1.82,13392.2,1359.0,3,2,2,4.0,Relatively New,0,0,0,0,0,1,0,"28.5007° N, 77.0003° E",28.5007,77.0003
3067,flat,sector 28,maruti vihar colony,0.95,8886.81,1188.0,2,1,1,1.0,Old Property,0,0,0,0,0,1,59,"28.4728° N, 77.0865° E",28.4728,77.0865
3068,flat,sector 99,assotech blith,0.92,6739.93,1235.0,2,2,3+,22.0,Under Construction,0,0,0,0,0,1,56,"28.4640° N, 76.9614° E",28.464,76.9614
3070,flat,sector 95,awho shanti vihar,0.8,8888.89,713.0,2,2,3,9.0,New Property,1,0,0,0,0,1,67,"28.4172° N, 76.9081° E",28.4172,76.9081
3071,house,sector 47,malibu towne,8.81,27191.36,3240.0,8,6,3+,3.0,Moderately Old,1,1,0,0,1,2,27,"28.4276° N, 77.0492° E",28.4276,77.0492
3073,flat,sector 83,vatika gurgaon,1.42,8875.0,2000.0,4,4,3,7.0,Relatively New,1,1,0,0,0,1,103,"28.3986° N, 76.9647° E",28.3986,76.9647
3075,flat,sector 89,m3m soulitude,1.32,16923.08,867.0,3,3,3,1.0,Under Construction,0,0,0,0,0,1,45,"28.4253° N, 76.9439° E",28.4253,76.9439
3076,flat,sector 68,m3m the marina,2.22,14322.58,1403.0,3,2,3,4.0,Relatively New,0,0,0,0,0,1,44,"28.3853° N, 77.0484° E",28.3853,77.0484
3077,flat,sector 69,tulip violet,1.4,9102.73,1392.0,3,3,1,12.0,Relatively New,0,0,0,0,0,2,157,"28.3966° N, 77.0341° E",28.3966,77.0341
3078,flat,sector 33,eldeco accolade,1.2,8042.9,1492.0,2,2,2,0.0,Under Construction,0,0,0,0,0,1,56,"28.4420° N, 77.0207° E",28.442,77.0207
3079,flat,sector 108,sobha city,2.1,13972.06,1250.0,2,2,2,3.0,Under Construction,0,0,0,0,0,1,74,"28.5134° N, 76.9830° E",28.5134,76.983
3081,flat,sector 85,ss the leaf,1.65,6852.16,2179.0,3,4,3,9.0,New Property,0,0,0,1,0,1,21,"28.4042° N, 76.9513° E",28.4042,76.9513
3082,flat,sector 48,central park resorts,11.25,28266.33,4422.0,4,5,3+,2.0,Relatively New,0,1,0,1,0,1,45,"28.4177° N, 77.0359° E",28.4177,77.0359
3083,house,sector 105,row house,0.43,9129.51,1050.0,3,3,3,2.0,Relatively New,0,0,0,0,0,1,0,"28.4952° N, 77.0114° E",28.4952,77.0114
3084,flat,sector 109,brisk lumbini terrace homes,1.5,6616.67,2519.0,3,3,1,4.0,New Property,0,1,0,0,0,1,37,"28.5073° N, 77.0089° E",28.5073,77.0089
3085,house,sector 6,bhim nagar society,0.4,2500.0,1600.0,4,2,2,1.0,Moderately Old,0,0,0,0,0,1,0,"28.4745° N, 77.0262° E",28.4745,77.0262
3087,flat,sector 109,ats tourmaline,1.4,8000.0,1466.0,3,3,3+,5.0,Relatively New,0,0,0,0,0,1,44,"28.5073° N, 77.0089° E",28.5073,77.0089
3088,flat,sector 43,beverley park 1,8.44,16230.77,5000.0,4,5,3,9.0,Moderately Old,0,1,0,0,0,0,117,"28.4629° N, 77.0772° E",28.4629,77.0772
3090,flat,sector 95,ramsons kshitij,0.22,6470.59,308.0,1,1,1,2.0,New Property,0,0,0,0,0,1,0,"28.4172° N, 76.9081° E",28.4172,76.9081
3091,flat,sector 89,smart world gems,1.2,8432.89,1423.0,3,3,2,2.0,New Property,0,0,0,0,0,1,45,"28.4253° N, 76.9439° E",28.4253,76.9439
3092,house,sector 66,emaar mgf marbella,12.0,37037.04,3240.0,4,4,3+,3.0,Relatively New,1,1,1,1,0,2,160,"28.3925° N, 77.0541° E",28.3925,77.0541
3093,house,sector 26,dlf city plots,17.3,38737.12,4518.0,6,7,3+,3.0,New Property,1,1,1,1,0,2,124,"28.4757° N, 77.1032° E",28.4757,77.1032
3094,flat,sector 90,dlf new town heights,1.15,5958.55,1747.0,3,3,3+,9.0,Relatively New,0,1,0,1,0,1,88,"28.4085° N, 76.9369° E",28.4085,76.9369
3096,flat,sector 92,sare homes,0.68,5238.83,1442.0,3,3,2,11.0,Relatively New,0,0,0,1,0,1,100,"28.4079° N, 76.9153° E",28.4079,76.9153
3097,flat,sector 107,signature global solera,0.28,5833.33,543.0,2,2,2,11.0,Relatively New,0,0,0,0,0,1,45,"28.5052° N, 76.9729° E",28.5052,76.9729
3098,flat,sector 37c,imperia the esfera,0.9,6271.78,1435.0,3,3,3,9.0,Relatively New,0,0,0,0,0,1,66,"28.4515° N, 76.9882° E",28.4515,76.9882
3099,house,sector 49,eros rosewood city,4.05,20769.23,2000.0,3,3,3,2.0,Moderately Old,0,1,1,0,0,1,46,"28.4121° N, 77.0480° E",28.4121,77.048
3100,house,sector 13,independent,4.5,9090.91,4950.0,4,5,2,2.0,Old Property,0,0,0,0,0,1,0,"28.4757° N, 77.0392° E",28.4757,77.0392
3102,flat,sector 81,bestech park view ananda,1.45,8011.05,1650.0,3,3,3,8.0,Relatively New,0,0,0,0,1,2,128,"28.3867° N, 76.9485° E",28.3867,76.9485
3103,flat,sector 51,orchid island,0.71,7888.89,1007.0,2,2,1,4.0,Relatively New,0,0,0,0,0,1,23,"28.4320° N, 77.0686° E",28.432,77.0686
3104,house,sector 8,independent,0.45,9000.0,556.0,1,1,1,3.0,Moderately Old,0,0,0,0,0,1,0,"28.3738° N, 76.8970° E",28.3738,76.897
3105,house,sector 82,vatika india next,6.5,20061.73,3240.0,4,3,0,2.0,Relatively New,0,0,0,0,0,1,0,"28.3935° N, 76.9600° E",28.3935,76.96
3106,flat,sector 92,sare green parc,0.75,4820.05,1556.0,3,2,2,16.0,Relatively New,0,0,0,0,0,1,0,"28.4079° N, 76.9153° E",28.4079,76.9153
3107,flat,sector 43,ansal sushant lok ci,2.0,15151.52,1467.0,3,3,2,1.0,Old Property,0,1,0,0,0,0,15,"28.4629° N, 77.0772° E",28.4629,77.0772
3109,flat,sector 69,tulip violet,1.38,8972.69,1709.0,3,3,1,12.0,Relatively New,0,0,0,0,0,1,174,"28.3966° N, 77.0341° E",28.3966,77.0341
3110,flat,sector 39,kw royal court,2.0,6250.0,3556.0,5,4,3,9.0,Old Property,0,1,0,0,0,0,49,"28.4434° N, 77.0515° E",28.4434,77.0515
3112,flat,sector 60,ireo skyon,3.7,13214.29,2534.0,4,5,3,10.0,Relatively New,0,1,0,0,0,2,165,"28.4003° N, 77.0975° E",28.4003,77.0975
3113,flat,sector 69,tulip violet,1.42,8998.73,1428.0,3,3,2,8.0,Relatively New,0,0,0,1,0,2,94,"28.3966° N, 77.0341° E",28.3966,77.0341
3114,flat,sector 83,vatika gurgaon,1.12,6455.33,1500.0,3,3,2,17.0,Moderately Old,0,0,0,0,0,2,111,"28.3986° N, 76.9647° E",28.3986,76.9647
3115,house,sector 2,palam vihar extension west zone rwa,0.35,6481.48,600.0,2,2,0,1.0,New Property,0,0,0,0,0,1,0,"28.5095° N, 77.0320° E",28.5095,77.032
3117,flat,sector 81,signature global city 81,0.82,8640.67,955.0,2,2,3,2.0,Relatively New,0,0,0,0,0,1,53,"28.3867° N, 76.9485° E",28.3867,76.9485
3118,flat,sector 3,godrej habitat,1.3,9002.77,1604.0,2,2,2,6.0,Under Construction,0,0,0,0,0,1,36,"28.4909° N, 77.0176° E",28.4909,77.0176
3119,flat,sector 85,orris aster court premier,1.25,5896.23,1616.0,3,4,2,6.0,Relatively New,0,1,0,0,0,2,49,"28.4042° N, 76.9513° E",28.4042,76.9513
3120,flat,sector 60,ireo skyon,2.05,15185.19,1520.0,2,3,2,2.0,Relatively New,0,0,1,0,0,2,174,"28.4003° N, 77.0975° E",28.4003,77.0975
3122,flat,sector 37c,imperia the esfera,0.85,5386.57,1442.0,2,3,3,9.0,Relatively New,1,0,0,0,0,1,49,"28.4515° N, 76.9882° E",28.4515,76.9882
3124,flat,sector 88a,godrej oasis,1.5,8108.11,1674.0,3,3,3+,11.0,New Property,0,0,0,0,0,1,39,"28.4347° N, 76.9557° E",28.4347,76.9557
3126,house,sector 24,independent,2.75,7666.57,3000.0,7,7,3+,3.0,Moderately Old,0,0,0,0,1,2,0,"28.4939° N, 77.1038° E",28.4939,77.1038
3127,house,sector 11,independent,0.44,4251.21,128.0,3,2,1,1.0,Relatively New,0,0,0,1,1,1,46,"28.4531° N, 77.0202° E",28.4531,77.0202
3128,flat,sector 103,satya the hermitage,1.12,5625.31,1734.0,3,4,3+,9.0,New Property,0,1,0,0,0,1,49,"28.4949° N, 76.9845° E",28.4949,76.9845
3129,house,sector 31,independent,4.6,32258.06,1426.0,2,2,2,2.0,Moderately Old,0,0,0,0,0,1,0,"28.4528° N, 77.0498° E",28.4528,77.0498
3130,flat,manesar,hsiidc sidco aravali,0.81,3128.62,1900.0,3,3,3+,2.0,Moderately Old,0,1,0,0,0,1,74,"28.3515° N, 76.9428° E",28.3515,76.9428
3131,house,sector 50,unitech espace,11.0,40740.74,2700.0,4,4,3+,2.0,Moderately Old,0,1,0,0,0,2,88,"28.4178° N, 77.0628° E",28.4178,77.0628
3132,flat,sector 79,mapsko mount ville,1.55,8539.94,1416.0,3,4,3,11.0,Relatively New,0,1,0,0,0,2,152,"28.3624° N, 76.9787° E",28.3624,76.9787
3133,flat,sector 104,ats triumph,2.0,8733.62,2072.0,3,4,3+,4.0,Relatively New,0,1,0,0,0,1,60,"28.4788° N, 76.9960° E",28.4788,76.996
3134,flat,sector 92,sare homes,1.1,5347.59,2286.0,4,4,3,4.0,Relatively New,0,1,0,0,0,1,108,"28.4079° N, 76.9153° E",28.4079,76.9153
3136,flat,sector 22,ambience creacions,2.55,13709.68,1860.0,3,3,3,8.0,Relatively New,0,0,0,0,1,2,125,"28.5072° N, 77.0640° E",28.5072,77.064
3137,house,sector 50,unitech espace,10.45,32253.09,3240.0,5,7,3+,3.0,Moderately Old,1,1,0,1,1,2,153,"28.4178° N, 77.0628° E",28.4178,77.0628
3138,flat,sector 50,the close north,2.65,11276.6,2491.0,3,3,3+,3.0,Moderately Old,0,1,0,0,0,1,174,"28.4178° N, 77.0628° E",28.4178,77.0628
3139,house,sector 67,ansal api esencia,1.85,8222.22,278.0,3,3,3,1.0,Moderately Old,0,0,0,0,0,1,49,"28.3859° N, 77.0608° E",28.3859,77.0608
3140,flat,sector 54,dlf the grove,5.7,41244.57,1382.0,3,3,3,1.0,Moderately Old,0,0,0,0,0,1,46,"28.4348° N, 77.1089° E",28.4348,77.1089
3141,flat,sector 79,godrej,1.18,8532.18,1252.0,2,2,3,7.0,Relatively New,0,0,0,0,0,1,158,"28.3624° N, 76.9787° E",28.3624,76.9787
3143,house,sector 112,experion windchants,7.46,10259.94,6350.0,4,4,3+,2.0,Relatively New,0,1,0,1,0,2,62,"28.5189° N, 77.0183° E",28.5189,77.0183
3144,flat,sector 79,supertech araville,0.9,6949.81,1295.0,2,2,0,12.0,Relatively New,0,0,0,0,0,1,0,"28.3624° N, 76.9787° E",28.3624,76.9787
3145,flat,sector 85,godrej air,1.4,10000.0,1400.0,2,2,3,23.0,Relatively New,0,0,0,0,0,1,44,"28.4042° N, 76.9513° E",28.4042,76.9513
3146,house,sector 50,unitech nirvana birch court,6.8,31481.48,2160.0,4,4,3+,2.0,Old Property,1,1,0,1,0,1,105,"28.4178° N, 77.0628° E",28.4178,77.0628
3148,flat,sector 68,pareena mi casa,1.85,9310.52,1798.0,3,3,3+,13.0,Under Construction,0,0,0,0,0,1,47,"28.3853° N, 77.0484° E",28.3853,77.0484
3149,house,sector 10a,independent,3.6,19607.84,1836.0,3,4,3,3.0,Moderately Old,0,0,0,1,0,2,28,"28.4469° N, 77.0106° E",28.4469,77.0106
3150,flat,sector 68,pareena mi casa,0.92,7389.56,1127.0,2,2,3,5.0,Under Construction,0,0,0,0,1,1,50,"28.3853° N, 77.0484° E",28.3853,77.0484
3151,flat,sector 81,vipul lavanya,0.65,5263.16,985.0,2,2,2,14.0,Moderately Old,0,0,0,0,0,1,96,"28.3867° N, 76.9485° E",28.3867,76.9485
3152,flat,sector 33,central park flower valley,2.15,13522.01,1439.0,3,3,3+,1.0,New Property,0,0,0,0,0,1,31,"28.4420° N, 77.0207° E",28.442,77.0207
3153,flat,sector 102,rof aalayas,0.45,8411.21,568.0,2,2,1,14.0,Relatively New,0,0,0,0,0,0,57,"28.4750° N, 76.9715° E",28.475,76.9715
3154,house,sector 4,independent,1.1,6111.11,1800.0,4,4,3+,2.0,Old Property,0,0,0,0,0,1,7,"28.4738° N, 77.0107° E",28.4738,77.0107
3155,flat,sector 69,tulip violet,1.7,8457.71,1819.0,4,4,2,1.0,Relatively New,0,0,0,0,0,1,126,"28.3966° N, 77.0341° E",28.3966,77.0341
3156,flat,sector 93,signature global orchard avenue,0.85,14237.86,597.0,2,2,0,10.0,Relatively New,0,0,0,0,0,1,0,"28.4153° N, 76.9326° E",28.4153,76.9326
3157,house,sector 14,independent,7.5,16600.27,4518.0,3,3,2,1.0,Old Property,1,1,0,1,0,2,27,"28.4711° N, 77.0454° E",28.4711,77.0454
3158,flat,sector 37d,bptp terra,1.49,8106.64,1707.0,3,3,3,20.0,Relatively New,0,0,0,0,1,1,49,"28.4478° N, 76.9703° E",28.4478,76.9703
3159,house,sector 33,unitech uniworld resorts,8.0,17777.78,4500.0,6,5,3+,4.0,Relatively New,0,0,0,0,0,1,0,"28.4420° N, 77.0207° E",28.442,77.0207
3160,flat,sector 68,pareena mi casa,1.7,8504.25,1809.0,4,4,3,2.0,New Property,0,0,0,0,0,1,47,"28.3853° N, 77.0484° E",28.3853,77.0484
3161,house,sector 50,unitech nirvana birch court,11.95,36882.72,3240.0,3,3,2,1.0,Moderately Old,1,1,0,0,0,1,101,"28.4178° N, 77.0628° E",28.4178,77.0628
3162,flat,sector 108,sobha city,3.35,13267.33,2525.0,3,4,2,19.0,New Property,0,0,0,0,0,1,102,"28.5134° N, 76.9830° E",28.5134,76.983
3163,flat,sector 102,adani m2k oyster grande,1.9,14074.07,1605.0,3,4,3,21.0,Relatively New,0,1,0,0,0,1,60,"28.4750° N, 76.9715° E",28.475,76.9715
3164,house,sector 56,huda plots,2.95,20358.87,1449.0,2,2,2,1.0,Moderately Old,0,0,0,0,0,1,31,"28.4245° N, 77.0991° E",28.4245,77.0991
3165,house,sector 46,rwa sector 46,4.5,24390.24,1845.0,6,6,3+,3.0,Moderately Old,0,0,1,0,0,2,80,"28.4374° N, 77.0586° E",28.4374,77.0586
3166,flat,sector 71,chd avenue,1.0,6734.01,1344.0,3,3,3+,3.0,Relatively New,0,0,0,0,0,2,7,"28.4104° N, 77.0281° E",28.4104,77.0281
3167,house,sector 17b,kothi,6.95,15444.44,3500.0,4,4,3+,2.0,Old Property,1,1,1,1,0,1,33,"28.4806° N, 77.0663° E",28.4806,77.0663
3168,flat,sector 54,dlf park place,4.85,25866.67,1875.0,3,4,3+,25.0,Relatively New,0,1,0,0,0,2,26,"28.4348° N, 77.1089° E",28.4348,77.1089
3169,flat,sector 37d,signature global city,1.1,9839.0,1242.0,2,2,2,4.0,Relatively New,0,0,0,0,0,1,59,"28.4478° N, 76.9703° E",28.4478,76.9703
3170,flat,sector 79,mapsko mount ville,1.85,9640.44,1643.0,3,4,3,21.0,New Property,0,1,0,1,0,1,49,"28.3624° N, 76.9787° E",28.3624,76.9787
3171,flat,sector 37d,bptp terra,1.71,7804.66,2191.0,3,3,3+,7.0,Relatively New,1,0,0,0,0,1,38,"28.4478° N, 76.9703° E",28.4478,76.9703
3172,house,sector 48,vipul tatvam villa,8.25,38194.44,2160.0,4,4,3+,3.0,Relatively New,0,1,1,0,0,2,160,"28.4177° N, 77.0359° E",28.4177,77.0359
3173,flat,sector 102,conscient heritage max,2.15,9307.36,1945.0,3,4,3,13.0,Relatively New,1,1,0,0,0,1,101,"28.4750° N, 76.9715° E",28.475,76.9715
3174,house,sector 109,international city by sobha phase 2,5.65,10462.96,5400.0,4,4,3+,2.0,New Property,0,1,0,0,1,2,44,"28.5073° N, 77.0089° E",28.5073,77.0089
3175,house,sector 7,independent,0.95,21111.11,450.0,2,1,1,3.0,New Property,0,0,0,0,0,1,15,"28.4644° N, 77.0143° E",28.4644,77.0143
3176,house,sector 48,vipul tatvam villa,7.69,24068.86,3195.0,4,5,3,2.0,Moderately Old,1,1,1,1,0,2,110,"28.4177° N, 77.0359° E",28.4177,77.0359
3177,flat,sector 104,ats triumph,2.3,10000.0,2544.0,3,4,3+,15.0,New Property,0,1,0,0,0,1,117,"28.4788° N, 76.9960° E",28.4788,76.996
3178,flat,sector 69,tulip violet,1.2,10909.09,1100.0,2,3,0,0.0,Relatively New,0,0,0,0,0,1,54,"28.3966° N, 77.0341° E",28.3966,77.0341
3179,flat,sector 43,ansal maple crescent,1.35,10037.17,1320.0,3,3,3,2.0,Old Property,0,0,0,0,1,2,93,"28.4629° N, 77.0772° E",28.4629,77.0772
3180,flat,sector 92,sare homes,0.6,5000.0,1333.0,3,2,3,4.0,Moderately Old,0,0,0,0,0,2,49,"28.4079° N, 76.9153° E",28.4079,76.9153
3181,house,sector 31,independent,3.5,24154.59,1449.0,4,4,3,2.0,Old Property,0,0,1,0,0,2,70,"28.4528° N, 77.0498° E",28.4528,77.0498
3182,flat,sector 108,experion the heartsong,1.7,8487.27,1500.29,3,4,3+,14.0,Relatively New,0,1,0,0,0,1,119,"28.5134° N, 76.9830° E",28.5134,76.983
3183,flat,sector 107,signature global solera,0.37,6751.82,496.0,2,2,1,10.0,Relatively New,0,0,0,0,0,1,73,"28.5052° N, 76.9729° E",28.5052,76.9729
3184,flat,sector 60,ireo skyon,2.5,16129.03,1403.0,2,3,2,4.0,Relatively New,1,0,0,0,0,1,100,"28.4003° N, 77.0975° E",28.4003,77.0975
3185,flat,sector 112,experion windchants,5.6,11551.16,3655.35,4,6,3+,8.0,Relatively New,0,1,0,0,0,2,168,"28.5189° N, 77.0183° E",28.5189,77.0183
3186,flat,sector 70,shree vardhman victoria,1.65,8461.54,1586.0,3,4,3,1.0,Relatively New,0,1,0,0,0,0,167,"28.3968° N, 77.0233° E",28.3968,77.0233
3187,flat,sector 107,m3m woodshire,1.65,5960.98,2505.0,4,5,3+,12.0,Relatively New,0,1,0,0,0,1,21,"28.5052° N, 76.9729° E",28.5052,76.9729
3188,flat,sector 102,adani m2k oyster grande,1.95,7561.07,2334.0,3,4,3,9.0,Relatively New,1,1,0,0,0,2,83,"28.4750° N, 76.9715° E",28.475,76.9715
3189,flat,sector 113,tata gurgaon gateway,3.21,11823.2,2281.0,3,3,3,9.0,New Property,0,0,0,0,0,1,49,"28.5287° N, 77.0233° E",28.5287,77.0233
3191,flat,sector 84,ss the coralwood,1.1,4856.51,1584.0,3,3,2,9.0,Relatively New,0,0,0,0,0,1,75,"28.3979° N, 76.9736° E",28.3979,76.9736
3192,flat,sector 37d,signature global city 37d ph 2,1.35,9375.0,1600.0,3,3,3+,3.0,Under Construction,0,0,0,1,0,1,51,"28.4478° N, 76.9703° E",28.4478,76.9703
3193,flat,sector 80,godrej frontier,1.4,6189.21,1854.0,3,4,2,10.0,Moderately Old,0,0,1,1,0,1,111,"28.3659° N, 76.9557° E",28.3659,76.9557
3194,flat,sector 83,vatika lifestyle homes,1.15,8214.29,1607.0,3,3,1,7.0,Moderately Old,0,0,0,0,0,2,95,"28.3986° N, 76.9647° E",28.3986,76.9647
3195,flat,sector 85,ss the leaf,1.2,7317.07,1380.0,2,2,3+,14.0,Relatively New,0,0,1,0,0,1,141,"28.4042° N, 76.9513° E",28.4042,76.9513
3196,house,sector 49,eros rosewood city,3.75,22045.86,1701.0,3,3,1,2.0,Old Property,0,0,0,1,0,2,6,"28.4121° N, 77.0480° E",28.4121,77.048
3197,flat,sector 78,umang monsoon breeze,0.95,5491.33,1730.0,3,3,2,9.0,Relatively New,0,0,0,0,0,2,65,"28.3733° N, 76.9729° E",28.3733,76.9729
3198,house,sector 36,independent,0.75,6938.02,1081.0,3,1,0,1.0,New Property,0,0,0,0,0,1,0,"28.4160° N, 76.9914° E",28.416,76.9914
3199,flat,sector 14,unitech heritage city,4.26,13107.69,3250.0,4,4,0,9.0,Old Property,0,0,0,0,0,1,0,"28.4711° N, 77.0454° E",28.4711,77.0454
3200,flat,sector 79,supertech araville,1.1,5641.03,2167.0,3,3,3,1.0,Relatively New,0,0,0,0,0,2,106,"28.3624° N, 76.9787° E",28.3624,76.9787
3201,house,sector 105,independent,0.74,7400.0,1000.0,3,3,0,2.0,Moderately Old,0,0,0,0,0,1,0,"28.4952° N, 77.0114° E",28.4952,77.0114
3202,house,sector 65,emaar emerald hills,12.5,34722.22,3600.0,4,4,3+,2.0,Relatively New,1,1,0,0,0,1,56,"28.4030° N, 77.0690° E",28.403,77.069
3203,flat,sector 49,orchid petals,1.9,10526.32,1600.0,3,3,3,2.0,Old Property,0,0,0,0,1,2,49,"28.4121° N, 77.0480° E",28.4121,77.048
3204,flat,sector 66,emaar mgf the palm drive,2.8,16470.59,1700.0,3,4,3,8.0,Relatively New,0,1,0,0,0,2,117,"28.3925° N, 77.0541° E",28.3925,77.0541
3205,house,sector 8,independent,0.82,9111.11,900.0,2,3,3,2.0,Moderately Old,0,0,0,0,0,1,12,"28.3738° N, 76.8970° E",28.3738,76.897
3206,house,sector 28,independent,4.5,13888.89,3240.0,4,4,0,4.0,Relatively New,0,0,0,0,0,1,0,"28.4728° N, 77.0865° E",28.4728,77.0865
3207,flat,sector 81,bestech park view grand spa,4.5,10714.29,3801.0,4,6,3+,17.0,Relatively New,0,1,0,0,0,2,44,"28.3867° N, 76.9485° E",28.3867,76.9485
3208,flat,sector 56,the lions cghs,2.05,7884.62,2500.0,4,4,3+,6.0,Relatively New,0,0,0,0,1,2,101,"28.4245° N, 77.0991° E",28.4245,77.0991
3209,flat,sector 111,lotus homz,0.6,8450.7,789.0,2,2,3,9.0,New Property,0,0,0,0,0,1,52,"28.5238° N, 77.0320° E",28.5238,77.032
3210,flat,sector 66,emaar mgf the palm drive,3.98,18090.91,2200.0,3,4,3+,2.0,Moderately Old,0,1,0,0,0,2,123,"28.3925° N, 77.0541° E",28.3925,77.0541
3212,flat,sector 66,bptp mansions park prime,2.7,9768.45,2501.0,4,4,3,6.0,Relatively New,0,1,0,0,1,1,13,"28.3925° N, 77.0541° E",28.3925,77.0541
3213,flat,sector 111,puri diplomatic greens,3.45,11694.92,2670.0,4,5,3+,10.0,Relatively New,0,1,0,0,0,1,101,"28.5238° N, 77.0320° E",28.5238,77.032
3214,flat,sector 33,central park flower valley,2.5,13269.64,2093.0,3,3,2,1.0,Under Construction,0,0,0,0,0,1,66,"28.4420° N, 77.0207° E",28.442,77.0207
3215,flat,sector 85,ss the leaf,1.1,9565.22,1600.0,2,2,3,10.0,Relatively New,0,0,0,1,0,1,150,"28.4042° N, 76.9513° E",28.4042,76.9513
3216,house,sector 104,shree krishna homes,0.48,5555.56,795.0,2,2,1,1.0,New Property,1,0,0,1,1,1,44,"28.4788° N, 76.9960° E",28.4788,76.996
3217,flat,sector 92,sare crescent parc,0.87,4971.43,1584.0,4,4,2,2.0,Moderately Old,0,0,1,0,0,0,115,"28.4079° N, 76.9153° E",28.4079,76.9153
3218,flat,sector 14,essel towers,2.2,12500.0,1956.0,3,4,3+,3.0,Old Property,0,0,0,0,0,1,0,"28.4711° N, 77.0454° E",28.4711,77.0454
3219,flat,sector 74,m3m skywalk,2.25,13636.36,1938.0,3,3,2,9.0,Relatively New,0,1,0,0,0,2,174,"28.4158° N, 77.0118° E",28.4158,77.0118
3220,house,sector 26,dlf city plots,13.5,29880.48,4518.0,5,5,3,2.0,Old Property,1,1,1,1,0,2,110,"28.4757° N, 77.1032° E",28.4757,77.1032
3221,flat,sector 104,hero homes,1.35,9567.68,1094.0,3,2,2,18.0,New Property,0,0,0,0,0,1,49,"28.4788° N, 76.9960° E",28.4788,76.996
3223,flat,sector 61,smart world orchard,2.55,15644.17,1630.0,3,3,2,4.0,New Property,0,0,0,0,1,1,30,"28.4050° N, 77.0963° E",28.405,77.0963
3224,flat,sector 107,signature global solera,0.28,5725.97,543.0,2,2,2,6.0,Relatively New,0,0,0,0,0,1,45,"28.5052° N, 76.9729° E",28.5052,76.9729
3225,flat,sector 88a,godrej icon,1.65,9041.1,1652.0,3,3,3,12.0,New Property,0,0,0,0,0,1,60,"28.4347° N, 76.9557° E",28.4347,76.9557
3226,flat,sector 49,vatika city,3.6,11920.53,3356.0,4,5,3,7.0,Moderately Old,0,1,0,1,0,0,15,"28.4121° N, 77.0480° E",28.4121,77.048
3227,flat,sector 61,smart world orchard,1.6,13913.04,1278.0,2,2,2,4.0,New Property,1,0,0,0,1,1,29,"28.4050° N, 77.0963° E",28.405,77.0963
3228,house,sector 43,ansal sushant lok plots,5.8,29974.16,1935.0,6,6,3,2.0,Relatively New,0,1,0,0,1,2,49,"28.4629° N, 77.0772° E",28.4629,77.0772
3229,flat,sector 88a,breez global heights 88a,0.5,8375.21,663.0,3,2,2,2.0,Under Construction,0,0,0,0,0,1,15,"28.4347° N, 76.9557° E",28.4347,76.9557
3230,flat,sector 33,central park flower valley,1.4,21538.46,588.0,3,3,3,2.0,Under Construction,0,0,0,0,0,1,54,"28.4420° N, 77.0207° E",28.442,77.0207
3231,house,sector 14,independent,5.0,22222.22,2250.0,3,3,3,1.0,Moderately Old,0,0,0,0,0,1,25,"28.4711° N, 77.0454° E",28.4711,77.0454
3232,house,sector 17,iffco nagar and 17b rwa,2.98,20565.91,1449.0,2,6,3+,3.0,Relatively New,1,0,0,1,0,1,78,"28.4791° N, 77.0608° E",28.4791,77.0608
3233,flat,sector 60,ireo skyon,3.05,12788.26,2300.0,3,3,3,9.0,Relatively New,0,1,0,0,0,2,165,"28.4003° N, 77.0975° E",28.4003,77.0975
3234,flat,sector 65,emaar mgf emerald floors premier,2.29,13878.79,1833.0,3,4,3+,2.0,Relatively New,1,1,0,0,0,0,174,"28.4030° N, 77.0690° E",28.403,77.069
3236,house,sector 7,independent,1.0,8818.34,126.0,2,2,0,0.0,Old Property,1,0,0,0,0,1,7,"28.4644° N, 77.0143° E",28.4644,77.0143
3237,house,sector 48,independent,5.5,23504.27,2340.0,4,4,2,2.0,Relatively New,0,1,0,0,0,2,22,"28.4177° N, 77.0359° E",28.4177,77.0359
3238,house,sector 48,eldeco mansionz,6.0,22222.22,2700.0,4,4,3+,2.0,Moderately Old,0,1,0,0,0,1,69,"28.4177° N, 77.0359° E",28.4177,77.0359
3239,flat,sector 65,m3m golfestate,7.0,18181.82,4278.0,3,3,2,12.0,Moderately Old,0,0,1,0,0,1,60,"28.4030° N, 77.0690° E",28.403,77.069
3241,flat,sector 107,m3m woodshire,0.94,6881.41,1236.0,2,2,3+,1.0,Moderately Old,0,0,0,0,0,1,113,"28.5052° N, 76.9729° E",28.5052,76.9729
3242,flat,sector 102,emaar imperial gardens,1.98,9900.0,2222.0,3,3,3+,9.0,Relatively New,0,1,0,0,0,2,72,"28.4750° N, 76.9715° E",28.475,76.9715
3243,flat,sector 83,vatika gurgaon,1.18,6801.15,1618.0,3,3,2,14.0,Relatively New,0,0,0,0,0,1,26,"28.3986° N, 76.9647° E",28.3986,76.9647
3245,house,sector 49,ss aaron ville,6.5,18807.87,3456.0,5,5,2,2.0,Relatively New,1,1,0,1,0,2,28,"28.4121° N, 77.0480° E",28.4121,77.048
3246,house,sector 2,independent,6.0,20000.0,3000.0,4,4,1,2.0,Relatively New,0,0,0,0,0,1,0,"28.5095° N, 77.0320° E",28.5095,77.032
3247,flat,sector 86,ansal heights 86,1.25,7396.45,1529.0,3,2,1,11.0,New Property,0,0,0,0,0,1,45,"28.3986° N, 76.9384° E",28.3986,76.9384
3248,flat,sector 62,senate court,0.9,14084.51,639.0,1,1,0,0.0,Relatively New,0,0,0,0,0,1,0,"28.4139° N, 77.0886° E",28.4139,77.0886
3249,house,sector 6,anshul,0.85,7727.27,1222.0,2,2,0,4.0,Moderately Old,0,0,0,0,0,1,0,"28.4745° N, 77.0262° E",28.4745,77.0262
3250,flat,sector 109,sbtl caladium,1.35,7180.85,1477.0,3,2,3+,12.0,Relatively New,0,0,0,0,0,1,128,"28.5073° N, 77.0089° E",28.5073,77.0089
3251,flat,sector 81,bestech park view grand spa,2.22,8345.86,2407.0,3,4,3+,15.0,Relatively New,0,1,0,0,0,2,174,"28.3867° N, 76.9485° E",28.3867,76.9485
3252,flat,sector 95,signature global superbia,0.4,6722.69,661.0,2,2,3,2.0,Under Construction,0,0,0,0,0,1,0,"28.4172° N, 76.9081° E",28.4172,76.9081
3253,flat,sector 78,umang monsoon breeze,1.25,5000.0,2300.0,4,4,3,2.0,Relatively New,0,1,0,1,1,1,57,"28.3733° N, 76.9729° E",28.3733,76.9729
3254,flat,sector 72,spaze privy,3.1,6692.57,3374.0,4,5,3+,8.0,Moderately Old,1,1,1,1,0,1,136,"28.4225° N, 77.0211° E",28.4225,77.0211
3255,flat,sector 80,godrej frontier,1.1,5705.39,1580.0,3,3,3,8.0,Moderately Old,0,1,0,0,0,1,111,"28.3659° N, 76.9557° E",28.3659,76.9557
3256,house,sector 26,independent,15.0,33200.53,4518.0,5,6,3+,3.0,Moderately Old,1,1,1,1,0,2,78,"28.4757° N, 77.1032° E",28.4757,77.1032
3257,flat,sector 92,signature global city 92,0.78,8049.54,1083.0,2,2,2,2.0,New Property,0,0,0,0,0,2,47,"28.4079° N, 76.9153° E",28.4079,76.9153
3258,flat,sector 2,bestech park view residency,1.4,7865.17,1611.0,3,3,3+,6.0,Old Property,0,0,0,0,0,0,107,"28.5095° N, 77.0320° E",28.5095,77.032
3259,flat,sector 108,experion the heartsong,2.0,7196.83,2500.0,4,4,3+,10.0,Relatively New,0,1,0,1,0,2,174,"28.5134° N, 76.9830° E",28.5134,76.983
3260,flat,sector 62,pioneer urban presidia,6.5,14987.32,3925.0,4,4,3+,3.0,Moderately Old,1,0,0,0,0,1,86,"28.4139° N, 77.0886° E",28.4139,77.0886
3261,house,sector 41,independent,9.0,27777.78,3240.0,8,5,3+,3.0,Old Property,0,1,1,1,0,2,26,"28.4557° N, 77.0632° E",28.4557,77.0632
3262,flat,sector 50,the close north,2.5,11944.58,1894.0,3,3,3,11.0,Relatively New,0,0,0,1,0,2,127,"28.4178° N, 77.0628° E",28.4178,77.0628
3263,flat,sector 22,ambience creacions,2.4,17391.3,1200.0,2,2,2,8.0,Relatively New,0,0,0,0,1,0,112,"28.5072° N, 77.0640° E",28.5072,77.064
3264,flat,sector 85,ss the leaf,1.25,7179.78,1934.0,2,2,2,16.0,Relatively New,0,0,0,0,0,2,49,"28.4042° N, 76.9513° E",28.4042,76.9513
3266,flat,sector 81,bestech park view ananda,1.15,6927.71,1352.0,3,2,3+,12.0,Relatively New,0,0,0,0,0,1,101,"28.3867° N, 76.9485° E",28.3867,76.9485
3267,flat,sector 10a,maxworth city residences,0.9,7081.04,1086.0,2,2,3,9.0,New Property,0,0,0,0,1,1,52,"28.4469° N, 77.0106° E",28.4469,77.0106
3268,flat,sector 83,vatika gurgaon,0.75,6024.1,1150.0,2,2,2,19.0,Relatively New,0,0,0,0,1,2,105,"28.3986° N, 76.9647° E",28.3986,76.9647
3269,house,sector 26,independent,4.45,35177.87,1265.0,4,4,3,3.0,Old Property,0,0,0,0,0,1,25,"28.4757° N, 77.1032° E",28.4757,77.1032
3270,flat,sector 109,ats tourmaline,1.45,6744.19,1797.0,3,4,3+,4.0,Relatively New,0,1,0,0,0,1,71,"28.5073° N, 77.0089° E",28.5073,77.0089
3271,flat,sector 99,vatika sovereign park,3.25,9672.62,3041.0,4,4,3+,2.0,New Property,0,1,0,0,0,1,123,"28.4640° N, 76.9614° E",28.464,76.9614
3272,flat,sector 104,puri emerald bay,1.58,9117.14,1538.0,2,3,3,11.0,Relatively New,0,1,0,0,0,1,101,"28.4788° N, 76.9960° E",28.4788,76.996
3273,flat,sector 107,m3m woodshire,0.9,6588.58,1236.0,2,2,3+,4.0,Relatively New,0,0,0,0,0,1,21,"28.5052° N, 76.9729° E",28.5052,76.9729
3274,flat,sector 70,shree vardhman victoria,1.15,8518.52,1500.0,2,2,2,6.0,Relatively New,1,0,0,0,0,1,85,"28.3968° N, 77.0233° E",28.3968,77.0233
3275,flat,sector 109,ats kocoon,2.95,10350.88,3150.0,4,4,3+,7.0,Relatively New,0,1,1,0,0,2,158,"28.5073° N, 77.0089° E",28.5073,77.0089
3276,flat,sector 95,signature signum 95a,0.4,7782.1,571.0,2,2,2,3.0,New Property,0,0,0,0,0,1,44,"28.4172° N, 76.9081° E",28.4172,76.9081
3277,house,sector 6,independent,0.75,10518.93,713.0,2,4,1,3.0,Moderately Old,0,0,0,0,0,1,62,"28.4745° N, 77.0262° E",28.4745,77.0262
3278,flat,sector 69,tulip violet,2.0,9950.25,1819.0,4,4,2,0.0,Relatively New,0,0,0,0,0,1,95,"28.3966° N, 77.0341° E",28.3966,77.0341
3279,house,sector 49,uppal southend,3.75,25562.37,1467.0,2,6,3,3.0,Moderately Old,0,0,0,0,1,1,49,"28.4121° N, 77.0480° E",28.4121,77.048
3280,house,sector 37d,independent,2.5,13157.89,1900.0,5,5,3+,2.0,Relatively New,0,0,0,0,0,1,0,"28.4478° N, 76.9703° E",28.4478,76.9703
3281,flat,sector 107,m3m woodshire,0.8,5856.52,1236.0,2,2,3+,7.0,Relatively New,0,0,0,0,0,2,165,"28.5052° N, 76.9729° E",28.5052,76.9729
3282,house,sector 54,dlf the grove,5.7,23456.79,2430.0,4,4,0,1.0,Moderately Old,0,0,0,0,0,1,46,"28.4348° N, 77.1089° E",28.4348,77.1089
3283,flat,sector 81,vipul lavanya,0.64,5263.16,1361.0,2,2,3,12.0,Relatively New,0,0,0,0,0,2,93,"28.3867° N, 76.9485° E",28.3867,76.9485
3284,house,sector 11,"nirmal enclave, maruti kunj road",0.24,5333.33,450.0,2,2,0,2.0,Relatively New,0,0,0,0,0,1,0,"28.4531° N, 77.0202° E",28.4531,77.0202
3285,flat,sector 113,la vida by tata housing,2.45,11050.97,1890.0,3,3,3+,3.0,Relatively New,1,0,0,0,0,1,174,"28.5287° N, 77.0233° E",28.5287,77.0233
3286,flat,sector 43,kamroon court,2.75,13750.0,2222.0,3,4,3+,5.0,Moderately Old,0,1,0,0,1,2,49,"28.4629° N, 77.0772° E",28.4629,77.0772
3287,house,sector 17b,independent,7.2,15925.68,4494.0,4,4,2,1.0,Old Property,0,1,1,0,0,1,0,"28.4806° N, 77.0663° E",28.4806,77.0663
3288,house,sector 48,vipul tatvam villa,18.5,26428.57,7000.0,4,4,1,1.0,Moderately Old,0,0,0,0,0,1,30,"28.4177° N, 77.0359° E",28.4177,77.0359
3289,flat,sector 112,experion windchants,3.65,12310.29,2225.56,3,4,3+,14.0,Relatively New,0,1,0,0,0,2,150,"28.5189° N, 77.0183° E",28.5189,77.0183
3291,house,sector 7,independent,0.9,10000.0,900.0,2,4,3,3.0,Old Property,0,1,0,0,1,2,44,"28.4644° N, 77.0143° E",28.4644,77.0143
3292,house,sector 40,independent,5.0,21123.79,2367.0,9,9,3+,3.0,Relatively New,0,0,0,1,0,2,66,"28.4498° N, 77.0567° E",28.4498,77.0567
3293,flat,sector 28,dlf regency park,2.26,13696.97,1700.0,3,3,2,19.0,Old Property,0,1,0,0,0,1,158,"28.4728° N, 77.0865° E",28.4728,77.0865
3294,flat,sector 50,unitech harmony,2.6,9590.56,2700.0,3,4,2,15.0,Relatively New,0,1,0,0,1,2,174,"28.4178° N, 77.0628° E",28.4178,77.0628
3295,flat,sector 95,the roselia 2,0.45,6474.82,695.0,2,2,2,19.0,New Property,0,0,0,0,0,1,0,"28.4172° N, 76.9081° E",28.4172,76.9081
3296,flat,sector 61,smart world orchard,2.45,15796.26,1223.0,3,3,3,3.0,New Property,1,1,0,0,0,1,119,"28.4050° N, 77.0963° E",28.405,77.0963
3297,house,sector 17,independent,9.5,23456.79,4050.0,8,8,3,3.0,Relatively New,1,0,0,0,0,2,27,"28.4791° N, 77.0608° E",28.4791,77.0608
3298,flat,gwal pahari,bsf chs,0.95,5937.5,1778.0,3,3,3,13.0,Old Property,0,0,0,0,0,1,37,"28.4484° N, 77.0210° E",28.4484,77.021
3300,flat,manesar,sbr minda sec 1 imt manesar,0.65,4259.5,1696.0,3,2,3+,6.0,Moderately Old,0,0,0,0,0,1,5,"28.3515° N, 76.9428° E",28.3515,76.9428
3303,house,sector 4,independent,3.2,14222.22,2250.0,3,3,2,2.0,Old Property,0,0,0,0,0,1,13,"28.4738° N, 77.0107° E",28.4738,77.0107
3304,flat,sector 99,pivotal riddhi siddhi,0.4,4444.44,733.0,2,2,2,9.0,New Property,0,0,0,0,0,1,60,"28.4640° N, 76.9614° E",28.464,76.9614
3305,flat,sector 90,shree vardhman flora,0.85,4404.15,1679.0,3,4,3,3.0,Relatively New,0,1,1,0,0,1,110,"28.4085° N, 76.9369° E",28.4085,76.9369
3306,flat,sector 28,essel tower,2.2,12500.0,1956.0,3,4,3+,3.0,Moderately Old,0,1,0,0,0,0,0,"28.4728° N, 77.0865° E",28.4728,77.0865
3307,flat,sector 113,la vida by tata housing,1.93,12222.93,1429.0,3,3,2,8.0,Under Construction,0,0,0,0,0,1,71,"28.5287° N, 77.0233° E",28.5287,77.0233
3308,house,sector 93,dlf gardencity enclave,1.3,11284.72,1152.0,3,2,1,3.0,Relatively New,0,0,0,0,0,1,50,"28.4153° N, 76.9326° E",28.4153,76.9326
3309,flat,sector 84,alpha corp gurgaonone,2.28,8769.23,2998.0,4,4,3+,8.0,Relatively New,0,1,0,0,0,1,61,"28.3979° N, 76.9736° E",28.3979,76.9736
3310,flat,sector 109,sbtl caladium,1.26,6542.06,1701.0,3,2,3,8.0,Relatively New,0,0,0,0,0,1,103,"28.5073° N, 77.0089° E",28.5073,77.0089
3311,flat,sector 62,pioneer araya,8.35,19513.91,3872.0,4,6,3,16.0,Relatively New,0,1,0,1,0,1,153,"28.4139° N, 77.0886° E",28.4139,77.0886
3312,house,sector 8,independent,0.59,10085.47,585.0,2,2,2,2.0,Moderately Old,0,0,0,0,1,1,7,"28.3738° N, 76.8970° E",28.3738,76.897
3313,house,sector 46,independent,5.65,23869.88,2367.0,8,6,3+,3.0,Moderately Old,0,1,0,0,0,2,67,"28.4374° N, 77.0586° E",28.4374,77.0586
3314,flat,sector 103,ansal housing highland park,0.88,6428.05,1232.0,2,2,3,3.0,New Property,0,0,0,0,0,1,52,"28.4949° N, 76.9845° E",28.4949,76.9845
3316,flat,sector 84,alpha corp gurgaonone,1.5,7641.37,1833.0,3,3,3,20.0,Relatively New,0,1,0,0,0,2,37,"28.3979° N, 76.9736° E",28.3979,76.9736
3317,flat,sector 48,central park 2 bellevue,2.75,10754.79,2574.0,3,4,3+,3.0,Moderately Old,0,0,0,0,0,1,32,"28.4177° N, 77.0359° E",28.4177,77.0359
3318,flat,sector 104,hero homes,1.2,17543.86,877.0,2,2,2,22.0,Under Construction,0,0,0,0,0,1,30,"28.4788° N, 76.9960° E",28.4788,76.996
3320,flat,sector 102,shapoorji pallonji joyville,1.1,12021.86,915.0,2,2,1,7.0,Relatively New,0,0,0,0,0,1,0,"28.4750° N, 76.9715° E",28.475,76.9715
3321,flat,sector 85,ss the leaf,2.15,10924.8,2366.0,4,5,3+,6.0,Relatively New,0,1,0,0,0,1,156,"28.4042° N, 76.9513° E",28.4042,76.9513
3322,flat,sector 72,tata primanti,3.3,15102.97,2185.0,3,4,3+,15.0,New Property,0,1,0,0,0,0,174,"28.4225° N, 77.0211° E",28.4225,77.0211
3324,house,sector 25,nul,9.5,33403.66,2844.0,9,9,3+,3.0,Old Property,0,0,0,0,1,1,81,"28.4844° N, 77.0860° E",28.4844,77.086
3325,flat,sector 67,ireo victory valley,3.49,12998.14,2724.0,3,3,3,19.0,Relatively New,0,1,0,0,0,1,103,"28.3859° N, 77.0608° E",28.3859,77.0608
3326,house,sector 66,emaar mgf marbella,8.7,38666.67,2250.0,4,5,2,3.0,New Property,1,1,0,0,0,1,144,"28.3925° N, 77.0541° E",28.3925,77.0541
3327,flat,sector 113,la vida by tata housing,3.35,16750.0,2200.0,3,4,3+,12.0,New Property,1,1,0,0,0,1,174,"28.5287° N, 77.0233° E",28.5287,77.0233
3330,house,sector 109,international city by sobha phase 1,6.15,27333.33,2250.0,5,5,3+,3.0,Relatively New,0,1,1,1,0,2,130,"28.5073° N, 77.0089° E",28.5073,77.0089
3331,house,sector 4,independent,2.3,17011.83,160.0,4,4,3,2.0,Old Property,0,0,0,0,0,2,15,"28.4738° N, 77.0107° E",28.4738,77.0107
3332,flat,sector 33,godrej nature plus,1.35,8670.52,1409.0,3,2,3+,17.0,New Property,0,0,0,0,0,1,38,"28.4420° N, 77.0207° E",28.442,77.0207
3333,flat,sector 69,tulip violet,1.7,8432.54,1819.0,4,4,2,10.0,New Property,0,0,0,0,0,1,125,"28.3966° N, 77.0341° E",28.3966,77.0341
3334,flat,sector 37d,signature global city 37d ph 2,1.1,8148.15,1500.0,3,3,1,2.0,Under Construction,0,0,0,1,0,1,30,"28.4478° N, 76.9703° E",28.4478,76.9703
3336,flat,sector 69,tulip violet,1.6,10139.42,1428.0,3,3,2,0.0,Relatively New,0,0,0,1,0,1,166,"28.3966° N, 77.0341° E",28.3966,77.0341
3337,flat,sector 56,kendriya vihar,0.58,9586.78,672.0,1,1,1,1.0,Old Property,0,0,0,0,0,1,77,"28.4245° N, 77.0991° E",28.4245,77.0991
3338,flat,sector 76,whiteland blissville,1.9,11363.64,1513.0,3,3,2,0.0,Under Construction,0,0,0,0,0,1,61,"28.3935° N, 76.9888° E",28.3935,76.9888
3339,flat,sector 102,emaar gurgaon greens,1.42,8606.06,1315.0,3,3,3,7.0,Relatively New,0,1,0,0,0,1,128,"28.4750° N, 76.9715° E",28.475,76.9715
3340,house,sector 49,eros rosewood villas,2.5,13513.51,1900.0,3,3,2,2.0,Moderately Old,0,0,1,1,0,1,59,"28.4121° N, 77.0480° E",28.4121,77.048
3341,flat,sector 61,smart world orchard,2.24,14460.94,1402.0,3,3,2,3.0,New Property,0,0,0,0,1,1,61,"28.4050° N, 77.0963° E",28.405,77.0963
3342,house,sector 41,independent,7.0,28282.83,2475.0,7,7,3+,3.0,Moderately Old,1,1,1,1,0,0,151,"28.4557° N, 77.0632° E",28.4557,77.0632
3343,flat,sector 81,bestech park view grand spa,3.0,9419.15,2882.0,4,5,2,6.0,Relatively New,0,1,0,0,0,2,110,"28.3867° N, 76.9485° E",28.3867,76.9485
3345,house,sector 13,independent,1.5,10518.93,1426.0,2,2,2,3.0,Old Property,1,0,0,1,0,1,7,"28.4757° N, 77.0392° E",28.4757,77.0392
3346,flat,sector 90,dlf new town heights,1.65,5683.78,2468.0,4,4,3+,7.0,Moderately Old,0,0,0,0,0,1,117,"28.4085° N, 76.9369° E",28.4085,76.9369
3347,flat,sector 4,shri ram apartments,0.46,5111.11,1000.0,2,2,1,1.0,Relatively New,0,0,0,0,0,2,69,"28.4738° N, 77.0107° E",28.4738,77.0107
3348,flat,sector 99,vatika sovereign park,3.25,9672.62,3041.0,4,4,3+,2.0,New Property,0,1,0,0,0,1,123,"28.4640° N, 76.9614° E",28.464,76.9614
3349,flat,sector 86,pyramid urban homes 2,0.43,8582.83,557.0,2,2,1,6.0,New Property,1,0,0,0,0,1,92,"28.3986° N, 76.9384° E",28.3986,76.9384
3350,flat,sector 33,unitech the residences,1.1,9909.91,1100.0,2,2,3,9.0,Moderately Old,0,0,0,0,0,2,44,"28.4420° N, 77.0207° E",28.442,77.0207
3351,flat,sector 93,signature global orchard avenue,0.4,7352.94,604.0,2,2,2,11.0,New Property,0,0,0,0,0,1,37,"28.4153° N, 76.9326° E",28.4153,76.9326
3354,house,sector 50,nirvana cedar crest,7.1,32870.37,2160.0,5,4,3,2.0,Moderately Old,1,0,1,1,0,2,110,"28.4178° N, 77.0628° E",28.4178,77.0628
3355,flat,sector 3,apna enclave,0.55,5789.47,900.0,2,2,2,2.0,Old Property,0,0,0,0,0,1,66,"28.4909° N, 77.0176° E",28.4909,77.0176
3356,house,sector 6,independent,0.66,10784.31,612.0,3,2,1,2.0,Old Property,0,0,0,0,0,1,36,"28.4745° N, 77.0262° E",28.4745,77.0262
3357,flat,sector 69,unitech sunbreeze,1.0,5476.45,1826.0,4,3,0,0.0,Relatively New,0,0,0,0,0,1,0,"28.3966° N, 77.0341° E",28.3966,77.0341
3358,house,sector 81,signature global city 81,0.75,6849.32,1095.0,3,2,3,4.0,Under Construction,1,0,0,0,0,1,97,"28.3867° N, 76.9485° E",28.3867,76.9485
3359,flat,sector 92,sare crescent parc,0.49,4909.82,1109.0,2,2,2,2.0,Relatively New,0,0,0,0,0,1,96,"28.4079° N, 76.9153° E",28.4079,76.9153
3360,house,sector 12,independent,1.4,8701.06,166.0,2,2,1,2.0,Old Property,0,0,0,0,0,1,0,"28.4723° N, 77.0320° E",28.4723,77.032
3361,house,sector 12,independent,3.71,19818.38,1872.0,3,3,1,4.0,Moderately Old,0,0,0,1,0,1,0,"28.4723° N, 77.0320° E",28.4723,77.032
3362,flat,sector 71,m3m sky lofts,1.0,11494.25,869.0,1,1,1,9.0,Moderately Old,0,0,0,0,0,1,77,"28.4104° N, 77.0281° E",28.4104,77.0281
3363,flat,sector 61,smart world orchard,1.57,13652.17,1150.0,2,2,2,3.0,New Property,1,0,0,0,1,1,71,"28.4050° N, 77.0963° E",28.405,77.0963
3364,flat,sector 90,dlf new town heights,1.9,5683.52,2468.0,4,4,3+,7.0,Relatively New,0,1,0,1,0,1,88,"28.4085° N, 76.9369° E",28.4085,76.9369
3366,flat,sector 95,rof ananda,0.36,5660.38,717.0,2,2,2,10.0,New Property,1,0,0,0,0,1,75,"28.4172° N, 76.9081° E",28.4172,76.9081
3367,flat,sector 43,bhawna cghs,3.25,10156.25,3115.0,4,4,3+,12.0,Moderately Old,0,0,0,1,0,2,119,"28.4629° N, 77.0772° E",28.4629,77.0772
3368,flat,sector 67a,ireo the corridors,1.3,10030.86,1296.0,2,2,2,1.0,New Property,0,0,0,0,0,1,55,"28.3960° N, 77.0372° E",28.396,77.0372
3369,flat,sector 54,dlf the belaire,7.0,23333.33,2715.0,4,6,3+,12.0,Moderately Old,0,1,1,1,0,2,108,"28.4348° N, 77.1089° E",28.4348,77.1089
3370,house,sector 105,independent,1.3,11555.56,1125.0,3,3,1,1.0,Moderately Old,0,0,0,0,0,1,0,"28.4952° N, 77.0114° E",28.4952,77.0114
3371,flat,sector 82,vatika independent floors,0.67,5826.09,1150.0,2,2,3,2.0,Moderately Old,0,0,0,0,0,1,53,"28.3935° N, 76.9600° E",28.3935,76.96
3372,flat,sector 28,sahara grace,4.3,12420.57,3133.0,3,4,3,5.0,Old Property,0,1,1,0,0,1,24,"28.4728° N, 77.0865° E",28.4728,77.0865
3373,flat,sector 106,paras dews,1.0,7220.22,940.0,2,2,3+,2.0,New Property,0,0,0,0,0,2,21,"28.5007° N, 77.0003° E",28.5007,77.0003
3374,flat,sector 76,corona gracieux,1.46,5499.06,2398.0,4,6,3+,8.0,New Property,0,1,0,0,0,1,58,"28.3935° N, 76.9888° E",28.3935,76.9888
3375,flat,sector 84,pivotal devaan apartments,0.39,6500.0,549.0,2,2,0,5.0,Relatively New,0,0,0,0,0,1,0,"28.3979° N, 76.9736° E",28.3979,76.9736
3376,house,sector 46,independent,2.25,2723.31,90.0,4,3,3,3.0,Relatively New,1,0,0,0,0,2,35,"28.4374° N, 77.0586° E",28.4374,77.0586
3377,house,sector 25,dlf city plots phase 2,6.5,33591.73,1935.0,3,9,3+,3.0,Old Property,1,1,1,1,0,2,142,"28.4844° N, 77.0860° E",28.4844,77.086
3378,flat,sector 102,emaar gurgaon greens,1.45,8787.88,1493.0,3,3,3,7.0,Relatively New,0,1,0,0,0,1,159,"28.4750° N, 76.9715° E",28.475,76.9715
3379,flat,sector 84,antriksh heights,0.9,4444.44,1833.0,3,3,3,18.0,Relatively New,0,1,0,1,0,1,59,"28.3979° N, 76.9736° E",28.3979,76.9736
3380,house,sector 25,independent,13.5,19285.71,7000.0,9,9,0,1.0,Relatively New,0,0,0,0,0,1,0,"28.4844° N, 77.0860° E",28.4844,77.086
3381,flat,sector 79,mapsko mount ville,1.25,8389.26,1154.0,3,3,3,22.0,Relatively New,1,0,0,1,0,1,160,"28.3624° N, 76.9787° E",28.3624,76.9787
3382,house,sector 2,ansal celebrity homes,5.2,10000.0,5200.0,4,5,2,1.0,Moderately Old,0,0,0,0,0,1,0,"28.5095° N, 77.0320° E",28.5095,77.032
3384,flat,sector 108,sobha city,2.95,14727.91,2003.0,3,4,2,12.0,Relatively New,0,0,0,0,0,1,49,"28.5134° N, 76.9830° E",28.5134,76.983
3386,flat,sector 82,mapsko casa bella,1.75,6903.35,2535.0,4,5,3+,1.0,Relatively New,0,0,0,0,0,1,54,"28.3935° N, 76.9600° E",28.3935,76.96
3387,flat,sector 37d,bptp terra,1.45,8006.63,1711.0,3,3,3,8.0,Relatively New,0,0,0,0,0,1,149,"28.4478° N, 76.9703° E",28.4478,76.9703
3388,flat,sector 92,sare homes,0.71,5354.45,1473.0,3,3,3,2.0,Relatively New,0,0,0,1,0,1,108,"28.4079° N, 76.9153° E",28.4079,76.9153
3389,flat,sector 92,sare homes,0.8,4694.84,1893.0,4,4,3,1.0,Moderately Old,0,0,0,0,0,1,77,"28.4079° N, 76.9153° E",28.4079,76.9153
3390,flat,sector 77,umang winter hills,0.8,5961.25,1163.0,2,2,2,10.0,Relatively New,0,0,0,0,0,2,49,"28.3801° N, 76.9845° E",28.3801,76.9845
3391,flat,sector 83,vatika gurgaon,1.05,7000.0,1618.0,3,3,3,3.0,Relatively New,0,0,1,0,0,1,79,"28.3986° N, 76.9647° E",28.3986,76.9647
3392,flat,sector 111,puri diplomatic greens,2.65,13589.74,2086.0,3,4,2,7.0,Relatively New,0,1,0,0,0,2,159,"28.5238° N, 77.0320° E",28.5238,77.032
3393,flat,sector 74,m3m skywalk,1.78,12500.0,1582.0,2,2,3+,12.0,Relatively New,0,0,0,0,0,1,63,"28.4158° N, 77.0118° E",28.4158,77.0118
3394,flat,sector 33,godrej nature plus,1.1,7971.01,1533.0,2,2,2,14.0,Under Construction,0,0,0,0,0,1,56,"28.4420° N, 77.0207° E",28.442,77.0207
3395,flat,sector 69,tulip violet,1.68,10071.94,1510.0,3,3,2,0.0,Relatively New,0,0,0,0,0,1,157,"28.3966° N, 77.0341° E",28.3966,77.0341
3396,flat,sector 56,kiran residency,1.55,6888.89,1900.0,3,3,3+,5.0,Moderately Old,0,1,0,1,0,2,92,"28.4245° N, 77.0991° E",28.4245,77.0991
3397,flat,sector 81,dlf the ultima,2.25,10755.26,2090.0,3,4,3+,11.0,Relatively New,0,1,0,0,0,0,174,"28.3867° N, 76.9485° E",28.3867,76.9485
3398,flat,sector 49,satya element one,0.87,19333.33,500.0,1,1,1,2.0,Relatively New,0,0,0,0,0,1,22,"28.4121° N, 77.0480° E",28.4121,77.048
3399,flat,sector 22,ambience creacions,6.16,20533.33,3333.0,4,5,3+,10.0,New Property,0,1,0,1,0,2,49,"28.5072° N, 77.0640° E",28.5072,77.064
3401,flat,sector 83,emaar palm gardens,1.8,9473.68,1900.0,3,4,0,9.0,Relatively New,0,0,0,0,0,1,55,"28.3986° N, 76.9647° E",28.3986,76.9647
3402,flat,sector 52,ansal api sushant estate,0.29,11600.0,278.0,1,1,0,0.0,Moderately Old,0,0,0,0,0,2,49,"28.4379° N, 77.0785° E",28.4379,77.0785
3403,flat,sector 63,dhoot time residency,3.0,18270.4,1642.0,3,3,3+,14.0,Relatively New,0,1,0,0,0,2,0,"28.3971° N, 77.0867° E",28.3971,77.0867
3404,flat,sector 37c,corona optus,1.43,7185.93,1845.0,3,3,3+,2.0,Relatively New,1,1,0,0,1,1,49,"28.4515° N, 76.9882° E",28.4515,76.9882
3405,flat,sector 65,m3m heights,2.01,13498.99,1482.0,2,2,3,8.0,New Property,1,0,0,0,0,1,44,"28.4030° N, 77.0690° E",28.403,77.069
3406,flat,sector 37d,ramprastha the edge towers,1.0,5649.72,1602.0,3,3,3+,13.0,Moderately Old,0,0,0,0,0,1,38,"28.4478° N, 76.9703° E",28.4478,76.9703
3407,flat,sector 4,shri ram apartments,0.36,3789.47,1056.0,2,2,1,4.0,Relatively New,0,0,0,0,0,1,0,"28.4738° N, 77.0107° E",28.4738,77.0107
3408,flat,sector 33,godrej nature plus,1.55,9955.04,1730.0,3,2,3+,8.0,New Property,0,0,0,0,0,1,43,"28.4420° N, 77.0207° E",28.442,77.0207
3409,house,sector 82,vatika the seven lamps,1.6,6597.94,2425.0,4,4,3+,16.0,Moderately Old,0,1,0,0,0,1,94,"28.3935° N, 76.9600° E",28.3935,76.96
3412,flat,sector 70,shree vardhman victoria,1.62,8307.69,1527.0,3,5,3,9.0,Relatively New,0,1,0,0,0,1,43,"28.3968° N, 77.0233° E",28.3968,77.0233
3413,house,sector 50,unitech espace,7.35,41761.36,1760.0,4,4,3+,3.0,Moderately Old,0,1,0,1,0,2,52,"28.4178° N, 77.0628° E",28.4178,77.0628
3414,flat,sector 84,pivotal devaan,0.3,6666.67,500.0,1,1,1,14.0,New Property,0,0,0,0,0,2,22,"28.3979° N, 76.9736° E",28.3979,76.9736
3416,flat,sector 102,shapoorji pallonji joyville gurugram,1.28,10534.98,1100.0,2,2,3,10.0,Relatively New,0,0,0,0,0,1,49,"28.4750° N, 76.9715° E",28.475,76.9715
3417,flat,sector 77,umang winter hills,1.4,6340.58,1735.0,3,3,3,10.0,Relatively New,0,0,0,0,0,1,28,"28.3801° N, 76.9845° E",28.3801,76.9845
3418,flat,sector 69,tulip leaf,2.07,11423.84,1640.0,3,3,3,16.0,Relatively New,0,0,0,0,0,1,49,"28.3966° N, 77.0341° E",28.3966,77.0341
3419,flat,sector 104,zara aavaas,0.22,7308.97,335.0,1,2,2,2.0,New Property,0,0,0,0,0,1,60,"28.4788° N, 76.9960° E",28.4788,76.996
3420,house,sector 110,independent,0.34,6800.0,500.0,1,1,0,1.0,Moderately Old,0,0,0,0,0,1,0,"28.5145° N, 77.0197° E",28.5145,77.0197
3421,flat,sector 48,parsvnath green ville,1.42,8606.06,1493.0,3,3,3,1.0,Moderately Old,0,0,1,0,0,0,174,"28.4177° N, 77.0359° E",28.4177,77.0359
3422,flat,sector 70,shree vardhman victoria,1.67,14384.15,1527.0,3,5,3,5.0,Moderately Old,0,1,0,0,0,1,108,"28.3968° N, 77.0233° E",28.3968,77.0233
3423,flat,sector 30,unitech uniworld city,3.55,14991.55,2367.0,3,5,3+,16.0,Old Property,0,1,0,0,0,2,141,"28.4604° N, 77.0579° E",28.4604,77.0579
3424,flat,sector 81,bestech park view ananda,0.95,10626.4,1112.0,2,2,2,2.0,Relatively New,0,0,0,0,0,2,104,"28.3867° N, 76.9485° E",28.3867,76.9485
3425,house,sector 89,greenopolis,0.7,5397.07,1297.0,2,2,2,14.0,New Property,0,0,0,0,0,1,0,"28.4253° N, 76.9439° E",28.4253,76.9439
3426,flat,sector 70,shree vardhman victoria,1.25,9259.26,1222.0,2,2,3,3.0,Relatively New,1,0,0,0,0,1,43,"28.3968° N, 77.0233° E",28.3968,77.0233
3427,flat,sector 103,indiabulls centrum park,2.45,8521.74,2602.0,4,4,3,11.0,Relatively New,1,1,1,1,0,1,38,"28.4949° N, 76.9845° E",28.4949,76.9845
3428,house,sector 43,sushant lok 1 builder floors,2.45,7755.62,540.0,4,4,3+,3.0,Moderately Old,1,1,0,1,1,0,123,"28.4629° N, 77.0772° E",28.4629,77.0772
3429,house,sector 105,independent,1.2,13333.33,900.0,4,4,1,2.0,Moderately Old,0,0,0,0,1,1,14,"28.4952° N, 77.0114° E",28.4952,77.0114
3430,house,sector 12,independent,1.0,8230.45,3750.0,3,7,3+,3.0,Moderately Old,0,0,1,1,0,1,7,"28.4723° N, 77.0320° E",28.4723,77.032
3431,flat,sector 90,shree vardhman flora,0.7,5384.62,1176.0,2,2,3,13.0,New Property,1,0,0,0,0,1,15,"28.4085° N, 76.9369° E",28.4085,76.9369
3432,flat,sector 109,chintels paradiso,1.97,7490.49,2380.0,4,4,2,11.0,Relatively New,0,1,0,1,0,1,49,"28.5073° N, 77.0089° E",28.5073,77.0089
3433,flat,sector 10a,maxworth city residences,0.8,6400.0,1389.0,2,3,2,9.0,New Property,0,0,0,0,0,1,46,"28.4469° N, 77.0106° E",28.4469,77.0106
3434,flat,sector 85,ss the leaf,1.98,8256.88,2399.0,3,4,3,12.0,Relatively New,0,0,1,0,0,1,174,"28.4042° N, 76.9513° E",28.4042,76.9513
3435,house,sector 26,independent,6.75,27777.78,2430.0,3,3,3,2.0,Moderately Old,0,0,0,0,0,1,27,"28.4757° N, 77.1032° E",28.4757,77.1032
3436,house,sector 110,my home,0.34,12592.59,270.0,2,2,2,3.0,Moderately Old,0,0,0,0,0,1,22,"28.5145° N, 77.0197° E",28.5145,77.0197
3437,flat,sector 106,elan the presidential,3.9,15918.37,2450.0,3,3,0,20.0,Relatively New,0,0,0,0,0,1,66,"28.5007° N, 77.0003° E",28.5007,77.0003
3438,flat,sector 112,experion windchants,3.65,11427.68,2800.0,3,5,2,3.0,Relatively New,0,1,0,0,0,1,72,"28.5189° N, 77.0183° E",28.5189,77.0183
3439,house,sector 48,vipul tatvam villa,5.5,21219.14,2592.0,3,6,2,2.0,Moderately Old,0,1,0,0,1,2,106,"28.4177° N, 77.0359° E",28.4177,77.0359
3440,flat,sector 102,shapoorji pallonji joyville gurugram,1.95,10529.16,1676.0,3,3,3,10.0,Relatively New,0,0,0,0,0,1,59,"28.4750° N, 76.9715° E",28.475,76.9715
3441,flat,sector 83,vatika city homes,1.0,5747.13,1575.0,3,3,2,2.0,Relatively New,0,0,1,0,0,2,174,"28.3986° N, 76.9647° E",28.3986,76.9647
3442,house,sector 2,ansals palam vihar,2.75,17662.17,1557.0,3,3,3,2.0,Moderately Old,1,0,0,1,0,2,15,"28.5095° N, 77.0320° E",28.5095,77.032
3443,flat,sector 103,ansal estella,1.5,8670.52,1741.0,3,3,3+,6.0,Under Construction,0,0,0,0,0,1,58,"28.4949° N, 76.9845° E",28.4949,76.9845
3444,flat,sector 102,shapoorji pallonji joyville gurugram,1.25,9873.62,1100.0,2,2,2,0.0,Relatively New,0,0,0,0,0,1,79,"28.4750° N, 76.9715° E",28.475,76.9715
3445,flat,sector 63a,czar mahira homes 63a,0.42,7407.41,630.0,3,2,2,1.0,Under Construction,0,0,0,0,0,1,0,"28.3923° N, 77.0888° E",28.3923,77.0888
3446,flat,sector 86,ansal heights 86,0.67,5098.93,1231.0,2,2,1,10.0,Relatively New,0,0,0,0,0,1,115,"28.3986° N, 76.9384° E",28.3986,76.9384
3447,flat,sector 67a,ireo the corridors,1.85,9531.17,1941.0,3,4,3,4.0,New Property,1,0,1,0,0,2,150,"28.3960° N, 77.0372° E",28.396,77.0372
3448,flat,sector 102,shapoorji pallonji joyville gurugram,1.26,10039.84,1100.0,2,2,2,10.0,Relatively New,0,0,0,0,0,1,108,"28.4750° N, 76.9715° E",28.475,76.9715
3449,flat,sector 69,tulip white,0.9,6787.33,1473.0,3,2,3,6.0,Relatively New,0,0,0,1,0,1,121,"28.3966° N, 77.0341° E",28.3966,77.0341
3450,flat,sector 71,m3m sky lofts,0.9,13177.16,683.0,1,1,0,6.0,New Property,0,0,0,0,0,1,77,"28.4104° N, 77.0281° E",28.4104,77.0281
3451,flat,sector 15,cghs rail vihar,1.4,10769.23,1444.0,4,3,3,3.0,Old Property,0,0,0,0,0,2,81,"28.4621° N, 77.0464° E",28.4621,77.0464
3452,house,sector 57,ansal florence super,3.75,23148.15,1620.0,3,4,3,2.0,Moderately Old,1,1,1,0,0,2,38,"28.4232° N, 77.0752° E",28.4232,77.0752
3453,flat,sector 65,m3m heights,2.65,18492.67,1433.0,2,2,3,4.0,New Property,1,0,0,0,0,1,38,"28.4030° N, 77.0690° E",28.403,77.069
3454,flat,sector 85,ss,1.18,7168.89,1630.0,2,2,3,4.0,Relatively New,0,0,0,0,0,1,49,"28.4042° N, 76.9513° E",28.4042,76.9513
3455,flat,sector 86,ansal heights 86,1.3,4666.19,2521.0,4,6,2,11.0,New Property,0,1,0,0,1,1,86,"28.3986° N, 76.9384° E",28.3986,76.9384
3456,house,sector 52,ardee city,5.5,20370.37,2700.0,9,9,3+,3.0,Moderately Old,0,1,0,1,1,2,26,"28.4379° N, 77.0785° E",28.4379,77.0785
3457,flat,sector 56,park royal apartment,1.85,9024.39,2278.0,3,4,3,7.0,Old Property,0,1,0,0,0,1,72,"28.4245° N, 77.0991° E",28.4245,77.0991
3458,flat,sector 109,ats tourmaline,2.3,8897.49,2339.0,3,4,3+,10.0,New Property,0,1,0,0,1,1,74,"28.5073° N, 77.0089° E",28.5073,77.0089
3459,flat,sector 83,vatika lifestyle homes,1.04,5698.63,1500.0,3,2,2,2.0,Moderately Old,0,0,0,0,0,1,95,"28.3986° N, 76.9647° E",28.3986,76.9647
3460,flat,sector 102,shapoorji pallonji joyville gurugram,1.4,11666.67,1286.0,2,2,3,0.0,Relatively New,0,0,0,0,0,1,80,"28.4750° N, 76.9715° E",28.475,76.9715
3461,flat,gwal pahari,valley view estate,0.38,6089.74,565.0,1,1,1,11.0,Moderately Old,0,0,0,0,0,1,42,"28.4484° N, 77.0210° E",28.4484,77.021
3462,flat,sector 92,sare crescent parc,0.49,4909.82,1109.0,2,2,2,2.0,Relatively New,0,0,0,0,0,1,96,"28.4079° N, 76.9153° E",28.4079,76.9153
3463,flat,sector 84,alpha corp gurgaonone,2.24,6523.01,3165.0,4,4,3,12.0,Relatively New,0,1,0,0,0,1,20,"28.3979° N, 76.9736° E",28.3979,76.9736
3464,flat,sector 89,smart world gems,1.0,9033.42,1230.0,2,2,2,1.0,Under Construction,1,0,0,0,0,1,38,"28.4253° N, 76.9439° E",28.4253,76.9439
3465,flat,sector 37d,signature global city,1.25,6082.73,2283.0,3,3,3,4.0,Under Construction,0,0,0,0,0,1,16,"28.4478° N, 76.9703° E",28.4478,76.9703
3466,house,sector 56,independent,8.0,9653.67,8286.0,10,10,3+,4.0,Relatively New,1,1,0,1,0,0,107,"28.4245° N, 77.0991° E",28.4245,77.0991
3468,flat,sector 65,emaar mgf emerald floors premier,2.36,14303.03,1493.0,3,3,3,0.0,Relatively New,1,1,0,0,0,2,159,"28.4030° N, 77.0690° E",28.403,77.069
3469,flat,sector 92,dlf garden city floors,1.7,8585.86,1475.0,3,4,2,1.0,Under Construction,0,0,0,0,0,1,63,"28.4079° N, 76.9153° E",28.4079,76.9153
3470,flat,sector 47,unitech uniworld gardens,1.05,10531.59,1108.0,2,2,2,3.0,Relatively New,0,0,0,0,0,2,34,"28.4276° N, 77.0492° E",28.4276,77.0492
3471,flat,sector 93,signature global orchard avenue,0.38,6386.55,661.0,2,2,2,7.0,Relatively New,0,0,0,0,0,1,16,"28.4153° N, 76.9326° E",28.4153,76.9326
3472,flat,sector 107,signature global solera,0.28,5622.49,543.0,2,2,2,14.0,Relatively New,0,0,0,0,0,1,38,"28.5052° N, 76.9729° E",28.5052,76.9729
3474,house,sector 25,independent,13.0,45710.27,2844.0,6,8,3+,2.0,Relatively New,1,1,1,1,0,0,0,"28.4844° N, 77.0860° E",28.4844,77.086
3475,flat,sector 69,tulip violet,1.44,9125.48,1381.0,3,3,2,1.0,Relatively New,0,0,0,1,0,1,174,"28.3966° N, 77.0341° E",28.3966,77.0341
3476,house,sector 28,independent,0.7,8101.85,864.0,2,2,0,2.0,Old Property,0,0,0,0,0,1,7,"28.4728° N, 77.0865° E",28.4728,77.0865
3477,flat,sector 37d,bptp terra,1.5,8282.72,1692.0,3,3,3,17.0,Relatively New,0,0,0,0,1,1,49,"28.4478° N, 76.9703° E",28.4478,76.9703
3478,flat,sector 63,adani brahma samsara vilasa,3.35,16470.01,2034.0,3,3,3+,3.0,New Property,0,0,0,0,0,2,16,"28.3971° N, 77.0867° E",28.3971,77.0867
3479,flat,sector 95,sidhartha ncr one phase,0.46,4646.46,990.0,2,2,0,6.0,New Property,0,0,0,0,0,1,0,"28.4172° N, 76.9081° E",28.4172,76.9081
3480,flat,manesar,sonata group housing gh 24,1.65,5892.86,3111.0,4,3,3,8.0,New Property,0,1,0,0,0,1,20,"28.3515° N, 76.9428° E",28.3515,76.9428
3481,flat,sector 90,dlf regal gardens,1.15,6325.63,1645.0,3,3,3+,18.0,Relatively New,0,0,0,1,0,2,130,"28.4085° N, 76.9369° E",28.4085,76.9369
3482,house,sector 67,ansal api esencia,5.46,24169.99,2259.0,4,5,3+,2.0,Relatively New,1,0,1,1,0,2,103,"28.3859° N, 77.0608° E",28.3859,77.0608
3483,flat,sector 86,microtek greenburg,1.93,8446.39,2068.0,3,4,3,12.0,Relatively New,0,1,0,0,0,1,72,"28.3986° N, 76.9384° E",28.3986,76.9384
3484,flat,sector 80,godrej frontier,1.4,6189.21,1922.0,3,4,2,6.0,Moderately Old,0,1,0,1,0,1,111,"28.3659° N, 76.9557° E",28.3659,76.9557
3485,flat,sector 33,godrej nature plus,1.5,9677.42,1403.0,3,3,3,6.0,Under Construction,1,0,0,0,0,1,72,"28.4420° N, 77.0207° E",28.442,77.0207
3486,flat,sector 33,godrej nature plus,1.67,10503.14,1857.0,3,2,2,18.0,Under Construction,0,0,0,0,0,1,67,"28.4420° N, 77.0207° E",28.442,77.0207
3487,flat,sector 49,orchid petals,4.16,11698.54,3219.0,5,4,3+,14.0,Relatively New,1,1,0,0,0,1,40,"28.4121° N, 77.0480° E",28.4121,77.048
3488,house,sector 25,independent,7.6,38755.74,1961.0,2,9,3,4.0,Relatively New,1,0,1,1,0,2,84,"28.4844° N, 77.0860° E",28.4844,77.086
3489,flat,sector 54,new sathi apartments,1.59,7066.67,2250.0,3,3,3+,3.0,Moderately Old,1,0,0,0,0,2,127,"28.4348° N, 77.1089° E",28.4348,77.1089
3490,flat,sector 86,microtek greenburg,1.3,8754.21,1339.0,2,2,3,10.0,Relatively New,1,0,0,0,0,1,38,"28.3986° N, 76.9384° E",28.3986,76.9384
3491,flat,sector 50,the close north,2.35,11227.9,2000.0,3,3,3,8.0,Moderately Old,0,0,1,0,0,2,149,"28.4178° N, 77.0628° E",28.4178,77.0628
3492,house,sector 28,suncity essel towers,8.95,17900.0,5000.0,5,6,3+,4.0,Moderately Old,0,0,0,0,0,1,0,"28.4728° N, 77.0865° E",28.4728,77.0865
3493,house,sector 45,independent,16.0,35003.28,4500.0,6,7,3+,3.0,Relatively New,1,1,1,1,0,2,105,"28.4466° N, 77.0660° E",28.4466,77.066
3494,flat,sector 89,smart world gems,1.16,10497.74,998.0,3,2,3,1.0,New Property,1,0,0,0,0,1,49,"28.4253° N, 76.9439° E",28.4253,76.9439
3495,flat,sector 49,bestech park view city,2.7,12505.79,2159.0,3,4,3+,6.0,Moderately Old,0,0,0,0,0,1,0,"28.4121° N, 77.0480° E",28.4121,77.048
3496,flat,sector 83,vatika city homes,0.75,5660.38,1199.0,2,2,2,3.0,Relatively New,0,0,0,0,0,2,49,"28.3986° N, 76.9647° E",28.3986,76.9647
3497,house,sector 7,independent,2.25,15625.0,1440.0,3,3,2,2.0,Old Property,0,0,0,0,0,2,27,"28.4644° N, 77.0143° E",28.4644,77.0143
3498,house,sector 50,independent,7.0,32407.41,2160.0,3,2,0,1.0,Moderately Old,0,0,0,0,0,1,0,"28.4178° N, 77.0628° E",28.4178,77.0628
3499,flat,sector 70,tulip ivory,2.0,8333.33,2169.0,4,5,3+,7.0,Moderately Old,0,1,0,0,0,2,174,"28.3968° N, 77.0233° E",28.3968,77.0233
3500,flat,sector 86,ansal heights 86,0.82,6029.41,1300.0,2,2,1,12.0,New Property,0,0,0,0,0,1,49,"28.3986° N, 76.9384° E",28.3986,76.9384
3501,flat,sector 49,satya element one,0.94,14008.94,746.0,1,2,2,2.0,Moderately Old,0,0,0,0,0,1,0,"28.4121° N, 77.0480° E",28.4121,77.048
3502,flat,sector 65,m3m heights,2.1,16653.45,1015.0,2,2,3,8.0,New Property,0,0,0,0,0,1,31,"28.4030° N, 77.0690° E",28.403,77.069
3503,flat,sector 85,godrej air,1.75,9589.04,1825.0,3,3,2,27.0,Relatively New,0,0,0,0,0,1,44,"28.4042° N, 76.9513° E",28.4042,76.9513
3504,flat,sector 81,dlf the ultima,2.2,10461.25,1570.0,3,3,3+,5.0,Relatively New,1,1,0,1,1,0,49,"28.3867° N, 76.9485° E",28.3867,76.9485
3505,flat,sector 81,dlf the ultima,2.25,10553.47,1929.0,3,3,3+,6.0,New Property,0,1,0,0,0,0,168,"28.3867° N, 76.9485° E",28.3867,76.9485
3506,flat,sector 82a,dlf the primus,2.55,11218.65,2273.0,4,4,3+,14.0,Relatively New,0,0,0,0,0,0,44,"28.3858° N, 76.9686° E",28.3858,76.9686
3507,flat,sector 78,raheja revanta,4.75,16885.89,2813.0,3,3,2,31.0,Under Construction,0,1,0,0,0,1,100,"28.3733° N, 76.9729° E",28.3733,76.9729
3508,house,sector 26,independent,20.0,44444.44,4500.0,5,7,3+,3.0,Relatively New,0,1,0,1,0,0,97,"28.4757° N, 77.1032° E",28.4757,77.1032
3509,flat,sector 37c,imperia the esfera,0.99,5500.0,1643.0,3,3,1,10.0,New Property,0,1,0,0,0,1,49,"28.4515° N, 76.9882° E",28.4515,76.9882
3510,flat,sector 37c,corona optus,1.25,8928.57,1563.0,3,3,3,2.0,Relatively New,1,0,0,0,0,1,49,"28.4515° N, 76.9882° E",28.4515,76.9882
3511,flat,sector 82a,dlf the primus,2.85,10936.3,2179.0,4,4,3+,2.0,New Property,0,1,0,0,0,0,174,"28.3858° N, 76.9686° E",28.3858,76.9686
3512,flat,sector 99a,pareena laxmi apartments,0.32,5786.62,502.0,2,2,2,11.0,New Property,0,0,0,0,0,1,66,"28.4561° N, 76.9542° E",28.4561,76.9542
3513,house,sector 12,independent,0.7,4117.65,1700.0,4,4,1,2.0,Moderately Old,0,0,0,0,0,1,0,"28.4723° N, 77.0320° E",28.4723,77.032
3514,flat,sector 69,tulip violet,1.43,8887.51,1455.0,3,3,2,1.0,Relatively New,0,0,0,1,0,1,86,"28.3966° N, 77.0341° E",28.3966,77.0341
3515,flat,sector 43,dlf wellington estate,2.09,14615.38,1294.0,3,3,2,11.0,Old Property,0,0,0,0,0,2,79,"28.4629° N, 77.0772° E",28.4629,77.0772
3516,flat,sector 47,malibu towne,2.4,10000.0,2667.0,3,3,0,0.0,Moderately Old,0,0,0,0,0,2,22,"28.4276° N, 77.0492° E",28.4276,77.0492
3517,house,sector 69,tulip yellow,2.95,16388.89,1800.0,4,3,2,3.0,New Property,0,0,0,1,1,0,111,"28.3966° N, 77.0341° E",28.3966,77.0341
3518,flat,sector 58,ireo the grand arch,4.85,16934.36,3182.0,4,5,3,23.0,Relatively New,1,1,0,1,1,2,49,"28.4200° N, 77.1105° E",28.42,77.1105
3519,house,sector 28,housing board colony,5.5,30555.56,1800.0,4,3,3,2.0,Old Property,0,0,0,1,1,2,22,"28.4728° N, 77.0865° E",28.4728,77.0865
3520,flat,sector 99a,pareena coban residences,1.23,6159.24,1807.0,3,5,3,5.0,Relatively New,0,1,0,0,0,1,99,"28.4561° N, 76.9542° E",28.4561,76.9542
3521,flat,sector 84,pivotal devaan,0.41,7032.59,565.0,2,2,2,10.0,New Property,0,0,0,0,0,2,23,"28.3979° N, 76.9736° E",28.3979,76.9736
3522,flat,sector 109,sbtl caladium,1.6,6286.84,2303.0,3,3,3,9.0,Relatively New,0,1,0,0,0,1,75,"28.5073° N, 77.0089° E",28.5073,77.0089
3523,flat,sector 111,puri diplomatic greens,3.7,12542.37,2650.0,4,5,3+,12.0,Relatively New,0,1,0,0,0,2,158,"28.5238° N, 77.0320° E",28.5238,77.032
3524,flat,sector 110,indiabulls enigma,3.25,9558.82,3077.0,4,4,3,11.0,Relatively New,0,1,0,0,1,1,125,"28.5145° N, 77.0197° E",28.5145,77.0197
3526,house,sector 28,project housing board colony,2.58,17695.47,1458.0,4,2,2,2.0,Relatively New,0,0,0,0,0,1,0,"28.4728° N, 77.0865° E",28.4728,77.0865
3527,flat,sector 68,m3m sierra 68,1.25,10245.9,938.0,2,2,3,4.0,New Property,0,0,0,0,0,1,44,"28.3853° N, 77.0484° E",28.3853,77.0484
3528,flat,sector 92,sare crescent parc,0.71,4933.98,1596.0,3,3,2,6.0,Relatively New,0,0,0,0,0,1,37,"28.4079° N, 76.9153° E",28.4079,76.9153
3529,flat,sector 108,raheja the vedaanta floors,0.7,4521.96,1720.0,2,2,3,1.0,Moderately Old,0,0,0,0,0,2,0,"28.5134° N, 76.9830° E",28.5134,76.983
3530,flat,sector 95,rof ananda,0.37,5745.34,716.0,3,2,1,6.0,Relatively New,0,0,0,1,0,2,72,"28.4172° N, 76.9081° E",28.4172,76.9081
3531,house,sector 109,international city by sobha phase 1,6.0,24691.36,2430.0,4,4,3+,2.0,Relatively New,1,1,1,1,0,1,160,"28.5073° N, 77.0089° E",28.5073,77.0089
3532,flat,sector 95,rof ananda,0.2,5602.24,407.0,1,1,1,2.0,Relatively New,0,0,0,1,0,1,53,"28.4172° N, 76.9081° E",28.4172,76.9081
3533,house,sector 55,independent,3.55,24499.65,1449.0,4,4,3+,2.0,Old Property,0,0,0,0,0,2,27,"28.4281° N, 77.1100° E",28.4281,77.11
3534,flat,sector 72,tata primanti,5.25,15648.29,3000.0,4,4,3+,30.0,New Property,0,1,0,0,0,2,174,"28.4225° N, 77.0211° E",28.4225,77.0211
3535,flat,sector 113,la vida by tata housing,2.4,10825.44,1940.0,3,4,3+,5.0,Relatively New,0,1,0,0,0,1,49,"28.5287° N, 77.0233° E",28.5287,77.0233
3536,flat,sector 37c,piedmont taksila heights,1.05,4792.33,1738.0,3,3,3,7.0,Relatively New,0,0,0,0,0,2,81,"28.4515° N, 76.9882° E",28.4515,76.9882
3537,flat,sector 71,signature andour heights,0.39,9848.48,294.0,1,1,2,1.0,New Property,0,0,0,0,0,1,0,"28.4104° N, 77.0281° E",28.4104,77.0281
3538,house,sector 6,independent,1.25,11574.07,120.0,2,5,1,2.0,New Property,0,0,0,1,0,1,0,"28.4745° N, 77.0262° E",28.4745,77.0262
3539,flat,sector 83,vatika city homes,1.05,8571.43,1468.0,3,3,3,8.0,Moderately Old,0,0,0,1,0,2,103,"28.3986° N, 76.9647° E",28.3986,76.9647
3540,flat,sector 78,umang monsoon breeze,1.1,5055.15,2176.0,3,3,3+,9.0,Old Property,0,1,0,0,0,1,80,"28.3733° N, 76.9729° E",28.3733,76.9729
3542,flat,sector 70,shree vardhman victoria,1.65,8461.54,1527.0,3,5,3,6.0,Relatively New,0,1,0,1,0,1,167,"28.3968° N, 77.0233° E",28.3968,77.0233
3543,flat,sector 92,sare crescent parc royal greens phase 1,0.95,5007.91,1717.0,4,5,3+,4.0,Moderately Old,0,1,0,0,0,1,37,"28.4079° N, 76.9153° E",28.4079,76.9153
3544,flat,sector 33,godrej nature plus,1.2,12000.0,1111.0,2,2,3+,3.0,Under Construction,0,0,0,0,0,1,105,"28.4420° N, 77.0207° E",28.442,77.0207
3545,flat,sector 102,emaar gurgaon greens,1.4,8484.85,1413.0,3,3,3,9.0,Relatively New,0,1,0,0,0,1,49,"28.4750° N, 76.9715° E",28.475,76.9715
3546,flat,sector 63,dhoot time residency,3.0,18270.4,1642.0,3,3,3+,14.0,Relatively New,0,1,0,0,0,2,0,"28.3971° N, 77.0867° E",28.3971,77.0867
3548,flat,sector 90,shree vardhman flora,0.65,4961.83,1225.0,2,2,3,11.0,Relatively New,1,0,0,0,0,2,49,"28.4085° N, 76.9369° E",28.4085,76.9369
3549,flat,sector 91,tarc maceo,1.9,6975.04,2465.0,4,4,3,9.0,Relatively New,0,1,0,0,0,1,120,"28.4014° N, 76.9225° E",28.4014,76.9225
3550,flat,sector 102,shapoorji pallonji joyville gurugram,0.95,10382.51,915.0,2,2,2,14.0,Relatively New,0,0,0,0,0,1,0,"28.4750° N, 76.9715° E",28.475,76.9715
3551,flat,sector 111,m3m the tree of life,2.35,14551.08,1615.0,3,3,3+,5.0,Under Construction,0,0,0,0,0,1,0,"28.5238° N, 77.0320° E",28.5238,77.032
3552,flat,sector 102,conscient heritage max,2.0,9306.65,1900.0,3,4,3+,13.0,Relatively New,1,1,0,0,0,2,174,"28.4750° N, 76.9715° E",28.475,76.9715
3553,flat,sector 111,puri diplomatic greens,3.45,11694.92,2670.0,4,5,3+,9.0,Relatively New,0,1,0,0,0,1,68,"28.5238° N, 77.0320° E",28.5238,77.032
3554,flat,sector 106,paras dews,1.35,7297.3,2100.0,4,4,3+,18.0,Relatively New,0,1,0,1,0,2,174,"28.5007° N, 77.0003° E",28.5007,77.0003
3555,flat,sector 37c,corona optus,1.5,6361.32,2134.0,3,4,3+,14.0,New Property,0,1,0,0,1,1,83,"28.4515° N, 76.9882° E",28.4515,76.9882
3556,house,sector 46,independent,3.55,24499.65,1449.0,5,4,3+,3.0,Moderately Old,0,1,0,0,0,2,73,"28.4374° N, 77.0586° E",28.4374,77.0586
3557,flat,sector 81,vipul lavanya,1.28,7174.89,1982.0,3,3,3,1.0,Moderately Old,0,1,0,1,0,2,49,"28.3867° N, 76.9485° E",28.3867,76.9485
3558,house,sector 109,international city by sobha phase 1,5.85,26422.76,2214.0,4,5,3+,2.0,Relatively New,0,1,0,0,0,2,85,"28.5073° N, 77.0089° E",28.5073,77.0089
3560,flat,sector 90,dlf regal gardens,1.29,7103.52,1817.0,3,3,3+,12.0,Relatively New,0,1,0,0,0,1,152,"28.4085° N, 76.9369° E",28.4085,76.9369
3561,flat,sector 90,dlf new town heights,1.9,6967.36,2512.0,4,4,3+,19.0,Relatively New,0,1,1,0,0,2,174,"28.4085° N, 76.9369° E",28.4085,76.9369
3563,flat,sector 90,dlf new town heights,1.65,6979.7,2139.0,4,4,3+,15.0,Moderately Old,0,1,0,0,0,2,137,"28.4085° N, 76.9369° E",28.4085,76.9369
3564,flat,sector 103,indiabulls centrum park,1.34,7486.03,1560.0,3,3,3+,13.0,Relatively New,1,0,0,0,0,1,93,"28.4949° N, 76.9845° E",28.4949,76.9845
3566,house,sector 109,international city by sobha phase 2,8.48,23555.56,3600.0,4,6,3+,3.0,New Property,1,1,1,1,0,1,153,"28.5073° N, 77.0089° E",28.5073,77.0089
3567,flat,sector 92,sare crescent parc royal greens phase 1,0.5,5000.0,1000.0,2,2,3,2.0,Relatively New,0,0,0,0,0,1,0,"28.4079° N, 76.9153° E",28.4079,76.9153
3568,flat,sector 65,m3m heights,1.9,13991.16,1358.0,2,2,2,40.0,Relatively New,0,0,0,0,0,1,48,"28.4030° N, 77.0690° E",28.403,77.069
3569,flat,sector 106,paras dews,1.4,6000.86,1593.0,3,4,3+,12.0,Under Construction,1,1,0,0,1,1,55,"28.5007° N, 77.0003° E",28.5007,77.0003
3570,flat,sector 77,umang winter hills,1.35,7780.98,1451.0,3,3,3+,7.0,New Property,0,0,1,0,0,2,96,"28.3801° N, 76.9845° E",28.3801,76.9845
3571,flat,sector 49,orchid petals,1.95,9974.42,1633.0,3,3,3,2.0,Old Property,0,0,0,0,0,2,90,"28.4121° N, 77.0480° E",28.4121,77.048
3572,flat,sector 79,mapsko mount ville,1.3,8024.69,1213.0,3,3,3+,1.0,Relatively New,0,0,0,0,0,2,140,"28.3624° N, 76.9787° E",28.3624,76.9787
3573,flat,sector 90,mrg world ultimus,0.5,6983.24,796.0,2,2,2,1.0,Under Construction,0,0,0,0,0,1,21,"28.4085° N, 76.9369° E",28.4085,76.9369
3574,house,sector 105,independent,0.7,5833.33,1200.0,3,2,2,1.0,Moderately Old,0,0,0,0,0,1,0,"28.4952° N, 77.0114° E",28.4952,77.0114
3575,house,sector 14,independent,4.6,20444.44,2250.0,1,1,0,1.0,Old Property,0,0,0,0,0,1,0,"28.4711° N, 77.0454° E",28.4711,77.0454
3577,house,sector 26,dlf city plots,19.0,42054.01,4518.0,6,6,3,2.0,Relatively New,1,1,0,0,0,2,121,"28.4757° N, 77.1032° E",28.4757,77.1032
3578,house,sector 26,independent,18.0,39840.64,4518.0,5,4,3+,4.0,Moderately Old,1,1,1,1,0,2,113,"28.4757° N, 77.1032° E",28.4757,77.1032
3579,house,sector 3,independent,0.6,6000.0,1000.0,1,1,0,1.0,Moderately Old,0,0,0,0,0,1,0,"28.4909° N, 77.0176° E",28.4909,77.0176
3580,flat,sector 82a,vatika inxt floors,0.75,7500.0,1000.0,2,2,2,1.0,Relatively New,0,0,0,0,0,1,0,"28.3858° N, 76.9686° E",28.3858,76.9686
3581,flat,sector 74,m3m skywalk,2.7,13379.58,2018.0,3,3,3,13.0,New Property,0,0,1,0,0,1,92,"28.4158° N, 77.0118° E",28.4158,77.0118
3583,flat,sector 69,tulip violet,1.75,8706.47,1819.0,4,4,2,10.0,Relatively New,0,0,0,0,0,2,109,"28.3966° N, 77.0341° E",28.3966,77.0341
3584,flat,sector 110,mahindra aura,1.4,9655.17,1550.0,3,3,3,10.0,Relatively New,0,0,0,0,0,2,142,"28.5145° N, 77.0197° E",28.5145,77.0197
3585,flat,sector 104,zara aavaas,0.4,7029.88,515.0,2,2,1,14.0,Relatively New,0,0,0,0,0,1,38,"28.4788° N, 76.9960° E",28.4788,76.996
3586,house,sector 39,independent,1.7,17989.42,900.0,2,2,3+,3.0,Moderately Old,0,1,1,0,0,1,45,"28.4434° N, 77.0515° E",28.4434,77.0515
3587,flat,sector 110,mahindra aura,1.8,8814.89,1850.0,3,3,3+,7.0,Relatively New,0,1,0,0,0,2,136,"28.5145° N, 77.0197° E",28.5145,77.0197
3588,flat,sector 92,sare green parc 2,0.61,4837.43,1141.0,3,2,2,6.0,Under Construction,0,0,0,0,1,1,0,"28.4079° N, 76.9153° E",28.4079,76.9153
3589,flat,sector 81,dlf the ultima,2.5,11726.08,2130.0,3,3,2,4.0,Relatively New,0,1,0,0,0,0,82,"28.3867° N, 76.9485° E",28.3867,76.9485
3591,flat,sector 89,tulip petals,1.55,10000.0,1403.0,3,2,3,6.0,Moderately Old,0,0,1,0,0,2,111,"28.4253° N, 76.9439° E",28.4253,76.9439
3592,flat,sector 37d,bptp terra,1.72,7850.3,1983.0,3,3,3+,10.0,Relatively New,0,1,0,0,0,1,31,"28.4478° N, 76.9703° E",28.4478,76.9703
3593,flat,sector 22,ambience creacions,4.3,13915.86,2600.0,3,4,3+,6.0,Relatively New,0,1,0,0,1,0,120,"28.5072° N, 77.0640° E",28.5072,77.064
3595,flat,sector 107,m3m woodshire,1.39,5887.34,2057.0,3,4,3+,6.0,Relatively New,0,1,0,1,0,2,174,"28.5052° N, 76.9729° E",28.5052,76.9729
3596,flat,sector 69,tulip lemon,0.6,10000.0,667.0,2,1,1,12.0,Relatively New,0,0,0,0,0,1,23,"28.3966° N, 77.0341° E",28.3966,77.0341
3599,flat,sector 68,espire south,1.32,9047.29,1460.0,2,2,2,9.0,New Property,0,0,0,0,0,1,0,"28.3853° N, 77.0484° E",28.3853,77.0484
3600,flat,sector 10a,karmyogi apartment,2.3,6466.12,3951.0,6,4,2,6.0,Moderately Old,0,0,0,0,0,1,0,"28.4469° N, 77.0106° E",28.4469,77.0106
3601,house,sector 50,unitech espace,7.42,34351.85,3200.0,4,4,3,2.0,Old Property,0,0,0,0,0,2,88,"28.4178° N, 77.0628° E",28.4178,77.0628
3602,flat,sector 85,godrej air,1.3,14541.39,1130.0,2,2,3,30.0,Under Construction,0,0,0,0,0,1,111,"28.4042° N, 76.9513° E",28.4042,76.9513
3603,flat,sector 33,breeze global heights,0.4,6420.55,623.0,2,2,2,4.0,Under Construction,0,0,0,0,0,1,0,"28.4420° N, 77.0207° E",28.442,77.0207
3605,flat,sector 83,vatika gurgaon,0.87,6987.95,1127.0,2,2,2,3.0,Moderately Old,0,0,0,0,0,1,35,"28.3986° N, 76.9647° E",28.3986,76.9647
3606,flat,sector 11,maruti kunj,0.8,5161.29,1403.0,3,2,0,0.0,Old Property,0,0,0,0,0,1,8,"28.4531° N, 77.0202° E",28.4531,77.0202
3607,flat,sector 37d,ramprastha skyz,1.2,6000.0,1900.0,3,2,1,9.0,Under Construction,0,1,0,0,1,1,53,"28.4478° N, 76.9703° E",28.4478,76.9703
3608,flat,sector 89,greenopolis,0.8,6168.08,1441.0,2,2,2,6.0,Under Construction,0,0,0,0,0,1,44,"28.4253° N, 76.9439° E",28.4253,76.9439
3609,house,sector 28,independent,12.0,42194.09,2844.0,4,5,3+,4.0,Relatively New,0,1,1,1,0,2,60,"28.4728° N, 77.0865° E",28.4728,77.0865
3611,house,sector 11,independent,1.2,4444.44,300.0,7,3,0,3.0,Moderately Old,0,0,0,0,0,1,0,"28.4531° N, 77.0202° E",28.4531,77.0202
3612,flat,sector 61,smart world orchard,1.41,12250.22,1150.0,2,2,2,2.0,Under Construction,1,0,0,0,0,1,76,"28.4050° N, 77.0963° E",28.405,77.0963
3613,flat,sector 84,ss almeria,1.5,7500.0,1849.0,3,3,3,2.0,New Property,0,1,0,0,0,1,108,"28.3979° N, 76.9736° E",28.3979,76.9736
3614,flat,sector 72,tata primanti,3.21,16050.0,2140.0,3,4,3+,15.0,Relatively New,0,1,0,0,0,2,174,"28.4225° N, 77.0211° E",28.4225,77.0211
3617,house,sector 2,independent,5.0,15384.62,3611.0,6,6,2,1.0,Moderately Old,0,0,0,0,0,1,0,"28.5095° N, 77.0320° E",28.5095,77.032
3618,flat,sector 65,m3m golfestate,4.95,15906.17,2816.0,3,3,3,10.0,Relatively New,0,1,0,0,0,2,82,"28.4030° N, 77.0690° E",28.403,77.069
3619,flat,sector 12,krishna appartment,0.35,3500.0,905.0,3,3,1,2.0,Old Property,0,0,0,0,0,1,0,"28.4723° N, 77.0320° E",28.4723,77.032
3621,flat,sector 21,mittal surya vihar,1.4,5833.33,2172.0,5,4,2,2.0,Moderately Old,0,0,0,0,0,1,0,"28.5134° N, 77.0723° E",28.5134,77.0723
3622,flat,sector 104,puri emerald bay,2.6,15160.35,2061.0,3,4,3+,5.0,Relatively New,1,1,0,0,0,1,81,"28.4788° N, 76.9960° E",28.4788,76.996
3623,house,sector 25,nul,15.0,23437.5,6400.0,5,5,3,2.0,Moderately Old,1,1,0,1,0,2,112,"28.4844° N, 77.0860° E",28.4844,77.086
3624,flat,sector 2,bestech park view residency,1.55,8072.92,1738.0,3,4,3+,4.0,Old Property,0,1,0,0,0,1,84,"28.5095° N, 77.0320° E",28.5095,77.032
3625,flat,sector 106,paras dews,1.17,6647.73,1186.0,3,4,3+,12.0,Relatively New,0,1,0,0,0,1,49,"28.5007° N, 77.0003° E",28.5007,77.0003
3626,flat,sector 83,vatika gurgaon,1.19,7437.5,1778.0,3,3,2,10.0,Relatively New,0,1,0,0,0,2,35,"28.3986° N, 76.9647° E",28.3986,76.9647
3627,house,sector 57,independent,3.6,20833.33,1728.0,4,4,2,2.0,Old Property,1,1,1,1,0,1,110,"28.4232° N, 77.0752° E",28.4232,77.0752
3628,house,sector 57,independent,3.15,20348.84,1548.0,5,4,3+,2.0,Moderately Old,0,0,1,0,0,2,60,"28.4232° N, 77.0752° E",28.4232,77.0752
3629,flat,sector 85,ss the leaf,1.2,7317.07,1300.0,2,2,3,6.0,Relatively New,0,0,0,0,0,2,174,"28.4042° N, 76.9513° E",28.4042,76.9513
3630,flat,sector 24,ambience lagoon,4.25,13281.25,3201.0,3,4,3+,3.0,Old Property,0,1,0,1,0,2,143,"28.4939° N, 77.1038° E",28.4939,77.1038
3631,flat,sector 61,puri the aravallis,3.87,17200.0,2250.0,3,4,3+,21.0,Under Construction,0,1,0,0,0,1,58,"28.4050° N, 77.0963° E",28.405,77.0963
3632,flat,sector 107,signature global solera,0.35,6493.51,608.0,2,2,2,8.0,Relatively New,0,0,0,0,0,1,45,"28.5052° N, 76.9729° E",28.5052,76.9729
3633,house,sector 43,independent,5.75,29715.76,1935.0,4,4,2,2.0,Old Property,0,1,1,1,0,1,34,"28.4629° N, 77.0772° E",28.4629,77.0772
3634,flat,sector 61,smart world orchard,1.9,22700.12,1137.0,3,3,3,1.0,New Property,0,0,0,0,0,1,30,"28.4050° N, 77.0963° E",28.405,77.0963
3635,flat,sector 90,dlf new town heights,1.25,6476.68,1929.0,3,3,3+,6.0,Relatively New,0,1,0,1,0,1,136,"28.4085° N, 76.9369° E",28.4085,76.9369
3636,house,sector 13,independent,2.25,6944.44,400.0,10,10,2,1.0,Old Property,0,0,0,0,0,1,0,"28.4757° N, 77.0392° E",28.4757,77.0392
3637,flat,sector 78,umang monsoon breeze,0.75,6053.27,1239.0,2,2,1,5.0,Moderately Old,0,0,0,0,0,1,0,"28.3733° N, 76.9729° E",28.3733,76.9729
3638,house,sector 7,rattan garden,1.3,13499.48,963.0,2,3,2,3.0,Old Property,0,0,0,0,0,1,0,"28.4644° N, 77.0143° E",28.4644,77.0143
3640,house,sector 48,eldeco mansionz,4.75,20299.15,2340.0,7,7,3,2.0,Moderately Old,1,0,0,0,0,2,33,"28.4177° N, 77.0359° E",28.4177,77.0359
3641,flat,sector 85,ss the leaf,1.58,7714.84,2227.0,3,4,3,8.0,Relatively New,0,1,0,0,0,1,159,"28.4042° N, 76.9513° E",28.4042,76.9513
3642,flat,sector 74,m3m skywalk,1.54,10814.61,1200.0,2,2,3+,15.0,Relatively New,0,0,0,0,1,1,137,"28.4158° N, 77.0118° E",28.4158,77.0118
3643,flat,sector 70,shree vardhman victoria,1.6,8205.13,1527.0,3,5,3,6.0,Relatively New,0,1,0,0,0,1,108,"28.3968° N, 77.0233° E",28.3968,77.0233
3644,flat,sector 113,smartworld one dxp,2.0,11074.2,1806.0,3,3,3,12.0,New Property,0,0,0,0,0,1,70,"28.5287° N, 77.0233° E",28.5287,77.0233
3646,flat,sector 85,orris aster court premier,1.25,5896.23,1900.0,3,4,2,5.0,Relatively New,0,1,0,0,0,2,174,"28.4042° N, 76.9513° E",28.4042,76.9513
3647,flat,sector 83,emaar palm gardens,1.4,8139.53,1387.0,3,3,3,2.0,Relatively New,1,1,1,1,0,2,174,"28.3986° N, 76.9647° E",28.3986,76.9647
3648,house,sector 43,sushant lok 1 builder floors,13.0,48148.15,2700.0,3,3,3+,4.0,New Property,0,0,0,1,0,2,7,"28.4629° N, 77.0772° E",28.4629,77.0772
3649,house,sector 7,huda flats,2.3,17037.04,1350.0,5,3,3+,3.0,Old Property,1,1,0,1,0,1,27,"28.4644° N, 77.0143° E",28.4644,77.0143
3650,house,sector 105,independent,0.5,5555.56,100.0,2,2,0,1.0,Moderately Old,0,0,0,0,0,1,0,"28.4952° N, 77.0114° E",28.4952,77.0114
3651,flat,sector 85,orris aster court premier,1.5,5859.38,2017.0,4,5,3+,6.0,New Property,0,1,0,0,0,2,28,"28.4042° N, 76.9513° E",28.4042,76.9513
3652,house,sector 28,independent,1.45,8002.21,1800.0,3,2,1,1.0,Relatively New,0,0,0,0,0,1,0,"28.4728° N, 77.0865° E",28.4728,77.0865
3653,house,sector 13,independent,1.5,11538.46,1300.0,2,7,3,4.0,Moderately Old,0,0,0,0,0,1,0,"28.4757° N, 77.0392° E",28.4757,77.0392
3654,flat,sector 91,tarc maceo,1.75,11118.17,2107.0,4,3,3+,8.0,Relatively New,1,1,1,1,0,1,128,"28.4014° N, 76.9225° E",28.4014,76.9225
3655,flat,sector 109,ats kocoon,2.22,10596.66,1896.0,3,3,3,20.0,Relatively New,0,1,0,0,1,1,79,"28.5073° N, 77.0089° E",28.5073,77.0089
3657,flat,manesar,hsiidc sidco shivalik apartments,0.73,3559.24,1705.0,3,3,3+,2.0,Moderately Old,0,1,0,0,0,1,80,"28.3515° N, 76.9428° E",28.3515,76.9428
3658,flat,sector 61,smart world orchard,2.2,13496.93,1811.0,3,3,2,3.0,Under Construction,0,0,0,0,0,1,16,"28.4050° N, 77.0963° E",28.405,77.0963
3659,house,sector 7,independent,3.85,14649.92,2628.0,4,4,3,3.0,Old Property,0,0,0,0,0,1,27,"28.4644° N, 77.0143° E",28.4644,77.0143
3661,flat,sector 56,rail vihar cghs,1.35,10384.62,1275.0,3,2,2,1.0,Old Property,0,0,0,0,1,1,159,"28.4245° N, 77.0991° E",28.4245,77.0991
3662,flat,sector 102,shapoorji pallonji joyville gurugram,2.12,16960.0,1852.0,3,3,3,9.0,Relatively New,0,0,0,0,0,1,72,"28.4750° N, 76.9715° E",28.475,76.9715
3663,flat,sector 56,the lions cghs,2.1,8750.0,2200.0,3,4,3+,8.0,Old Property,0,0,0,0,1,2,166,"28.4245° N, 77.0991° E",28.4245,77.0991
3664,flat,sector 81,dlf the ultima,2.4,11412.27,1650.0,3,3,3+,12.0,Relatively New,0,1,0,0,0,0,49,"28.3867° N, 76.9485° E",28.3867,76.9485
3666,flat,sector 2,supertech hilltown,0.8,5555.56,1440.0,3,2,3,8.0,Moderately Old,0,0,0,0,0,1,0,"28.5095° N, 77.0320° E",28.5095,77.032
3667,flat,sector 56,the lions cghs,2.05,8541.67,2667.0,4,4,3+,8.0,Moderately Old,0,0,0,0,0,2,49,"28.4245° N, 77.0991° E",28.4245,77.0991
3668,flat,sector 37d,bptp terra,1.55,8558.81,1639.0,3,3,3+,11.0,Relatively New,0,0,0,0,0,1,79,"28.4478° N, 76.9703° E",28.4478,76.9703
3669,flat,sector 83,emaar palm gardens,1.8,9473.68,1549.0,3,3,3,6.0,Relatively New,0,1,0,0,0,2,97,"28.3986° N, 76.9647° E",28.3986,76.9647
3670,flat,sector 69,tulip violet,1.2,8888.89,1222.0,2,3,1,0.0,Relatively New,0,0,0,0,0,1,150,"28.3966° N, 77.0341° E",28.3966,77.0341
3671,flat,sector 92,sare homes,0.95,4871.79,1765.0,4,3,3,13.0,New Property,0,0,0,0,0,1,0,"28.4079° N, 76.9153° E",28.4079,76.9153
3672,flat,sector 81,signature global city 81,0.96,9766.02,1194.0,2,2,2,1.0,Under Construction,0,0,0,0,0,1,49,"28.3867° N, 76.9485° E",28.3867,76.9485
3673,flat,sector 79,mapsko mount ville,1.25,8389.26,1058.0,3,3,3,18.0,Relatively New,1,0,0,0,0,2,102,"28.3624° N, 76.9787° E",28.3624,76.9787
3674,flat,sector 102,shapoorji pallonji joyville gurugram,1.41,10307.02,1238.0,2,2,3,0.0,Relatively New,0,0,0,0,1,1,49,"28.4750° N, 76.9715° E",28.475,76.9715
3675,flat,sector 67,m3m merlin,3.0,14655.59,2047.0,3,3,3+,4.0,Relatively New,0,0,1,0,0,2,174,"28.3859° N, 77.0608° E",28.3859,77.0608
3676,flat,sector 90,dlf regal gardens,1.25,7339.99,1541.0,3,3,3,28.0,Moderately Old,0,1,0,0,0,1,38,"28.4085° N, 76.9369° E",28.4085,76.9369
3677,flat,sector 107,m3m woodshire,0.9,6588.58,1236.0,2,2,3+,10.0,Relatively New,0,0,0,0,1,2,49,"28.5052° N, 76.9729° E",28.5052,76.9729
3678,house,sector 28,independent,10.5,32407.41,3240.0,5,6,3+,3.0,New Property,1,1,0,1,0,2,153,"28.4728° N, 77.0865° E",28.4728,77.0865
3679,flat,sector 104,zara aavaas,0.2,6644.52,334.0,1,2,2,3.0,New Property,0,0,0,0,0,1,67,"28.4788° N, 76.9960° E",28.4788,76.996
3680,flat,sector 86,microtek greenburg,1.25,8445.95,1339.0,2,2,3,13.0,Moderately Old,1,0,0,0,0,1,6,"28.3986° N, 76.9384° E",28.3986,76.9384
3681,flat,sector 86,ansal heights 86,0.78,5735.29,1231.0,2,2,1,8.0,New Property,0,0,0,0,0,1,67,"28.3986° N, 76.9384° E",28.3986,76.9384
3682,house,sector 57,independent,6.21,23000.0,2700.0,6,6,3+,4.0,Old Property,1,1,1,1,0,1,52,"28.4232° N, 77.0752° E",28.4232,77.0752
3683,flat,sector 113,la vida by tata housing,3.05,15561.22,2150.0,3,4,3,3.0,Relatively New,0,1,0,0,0,1,174,"28.5287° N, 77.0233° E",28.5287,77.0233
3684,flat,sector 108,sobha city,2.33,14463.07,1711.0,3,3,3,17.0,Relatively New,0,0,1,0,0,2,159,"28.5134° N, 76.9830° E",28.5134,76.983
3685,flat,sector 68,m3m sierra 68,1.1,8986.93,1150.0,2,2,3,1.0,Relatively New,0,0,0,0,0,2,127,"28.3853° N, 77.0484° E",28.3853,77.0484
3686,house,sector 50,unitech nirvana birch court,7.1,31429.84,2259.0,3,3,3,1.0,Moderately Old,0,1,0,0,0,1,49,"28.4178° N, 77.0628° E",28.4178,77.0628
3687,house,sector 24,dlf pink town house,1.9,3786.37,5018.0,10,9,3+,3.0,Relatively New,0,0,0,0,1,0,29,"28.4939° N, 77.1038° E",28.4939,77.1038
3688,flat,sector 67,ireo victory valley,2.87,11903.77,2095.0,3,3,3+,16.0,Relatively New,0,1,0,0,0,2,174,"28.3859° N, 77.0608° E",28.3859,77.0608
3690,flat,sector 102,adani m2k oyster grande,2.6,10007.7,2351.0,3,3,3,2.0,Relatively New,1,1,1,0,0,1,118,"28.4750° N, 76.9715° E",28.475,76.9715
3691,flat,sector 93,signature global orchard avenue,0.4,7352.94,604.0,2,2,2,11.0,New Property,0,0,0,0,0,1,37,"28.4153° N, 76.9326° E",28.4153,76.9326
3692,house,manesar,independent,2.0,14958.86,1337.4,3,1,0,3.0,Moderately Old,0,0,0,0,0,1,16,"28.3515° N, 76.9428° E",28.3515,76.9428
3693,house,sector 57,independent,7.25,26851.85,2700.0,9,9,3+,2.0,New Property,0,1,0,1,1,2,49,"28.4232° N, 77.0752° E",28.4232,77.0752
3695,house,sector 15,sector 15 part 2 rwa,10.0,22222.22,4518.0,5,5,2,2.0,Old Property,0,0,0,0,0,1,49,"28.4621° N, 77.0464° E",28.4621,77.0464
3696,flat,sector 37d,bptp terra,1.8,8215.43,2025.0,4,3,3,18.0,Relatively New,1,1,0,1,0,1,49,"28.4478° N, 76.9703° E",28.4478,76.9703
3697,flat,sector 33,godrej nature plus,1.35,8231.71,1484.0,3,2,3+,7.0,Under Construction,0,0,0,1,0,1,49,"28.4420° N, 77.0207° E",28.442,77.0207
3698,flat,sector 113,la vida by tata housing,2.78,11346.94,2599.0,3,3,3,3.0,New Property,1,1,0,0,0,1,174,"28.5287° N, 77.0233° E",28.5287,77.0233
3699,house,sector 25,independent,10.0,37037.04,2700.0,5,6,3,3.0,Old Property,0,1,1,0,0,2,64,"28.4844° N, 77.0860° E",28.4844,77.086
3700,flat,sector 113,la vida by tata housing,1.65,10449.65,1420.0,3,2,2,3.0,Relatively New,0,0,0,0,0,1,49,"28.5287° N, 77.0233° E",28.5287,77.0233
3701,flat,sector 89,greenopolis,0.9,4699.74,1910.0,3,3,0,14.0,Under Construction,0,0,0,0,0,1,67,"28.4253° N, 76.9439° E",28.4253,76.9439
3702,flat,sector 56,cghs vidya enclave,1.7,10967.74,1585.0,3,2,3,6.0,Old Property,0,0,1,0,0,1,101,"28.4245° N, 77.0991° E",28.4245,77.0991
3703,flat,sector 37c,imperia the esfera,0.99,5454.55,1400.0,3,5,3+,5.0,Relatively New,0,1,0,0,0,1,49,"28.4515° N, 76.9882° E",28.4515,76.9882
3704,house,sector 103,indiabulls centrum park,3.25,8125.0,4000.0,4,3,3+,20.0,Under Construction,0,0,0,0,0,1,51,"28.4949° N, 76.9845° E",28.4949,76.9845
3705,flat,sector 85,ss the leaf,1.3,10483.87,1491.0,2,2,3+,10.0,Relatively New,0,0,1,0,0,1,148,"28.4042° N, 76.9513° E",28.4042,76.9513
3706,flat,sector 84,ss almeria,1.48,7400.0,1624.0,3,3,2,1.0,New Property,0,1,1,0,0,2,139,"28.3979° N, 76.9736° E",28.3979,76.9736
3707,flat,sector 33,central park flower valley aqua front towers,1.7,9502.52,1619.0,3,3,3,12.0,Under Construction,0,0,0,0,0,1,24,"28.4420° N, 77.0207° E",28.442,77.0207
3708,flat,sector 37c,corona optus,1.25,7175.66,1563.0,3,3,3,2.0,Relatively New,1,0,0,0,0,1,49,"28.4515° N, 76.9882° E",28.4515,76.9882
3709,flat,sector 71,chd avenue,1.25,7171.54,1577.0,3,4,2,7.0,Relatively New,0,1,0,0,0,2,160,"28.4104° N, 77.0281° E",28.4104,77.0281
3711,flat,sector 85,ss the leaf,1.09,6662.59,1475.0,2,2,3,5.0,Relatively New,0,0,0,0,0,1,49,"28.4042° N, 76.9513° E",28.4042,76.9513
3712,flat,sector 95,ramsons kshitij,0.33,3909.95,694.0,2,2,1,14.0,New Property,0,0,0,0,1,2,79,"28.4172° N, 76.9081° E",28.4172,76.9081
3713,flat,sector 92,gls avenue 51,0.39,6074.77,713.0,3,3,3+,6.0,Relatively New,0,0,0,0,0,1,104,"28.4079° N, 76.9153° E",28.4079,76.9153
3715,flat,sector 106,paras dews,1.1,9734.51,1186.0,3,4,3+,8.0,Relatively New,0,1,0,0,0,2,174,"28.5007° N, 77.0003° E",28.5007,77.0003
3716,flat,sector 106,viridian the plaza 106,0.46,6571.43,778.0,1,1,1,18.0,New Property,0,0,0,0,0,1,104,"28.5007° N, 77.0003° E",28.5007,77.0003
3717,house,sector 55,independent,5.6,20740.74,2700.0,6,4,3,3.0,Old Property,0,1,0,0,0,2,41,"28.4281° N, 77.1100° E",28.4281,77.11
3718,flat,sector 70,shree vardhman victoria,1.64,8410.26,1527.0,3,5,3,8.0,Relatively New,0,1,0,0,0,1,126,"28.3968° N, 77.0233° E",28.3968,77.0233
3719,flat,sector 39,milan cghs 9,2.0,8333.33,2400.0,3,3,3+,0.0,Old Property,0,0,0,0,0,1,0,"28.4434° N, 77.0515° E",28.4434,77.0515
3720,flat,sector 76,takshila heights sector 37 c,0.67,5583.33,1086.0,2,2,2,3.0,Relatively New,0,0,0,0,0,1,23,"28.3935° N, 76.9888° E",28.3935,76.9888
3721,flat,sector 62,emaar digihomes,2.1,13925.73,1500.0,2,2,3,12.0,New Property,0,0,0,0,1,2,49,"28.4139° N, 77.0886° E",28.4139,77.0886
3722,house,sector 24,independent,3.25,30373.83,1070.0,4,4,3,3.0,Old Property,0,0,0,0,0,1,15,"28.4939° N, 77.1038° E",28.4939,77.1038
3723,flat,gwal pahari,paras quartier,7.5,14018.69,4842.0,4,4,3+,20.0,New Property,0,1,0,1,1,2,49,"28.4484° N, 77.0210° E",28.4484,77.021
3724,flat,sector 92,bestech park view sanskruti,1.6,7547.17,1765.0,3,3,3,10.0,Relatively New,0,1,0,0,0,2,60,"28.4079° N, 76.9153° E",28.4079,76.9153
3725,flat,sector 86,dlf new town heights,1.4,5942.28,2132.0,4,4,3+,20.0,Relatively New,0,1,0,1,0,1,65,"28.3986° N, 76.9384° E",28.3986,76.9384
3726,flat,sector 37d,ramprastha the edge towers,1.1,5527.64,1990.0,3,3,3,9.0,Relatively New,0,0,0,0,0,1,63,"28.4478° N, 76.9703° E",28.4478,76.9703
3727,flat,sector 71,chd avenue,1.25,6596.31,1577.0,3,4,2,14.0,Relatively New,1,1,0,1,1,0,128,"28.4104° N, 77.0281° E",28.4104,77.0281
3728,flat,sector 62,pioneer urban presidia,7.15,16486.05,3925.0,4,5,3+,7.0,Relatively New,1,1,1,0,0,2,158,"28.4139° N, 77.0886° E",28.4139,77.0886
3729,flat,sector 33,unitech the residences,1.55,9872.61,1421.0,3,4,1,1.0,Relatively New,0,1,0,0,0,1,37,"28.4420° N, 77.0207° E",28.442,77.0207
3730,flat,sector 22,ambience creacions,1.99,15546.88,1285.0,2,2,2,9.0,New Property,0,0,0,0,0,1,49,"28.5072° N, 77.0640° E",28.5072,77.064
3731,house,sector 81,independent,0.89,8127.85,1095.0,1,1,0,1.0,Relatively New,0,0,0,0,0,1,0,"28.3867° N, 76.9485° E",28.3867,76.9485
3732,flat,sector 90,dlf new town heights,1.25,6503.64,1929.0,3,3,3+,5.0,Relatively New,0,1,0,1,0,1,127,"28.4085° N, 76.9369° E",28.4085,76.9369
3733,flat,sector 81,dlf the ultima,2.4,11412.27,1903.0,3,4,3+,19.0,Relatively New,0,1,0,0,0,0,174,"28.3867° N, 76.9485° E",28.3867,76.9485
3734,flat,sector 82a,dlf the primus,1.85,10176.02,1677.0,3,3,3,15.0,Moderately Old,0,0,0,0,1,1,38,"28.3858° N, 76.9686° E",28.3858,76.9686
3737,house,sector 33,unitech uniworld resorts,8.5,17819.71,4770.0,5,5,3+,3.0,New Property,1,1,1,1,0,2,145,"28.4420° N, 77.0207° E",28.442,77.0207
3738,flat,sector 28,sahara grace,5.5,14612.11,3406.0,4,5,3+,5.0,Moderately Old,0,1,0,0,1,2,8,"28.4728° N, 77.0865° E",28.4728,77.0865
3739,flat,sector 82,mapsko casa bella,1.25,6377.55,1774.0,3,4,3+,8.0,Under Construction,0,0,0,0,0,1,54,"28.3935° N, 76.9600° E",28.3935,76.96
3740,flat,sector 95,rof ananda,0.25,6578.95,344.0,1,1,1,4.0,New Property,0,0,0,0,0,1,0,"28.4172° N, 76.9081° E",28.4172,76.9081
3741,flat,sector 72,tata primanti,4.1,13726.15,2308.0,3,3,3,8.0,Moderately Old,0,1,0,0,0,1,38,"28.4225° N, 77.0211° E",28.4225,77.0211
3743,house,sector 2,independent,2.5,16056.52,1557.0,4,4,2,4.0,Old Property,0,0,0,0,0,1,17,"28.5095° N, 77.0320° E",28.5095,77.032
3744,house,sector 52,ardee city,2.25,16071.43,1800.0,3,3,3,4.0,New Property,0,1,0,0,0,2,22,"28.4379° N, 77.0785° E",28.4379,77.0785
3745,house,sector 12,independent,2.75,12342.91,2228.0,6,6,2,2.0,Old Property,0,0,0,0,0,1,0,"28.4723° N, 77.0320° E",28.4723,77.032
3747,flat,sector 95,rof ananda,0.38,5900.62,716.0,3,2,1,2.0,Relatively New,0,0,0,1,0,2,66,"28.4172° N, 76.9081° E",28.4172,76.9081
3748,house,sector 12,independent,1.7,9444.44,200.0,3,3,0,1.0,Old Property,0,0,0,0,0,1,0,"28.4723° N, 77.0320° E",28.4723,77.032
3749,house,sector 4,independent,3.25,14444.44,2250.0,3,3,2,2.0,Old Property,0,0,0,0,0,1,27,"28.4738° N, 77.0107° E",28.4738,77.0107
3750,flat,sector 107,m3m woodshire,0.88,6442.17,1236.0,2,2,3+,3.0,Relatively New,0,0,0,0,0,1,99,"28.5052° N, 76.9729° E",28.5052,76.9729
3752,flat,sector 109,ats tourmaline,1.4,8000.0,1584.0,3,3,3+,12.0,Relatively New,0,0,0,0,1,1,65,"28.5073° N, 77.0089° E",28.5073,77.0089
3753,flat,sector 79,godrej,2.03,9046.35,2031.0,3,4,3+,7.0,Relatively New,0,1,0,0,0,1,118,"28.3624° N, 76.9787° E",28.3624,76.9787
3754,flat,sector 80,elan mercado,0.85,12408.76,761.0,1,1,1,15.0,Relatively New,0,0,0,0,0,1,60,"28.3659° N, 76.9557° E",28.3659,76.9557
3755,flat,sector 62,emaar digihomes,2.15,14257.29,1676.0,2,2,3,31.0,Under Construction,0,0,0,0,0,1,101,"28.4139° N, 77.0886° E",28.4139,77.0886
3756,flat,sector 90,shree vardhman flora,0.75,5769.23,1444.0,2,2,3,8.0,Relatively New,0,0,0,0,0,1,60,"28.4085° N, 76.9369° E",28.4085,76.9369
3757,flat,sector 66,emaar mgf the palm drive,3.0,15384.62,1950.0,3,3,2,12.0,Relatively New,0,1,0,0,0,1,96,"28.3925° N, 77.0541° E",28.3925,77.0541
3758,flat,sector 86,dlf the skycourt,1.6,8294.45,1746.0,3,3,1,14.0,Relatively New,0,0,0,1,0,1,72,"28.3986° N, 76.9384° E",28.3986,76.9384
3759,flat,sector 37d,bptp terra,1.98,9036.97,1983.0,3,3,3+,12.0,New Property,1,0,0,0,0,2,49,"28.4478° N, 76.9703° E",28.4478,76.9703
3761,flat,sector 95,ramsons kshitij,0.3,3157.89,950.0,2,2,1,11.0,New Property,0,0,0,0,0,1,0,"28.4172° N, 76.9081° E",28.4172,76.9081
3762,house,sector 46,independent,2.4,2962.96,900.0,4,4,3,3.0,Moderately Old,0,0,1,0,0,2,44,"28.4374° N, 77.0586° E",28.4374,77.0586
3763,house,sector 26,independent,17.0,37627.27,4518.0,5,5,3+,2.0,Relatively New,1,1,1,1,0,2,124,"28.4757° N, 77.1032° E",28.4757,77.1032
3764,house,sector 39,independent,5.15,14071.04,3660.0,5,5,0,1.0,Relatively New,0,0,0,0,0,1,0,"28.4434° N, 77.0515° E",28.4434,77.0515
3765,flat,sector 37d,ramprastha the edge towers,1.0,5649.72,1602.0,3,3,3+,13.0,Moderately Old,0,0,0,0,0,1,38,"28.4478° N, 76.9703° E",28.4478,76.9703
3766,flat,sector 86,dlf the skycourt,1.59,8242.61,1700.0,3,3,3,17.0,Relatively New,0,0,0,0,1,2,165,"28.3986° N, 76.9384° E",28.3986,76.9384
3768,house,sector 55,independent,4.6,21296.3,2160.0,3,3,3+,2.0,Old Property,0,1,1,1,0,2,37,"28.4281° N, 77.1100° E",28.4281,77.11
3769,house,sector 33,central park flower valley cerise floors,1.35,11157.02,1210.0,2,2,2,4.0,New Property,1,0,0,0,0,0,107,"28.4420° N, 77.0207° E",28.442,77.0207
3770,flat,sector 70,krrish florence estate,1.25,6702.41,1688.0,3,3,3,18.0,Under Construction,0,0,0,0,0,1,51,"28.3968° N, 77.0233° E",28.3968,77.0233
3771,flat,sector 79,supertech araville,1.45,7455.01,2161.0,3,3,3,3.0,Relatively New,0,0,0,0,0,1,0,"28.3624° N, 76.9787° E",28.3624,76.9787
3772,flat,sector 22,ambience creacions,4.1,28101.44,2069.0,3,3,3+,2.0,New Property,0,0,0,0,0,0,119,"28.5072° N, 77.0640° E",28.5072,77.064
3773,flat,sector 102,shapoorji pallonji joyville gurugram,2.5,13997.76,1653.0,3,3,3,15.0,Under Construction,0,0,0,0,0,1,151,"28.4750° N, 76.9715° E",28.475,76.9715
3774,flat,sector 69,tulip violet,1.46,9252.22,1428.0,3,3,2,0.0,Relatively New,0,0,0,1,0,2,174,"28.3966° N, 77.0341° E",28.3966,77.0341
3775,flat,sector 108,experion the heartsong,0.93,6078.43,1161.0,2,3,3,10.0,Relatively New,0,0,0,0,0,1,81,"28.5134° N, 76.9830° E",28.5134,76.983
3776,flat,sector 7,"m m residency, krishna colony, gurgaon",0.54,5888.77,1000.0,2,2,1,3.0,Relatively New,0,0,0,0,0,1,70,"28.4644° N, 77.0143° E",28.4644,77.0143
3777,flat,sector 86,pyramid urban homes 2,0.44,7321.13,668.0,2,2,2,6.0,Relatively New,0,0,0,0,0,2,63,"28.3986° N, 76.9384° E",28.3986,76.9384
3778,flat,sector 83,vatika lifestyle homes,1.05,5982.91,1588.0,3,3,2,14.0,Relatively New,1,1,1,1,0,2,174,"28.3986° N, 76.9647° E",28.3986,76.9647
3779,flat,sector 104,ats triumph,1.85,8078.6,2072.0,3,3,3+,24.0,Relatively New,0,1,0,0,0,1,174,"28.4788° N, 76.9960° E",28.4788,76.996
3780,house,sector 48,vipul tatvam villa,8.4,21000.0,4000.0,4,5,3+,2.0,Moderately Old,1,1,0,1,0,2,49,"28.4177° N, 77.0359° E",28.4177,77.0359
3781,flat,sector 66,emaar mgf palm terraces select,3.4,14107.88,2210.0,4,4,3+,2.0,Relatively New,0,1,0,0,0,2,157,"28.3925° N, 77.0541° E",28.3925,77.0541
3782,flat,sector 81,dlf the ultima,3.5,11686.14,2577.0,4,5,3+,7.0,Relatively New,0,1,0,0,0,0,174,"28.3867° N, 76.9485° E",28.3867,76.9485
3783,flat,sector 28,dlf regency park,2.35,13224.54,1700.0,3,4,3,8.0,Old Property,0,1,0,0,0,2,109,"28.4728° N, 77.0865° E",28.4728,77.0865
3784,flat,sector 69,tulip violet,1.38,8966.86,1392.0,3,3,1,12.0,Relatively New,0,0,0,1,0,1,86,"28.3966° N, 77.0341° E",28.3966,77.0341
3785,flat,sector 92,sare crescent parc,0.5,5000.0,905.0,2,2,3,2.0,Moderately Old,0,0,0,0,0,1,38,"28.4079° N, 76.9153° E",28.4079,76.9153
3786,house,sector 49,independent,4.5,15625.0,2880.0,8,8,3,3.0,Moderately Old,1,1,1,1,0,0,151,"28.4121° N, 77.0480° E",28.4121,77.048
3787,flat,sector 95,siddhartha apartment,1.1,4327.3,2824.0,4,3,3,9.0,Relatively New,0,1,0,0,1,1,22,"28.4172° N, 76.9081° E",28.4172,76.9081
3788,flat,sector 69,tulip lemon,0.6,11406.84,584.0,2,1,1,11.0,Relatively New,0,0,0,0,0,1,0,"28.3966° N, 77.0341° E",28.3966,77.0341
3790,flat,sector 81,dlf the ultima,3.25,11805.3,2491.0,4,4,3+,11.0,Moderately Old,0,1,0,0,0,1,28,"28.3867° N, 76.9485° E",28.3867,76.9485
3791,flat,sector 108,raheja vedaanta,0.7,4651.16,1362.0,2,2,2,12.0,Moderately Old,0,0,0,0,0,1,72,"28.5134° N, 76.9830° E",28.5134,76.983
3792,flat,sector 85,ss the leaf,1.2,12371.13,1190.0,2,2,2,4.0,Relatively New,0,1,1,0,0,1,81,"28.4042° N, 76.9513° E",28.4042,76.9513
3793,flat,sector 109,raheja atharva,2.2,9490.94,2576.0,3,3,2,7.0,Moderately Old,0,1,0,0,0,2,111,"28.5073° N, 77.0089° E",28.5073,77.0089
3795,flat,sector 95,rof ananda,0.38,5900.62,716.0,2,2,2,5.0,Relatively New,1,0,0,0,0,1,83,"28.4172° N, 76.9081° E",28.4172,76.9081
3796,house,sector 3,independent,0.9,8928.57,1008.0,3,1,0,1.0,Moderately Old,0,0,0,0,0,1,0,"28.4909° N, 77.0176° E",28.4909,77.0176
3797,flat,sector 83,emaar palm gardens,1.72,9052.63,1600.0,3,3,3,4.0,Relatively New,0,1,0,0,0,2,165,"28.3986° N, 76.9647° E",28.3986,76.9647
3798,flat,sector 37c,imperia the esfera,0.99,5454.55,1660.0,3,4,3,9.0,Relatively New,0,1,0,0,0,1,49,"28.4515° N, 76.9882° E",28.4515,76.9882
3799,flat,sector 104,godrej summit,1.2,8298.76,1607.0,3,2,3+,16.0,Relatively New,1,0,0,1,0,2,142,"28.4788° N, 76.9960° E",28.4788,76.996
3800,flat,sector 63,adani brahma samsara vilasa,4.49,14253.97,3150.0,4,4,3+,3.0,New Property,0,0,0,0,0,2,96,"28.3971° N, 77.0867° E",28.3971,77.0867
3802,flat,sector 85,ss the leaf,1.07,6524.39,1484.0,2,2,3,21.0,Relatively New,0,0,0,1,0,1,67,"28.4042° N, 76.9513° E",28.4042,76.9513
